record_id,date,year_be,month,season,station_id,station_type,tambon,pH,temp_c,EC_uS_cm,DO_mg_L,BOD_mg_L,COD_mg_L,NH3_mg_L,NO3_mg_L,TP_mg_L,TCB_MPN_100mL,FCB_MPN_100mL,WQI_al_score,WQI_al_class
1,2025-06-24,2568,6,ฤดูฝน,BNH01,ลำห้วย (Tributary),ธาตุนาเวง,6.83,29.0,348.0,4.17,6.19,21.3,1.362,3.362,2.349,18433,6423,47.8,C (พอใช้)
2,2025-05-25,2568,5,ฤดูแล้ง,NHK02,หนองหาร (Lake),ธาตุนาเวง,7.57,30.1,253.0,4.8,3.75,11.8,1.177,1.905,1.428,16187,6871,61.1,B (ดี)
3,2025-08-06,2568,8,ฤดูฝน,BNH06,ลำห้วย (Tributary),เหล่าปอแดง,6.85,32.8,344.0,6.43,2.21,5.9,0.409,2.086,1.142,5936,2276,73.6,B (ดี)
4,2024-07-24,2567,7,ฤดูฝน,NHK10,หนองหาร (Lake),งิ้วด่อน,6.98,32.9,150.0,8.74,0.3,4.0,0.036,0.681,0.373,11485,6724,94.5,A (ดีมาก)
5,2024-09-30,2567,9,ฤดูฝน,BNH07,ลำห้วย (Tributary),งิ้วด่อน,7.1,30.6,301.0,4.81,4.97,31.5,0.442,2.191,1.158,9603,4873,65.8,B (ดี)
6,2025-06-18,2568,6,ฤดูฝน,NHK02,หนองหาร (Lake),ธาตุนาเวง,6.62,31.2,217.0,6.05,4.85,22.7,0.962,2.157,1.94,32236,10949,64.5,B (ดี)
7,2024-02-27,2567,2,ฤดูแล้ง,NHK06,หนองหาร (Lake),บ้านแป้น,7.56,25.5,219.0,6.9,1.24,4.3,0.146,1.481,0.404,3022,1492,82.9,A (ดีมาก)
8,2024-06-01,2567,6,ฤดูฝน,NHK02,หนองหาร (Lake),ธาตุนาเวง,7.11,32.6,261.0,6.14,4.11,19.8,0.811,2.694,1.733,44190,14911,65.0,B (ดี)
9,2025-12-22,2568,12,ฤดูแล้ง,NHK10,หนองหาร (Lake),งิ้วด่อน,7.22,24.3,260.0,6.29,2.43,19.5,0.115,0.618,0.211,5549,2067,84.2,A (ดีมาก)
10,2024-05-15,2567,5,ฤดูแล้ง,NHK01,หนองหาร (Lake),เมืองสกลนคร,6.87,29.2,194.0,6.58,2.2,14.3,0.304,0.701,0.529,2689,671,82.5,A (ดีมาก)
11,2024-01-19,2567,1,ฤดูแล้ง,NHK03,หนองหาร (Lake),ฮางโฮง,7.91,26.9,238.0,7.27,0.85,9.4,0.534,0.664,0.249,10381,3556,85.8,A (ดีมาก)
12,2025-01-27,2568,1,ฤดูแล้ง,BNH03,ลำห้วย (Tributary),ท่าแร่,6.63,26.1,416.0,2.0,6.94,22.9,1.58,3.146,2.191,38688,8389,38.4,D (เสื่อมโทรม)
13,2025-05-31,2568,5,ฤดูแล้ง,BNH08,ลำห้วย (Tributary),เมืองสกลนคร,6.73,30.3,390.0,2.5,7.22,29.6,1.554,3.506,2.941,93475,23360,35.8,D (เสื่อมโทรม)
14,2024-06-22,2567,6,ฤดูฝน,BNH07,ลำห้วย (Tributary),งิ้วด่อน,7.15,31.3,260.0,7.02,2.31,5.8,0.453,2.669,1.702,19405,7742,71.2,B (ดี)
15,2024-08-05,2567,8,ฤดูฝน,NHK10,หนองหาร (Lake),งิ้วด่อน,7.27,32.2,194.0,6.77,0.3,4.0,0.01,0.83,0.752,12912,5945,83.5,A (ดีมาก)
16,2025-05-28,2568,5,ฤดูแล้ง,BNH02,ลำห้วย (Tributary),เชียงเครือ,7.35,27.8,378.0,3.93,5.08,20.4,0.642,2.045,1.705,5416,2364,58.5,C (พอใช้)
17,2025-12-27,2568,12,ฤดูแล้ง,NHK05,หนองหาร (Lake),ท่าแร่,7.22,26.3,246.0,9.0,0.3,4.0,0.244,1.12,0.194,5506,1334,93.9,A (ดีมาก)
18,2025-05-22,2568,5,ฤดูแล้ง,BNH01,ลำห้วย (Tributary),ธาตุนาเวง,6.82,28.2,419.0,2.89,8.21,39.8,1.773,3.476,2.163,29699,15985,40.3,C (พอใช้)
19,2025-04-11,2568,4,ฤดูแล้ง,NHK06,หนองหาร (Lake),บ้านแป้น,7.59,25.7,249.0,7.01,1.63,10.3,0.112,0.991,0.324,2413,832,85.6,A (ดีมาก)
20,2024-06-15,2567,6,ฤดูฝน,NHK10,หนองหาร (Lake),งิ้วด่อน,7.45,28.6,333.0,8.46,1.01,6.0,0.01,1.422,0.229,2264,554,91.6,A (ดีมาก)
21,2024-03-23,2567,3,ฤดูแล้ง,NHK05,หนองหาร (Lake),ท่าแร่,6.4,26.8,208.0,8.85,3.28,20.5,0.176,0.825,0.223,5797,1246,94.5,A (ดีมาก)
22,2024-05-01,2567,5,ฤดูแล้ง,NHK09,หนองหาร (Lake),เหล่าปอแดง,7.11,29.4,240.0,6.57,1.11,4.0,0.231,0.739,0.498,18925,8688,82.9,A (ดีมาก)
23,2024-10-13,2567,10,ฤดูฝน,BNH07,ลำห้วย (Tributary),งิ้วด่อน,7.43,26.8,299.0,6.75,3.09,16.5,0.635,1.948,1.105,8722,3962,74.4,B (ดี)
24,2024-10-10,2567,10,ฤดูฝน,BNH05,ลำห้วย (Tributary),ม่วงลาย,7.43,26.8,298.0,5.41,1.3,12.7,0.522,2.104,1.303,10418,4404,67.5,B (ดี)
25,2025-05-30,2568,5,ฤดูแล้ง,NHK01,หนองหาร (Lake),เมืองสกลนคร,7.81,28.6,233.0,6.27,0.3,7.4,0.229,1.595,0.638,4233,2105,78.1,B (ดี)
26,2025-08-01,2568,8,ฤดูฝน,NHK02,หนองหาร (Lake),ธาตุนาเวง,7.52,29.8,323.0,5.23,2.77,11.9,0.943,1.89,1.298,2732,1610,65.1,B (ดี)
27,2025-06-03,2568,6,ฤดูฝน,BNH01,ลำห้วย (Tributary),ธาตุนาเวง,6.87,26.9,455.0,3.35,6.05,34.7,1.471,3.273,2.229,90818,49920,44.4,C (พอใช้)
28,2024-11-10,2567,11,ฤดูแล้ง,NHK02,หนองหาร (Lake),ธาตุนาเวง,7.32,26.8,294.0,4.05,4.98,17.6,1.098,1.863,1.432,5886,1633,58.4,C (พอใช้)
29,2024-11-02,2567,11,ฤดูแล้ง,BNH03,ลำห้วย (Tributary),ท่าแร่,7.29,26.0,368.0,4.12,6.94,28.7,1.533,3.231,2.723,79971,19101,45.2,C (พอใช้)
30,2024-01-03,2567,1,ฤดูแล้ง,BNH06,ลำห้วย (Tributary),เหล่าปอแดง,7.67,25.4,225.0,6.54,3.78,21.2,0.67,1.949,1.099,14216,4233,73.3,B (ดี)
31,2024-11-10,2567,11,ฤดูแล้ง,NHK10,หนองหาร (Lake),งิ้วด่อน,7.51,25.5,156.0,7.25,0.44,4.0,0.224,0.666,0.187,4954,2900,87.8,A (ดีมาก)
32,2024-05-23,2567,5,ฤดูแล้ง,NHK01,หนองหาร (Lake),เมืองสกลนคร,7.17,29.9,283.0,7.09,0.36,4.0,0.106,0.653,0.153,5619,2160,88.0,A (ดีมาก)
33,2024-09-12,2567,9,ฤดูฝน,BNH02,ลำห้วย (Tributary),เชียงเครือ,7.05,31.8,286.0,5.16,3.46,8.5,0.554,1.978,1.952,7464,1761,63.4,B (ดี)
34,2024-03-04,2567,3,ฤดูแล้ง,BNH07,ลำห้วย (Tributary),งิ้วด่อน,7.07,27.9,408.0,4.24,3.41,19.0,0.714,1.921,1.256,6448,3308,62.1,B (ดี)
35,2025-05-20,2568,5,ฤดูแล้ง,NHK05,หนองหาร (Lake),ท่าแร่,7.14,30.3,205.0,6.6,2.22,6.4,0.749,0.618,0.209,1986,917,81.9,A (ดีมาก)
36,2025-08-17,2568,8,ฤดูฝน,NHK05,หนองหาร (Lake),ท่าแร่,7.06,31.8,249.0,8.15,0.94,4.0,0.141,1.335,0.978,3458,1818,86.1,A (ดีมาก)
37,2024-10-04,2567,10,ฤดูฝน,NHK06,หนองหาร (Lake),บ้านแป้น,6.84,26.9,239.0,7.97,0.35,6.5,0.01,1.639,0.256,11554,5429,88.6,A (ดีมาก)
38,2025-11-04,2568,11,ฤดูแล้ง,NHK02,หนองหาร (Lake),ธาตุนาเวง,7.21,24.7,354.0,3.84,4.39,18.7,1.031,2.522,2.906,7061,3410,48.2,C (พอใช้)
39,2024-08-09,2567,8,ฤดูฝน,NHK08,หนองหาร (Lake),นาตงวัฒนา,7.68,28.5,280.0,8.63,0.3,4.0,0.319,1.49,0.188,3154,1578,90.6,A (ดีมาก)
40,2025-02-28,2568,2,ฤดูแล้ง,BNH04,ลำห้วย (Tributary),นาแก้ว,6.75,26.6,472.0,2.4,5.15,17.9,1.557,3.973,2.24,88055,44599,37.3,D (เสื่อมโทรม)
41,2025-09-01,2568,9,ฤดูฝน,BNH04,ลำห้วย (Tributary),นาแก้ว,7.35,30.2,381.0,3.47,5.83,25.8,1.376,3.279,2.555,31657,10264,43.9,C (พอใช้)
42,2025-07-11,2568,7,ฤดูฝน,NHK03,หนองหาร (Lake),ฮางโฮง,7.21,31.9,268.0,7.71,1.08,4.0,0.01,1.263,0.169,4142,1339,89.2,A (ดีมาก)
43,2025-03-31,2568,3,ฤดูแล้ง,NHK03,หนองหาร (Lake),ฮางโฮง,7.29,25.6,202.0,6.81,0.88,4.0,0.109,0.955,0.156,12157,3219,85.7,A (ดีมาก)
44,2025-04-19,2568,4,ฤดูแล้ง,NHK04,หนองหาร (Lake),เชียงเครือ,7.04,29.1,222.0,7.24,0.3,4.0,0.111,0.948,0.245,2072,945,87.2,A (ดีมาก)
45,2024-02-29,2567,2,ฤดูแล้ง,BNH06,ลำห้วย (Tributary),เหล่าปอแดง,7.09,29.0,336.0,5.09,3.44,21.5,0.83,2.051,1.131,6186,2246,65.4,B (ดี)
46,2024-12-28,2567,12,ฤดูแล้ง,NHK03,หนองหาร (Lake),ฮางโฮง,7.24,25.5,249.0,6.88,1.1,7.6,0.312,0.913,0.857,9622,4845,81.5,A (ดีมาก)
47,2024-05-05,2567,5,ฤดูแล้ง,BNH01,ลำห้วย (Tributary),ธาตุนาเวง,7.03,30.9,385.0,3.04,6.65,27.5,1.748,3.152,2.223,80821,43957,41.9,C (พอใช้)
48,2025-03-06,2568,3,ฤดูแล้ง,NHK10,หนองหาร (Lake),งิ้วด่อน,6.94,27.6,234.0,8.12,1.59,9.6,0.285,1.63,0.152,5985,2437,88.3,A (ดีมาก)
49,2025-12-14,2568,12,ฤดูแล้ง,BNH01,ลำห้วย (Tributary),ธาตุนาเวง,6.98,23.0,410.0,2.12,6.89,34.2,1.662,4.154,2.162,25483,10682,35.3,D (เสื่อมโทรม)
50,2024-05-14,2567,5,ฤดูแล้ง,BNH01,ลำห้วย (Tributary),ธาตุนาเวง,7.2,30.1,403.0,3.39,8.18,26.4,1.521,3.717,2.305,122609,73514,42.5,C (พอใช้)
51,2025-04-29,2568,4,ฤดูแล้ง,NHK09,หนองหาร (Lake),เหล่าปอแดง,7.4,28.7,267.0,7.1,1.78,12.6,0.152,1.668,0.494,4740,2560,82.7,A (ดีมาก)
52,2024-04-07,2567,4,ฤดูแล้ง,BNH08,ลำห้วย (Tributary),เมืองสกลนคร,7.02,27.2,385.0,2.95,8.13,27.7,1.545,3.282,2.233,25562,8332,42.2,C (พอใช้)
53,2024-05-24,2567,5,ฤดูแล้ง,BNH03,ลำห้วย (Tributary),ท่าแร่,7.02,29.7,411.0,3.55,6.33,26.4,1.584,3.117,2.617,30395,11003,43.2,C (พอใช้)
54,2024-05-17,2567,5,ฤดูแล้ง,NHK01,หนองหาร (Lake),เมืองสกลนคร,6.87,29.0,252.0,6.59,2.04,11.8,0.24,0.94,0.29,3945,1829,83.4,A (ดีมาก)
55,2024-11-28,2567,11,ฤดูแล้ง,NHK10,หนองหาร (Lake),งิ้วด่อน,7.2,26.9,287.0,5.36,2.44,7.4,0.138,0.824,0.333,5801,1857,78.6,B (ดี)
56,2024-10-10,2567,10,ฤดูฝน,BNH03,ลำห้วย (Tributary),ท่าแร่,6.87,27.2,420.0,2.99,5.68,21.3,1.311,3.355,2.355,55901,11795,42.8,C (พอใช้)
57,2025-03-20,2568,3,ฤดูแล้ง,NHK04,หนองหาร (Lake),เชียงเครือ,6.85,26.6,228.0,7.58,2.37,11.3,0.117,0.682,0.313,1825,481,89.2,A (ดีมาก)
58,2024-03-30,2567,3,ฤดูแล้ง,NHK02,หนองหาร (Lake),ธาตุนาเวง,6.82,27.8,307.0,4.68,5.37,20.9,1.044,1.875,1.417,8555,2635,61.5,B (ดี)
59,2024-10-12,2567,10,ฤดูฝน,NHK10,หนองหาร (Lake),งิ้วด่อน,7.49,28.3,197.0,8.28,0.3,4.0,0.117,0.642,0.479,2388,1089,91.6,A (ดีมาก)
60,2024-12-22,2567,12,ฤดูแล้ง,NHK05,หนองหาร (Lake),ท่าแร่,7.85,26.6,228.0,6.25,1.93,8.8,0.14,1.439,0.158,14143,3558,81.4,A (ดีมาก)
61,2025-01-31,2568,1,ฤดูแล้ง,NHK08,หนองหาร (Lake),นาตงวัฒนา,6.79,26.5,297.0,6.01,0.3,4.0,0.252,0.838,1.324,13070,3067,75.9,B (ดี)
62,2025-08-02,2568,8,ฤดูฝน,NHK01,หนองหาร (Lake),เมืองสกลนคร,6.83,31.6,149.0,6.82,0.69,4.0,0.01,0.604,0.475,3684,1105,85.9,A (ดีมาก)
63,2025-04-18,2568,4,ฤดูแล้ง,NHK06,หนองหาร (Lake),บ้านแป้น,6.7,28.5,277.0,6.49,1.18,13.7,0.129,0.673,0.489,6265,2087,83.4,A (ดีมาก)
64,2024-02-11,2567,2,ฤดูแล้ง,NHK04,หนองหาร (Lake),เชียงเครือ,7.4,23.5,231.0,6.38,4.47,13.7,0.343,0.647,0.185,6566,2694,83.3,A (ดีมาก)
65,2025-12-08,2568,12,ฤดูแล้ง,BNH02,ลำห้วย (Tributary),เชียงเครือ,7.76,25.0,305.0,3.16,4.78,5.7,0.744,2.39,1.314,13480,4475,55.3,C (พอใช้)
66,2025-01-23,2568,1,ฤดูแล้ง,BNH05,ลำห้วย (Tributary),ม่วงลาย,7.94,26.4,357.0,5.84,5.55,23.5,1.009,2.067,1.735,43614,16232,64.6,B (ดี)
67,2025-12-03,2568,12,ฤดูแล้ง,BNH07,ลำห้วย (Tributary),งิ้วด่อน,8.0,24.4,299.0,5.85,4.28,20.0,0.636,1.95,1.945,18365,6273,66.1,B (ดี)
68,2024-01-12,2567,1,ฤดูแล้ง,NHK09,หนองหาร (Lake),เหล่าปอแดง,7.01,25.3,267.0,8.09,1.55,4.0,0.118,0.714,0.622,3082,877,89.8,A (ดีมาก)
69,2025-12-08,2568,12,ฤดูแล้ง,NHK10,หนองหาร (Lake),งิ้วด่อน,6.51,24.4,241.0,5.82,1.39,9.8,0.208,1.625,0.173,4534,1381,78.4,B (ดี)
70,2025-06-10,2568,6,ฤดูฝน,BNH07,ลำห้วย (Tributary),งิ้วด่อน,7.19,30.2,379.0,5.79,2.93,14.4,0.918,2.533,1.6,8587,2519,64.0,B (ดี)
71,2025-07-29,2568,7,ฤดูฝน,NHK08,หนองหาร (Lake),นาตงวัฒนา,7.05,31.4,149.0,7.07,0.3,4.0,0.448,0.865,0.441,13094,7833,83.8,A (ดีมาก)
72,2024-03-31,2567,3,ฤดูแล้ง,NHK07,หนองหาร (Lake),บ้านแป้น,7.14,27.7,296.0,7.5,2.77,4.6,0.291,1.942,0.424,5874,2785,83.1,A (ดีมาก)
73,2024-04-16,2567,4,ฤดูแล้ง,BNH06,ลำห้วย (Tributary),เหล่าปอแดง,8.0,28.6,254.0,4.58,3.11,4.0,0.902,2.019,1.097,7155,3433,63.0,B (ดี)
74,2025-11-30,2568,11,ฤดูแล้ง,NHK02,หนองหาร (Lake),ธาตุนาเวง,7.0,25.8,260.0,4.78,3.84,16.5,1.321,1.876,1.265,16576,5180,61.1,B (ดี)
75,2025-02-24,2568,2,ฤดูแล้ง,NHK07,หนองหาร (Lake),บ้านแป้น,7.3,25.1,239.0,6.66,2.41,9.3,0.124,0.896,0.184,5974,2734,85.0,A (ดีมาก)
76,2024-06-07,2567,6,ฤดูฝน,BNH06,ลำห้วย (Tributary),เหล่าปอแดง,7.88,30.6,313.0,5.55,2.62,10.3,0.885,2.226,1.601,33440,7448,64.2,B (ดี)
77,2025-07-11,2568,7,ฤดูฝน,NHK06,หนองหาร (Lake),บ้านแป้น,7.65,33.3,170.0,7.62,0.64,14.6,0.01,1.938,0.299,2066,648,85.9,A (ดีมาก)
78,2025-11-12,2568,11,ฤดูแล้ง,NHK01,หนองหาร (Lake),เมืองสกลนคร,7.01,25.2,242.0,6.65,2.25,14.4,0.176,1.206,0.321,14082,5750,82.9,A (ดีมาก)
79,2025-11-02,2568,11,ฤดูแล้ง,BNH08,ลำห้วย (Tributary),เมืองสกลนคร,7.64,25.5,377.0,2.29,8.52,38.5,1.615,4.32,2.384,24892,9501,34.6,D (เสื่อมโทรม)
80,2025-07-21,2568,7,ฤดูฝน,BNH04,ลำห้วย (Tributary),นาแก้ว,7.25,29.8,338.0,4.86,7.27,24.5,1.301,3.563,2.294,46596,18399,50.8,C (พอใช้)
81,2025-11-29,2568,11,ฤดูแล้ง,NHK10,หนองหาร (Lake),งิ้วด่อน,7.02,27.0,193.0,6.87,0.81,4.0,0.156,0.977,0.524,1654,878,83.8,A (ดีมาก)
82,2024-05-31,2567,5,ฤดูแล้ง,BNH08,ลำห้วย (Tributary),เมืองสกลนคร,7.28,29.6,331.0,3.27,6.87,32.6,1.672,3.522,2.311,54473,26968,41.7,C (พอใช้)
83,2025-08-29,2568,8,ฤดูฝน,BNH05,ลำห้วย (Tributary),ม่วงลาย,7.66,32.1,320.0,6.13,3.06,9.3,0.578,1.972,1.246,60528,13561,71.1,B (ดี)
84,2025-01-03,2568,1,ฤดูแล้ง,BNH01,ลำห้วย (Tributary),ธาตุนาเวง,7.0,26.0,334.0,3.42,6.54,24.2,1.576,3.636,2.191,18284,5654,43.1,C (พอใช้)
85,2025-08-29,2568,8,ฤดูฝน,BNH08,ลำห้วย (Tributary),เมืองสกลนคร,6.93,31.7,316.0,4.46,6.41,18.4,1.361,4.309,2.459,171529,40610,45.4,C (พอใช้)
86,2025-10-13,2568,10,ฤดูฝน,NHK09,หนองหาร (Lake),เหล่าปอแดง,7.67,28.6,228.0,7.06,1.22,14.2,0.026,1.478,0.328,12706,3489,84.7,A (ดีมาก)
87,2025-11-25,2568,11,ฤดูแล้ง,NHK08,หนองหาร (Lake),นาตงวัฒนา,6.92,27.8,283.0,6.46,0.63,4.0,0.151,1.202,0.46,1689,581,81.5,A (ดีมาก)
88,2025-08-07,2568,8,ฤดูฝน,NHK04,หนองหาร (Lake),เชียงเครือ,7.41,31.3,171.0,7.42,0.3,4.0,0.01,0.664,0.373,2460,820,88.9,A (ดีมาก)
89,2025-07-28,2568,7,ฤดูฝน,BNH01,ลำห้วย (Tributary),ธาตุนาเวง,6.94,31.2,434.0,3.34,4.86,23.7,1.407,3.409,2.186,26805,14595,44.5,C (พอใช้)
90,2024-01-17,2567,1,ฤดูแล้ง,NHK01,หนองหาร (Lake),เมืองสกลนคร,7.25,26.0,219.0,6.08,2.7,15.2,0.215,0.836,0.377,1186,459,81.1,A (ดีมาก)
91,2024-12-10,2567,12,ฤดูแล้ง,BNH06,ลำห้วย (Tributary),เหล่าปอแดง,7.39,24.7,352.0,5.65,4.72,18.6,0.871,2.997,1.257,15216,6021,63.9,B (ดี)
92,2025-09-29,2568,9,ฤดูฝน,BNH04,ลำห้วย (Tributary),นาแก้ว,6.65,26.5,368.0,4.06,7.17,32.7,1.376,6.0,2.338,42109,24323,38.5,D (เสื่อมโทรม)
93,2025-07-03,2568,7,ฤดูฝน,NHK09,หนองหาร (Lake),เหล่าปอแดง,7.0,31.2,200.0,7.83,0.3,4.0,0.01,1.1,0.663,3905,1412,87.8,A (ดีมาก)
94,2024-09-11,2567,9,ฤดูฝน,NHK06,หนองหาร (Lake),บ้านแป้น,7.22,30.5,240.0,7.89,1.09,10.7,0.01,1.705,0.392,3794,1213,87.4,A (ดีมาก)
95,2025-05-07,2568,5,ฤดูแล้ง,BNH07,ลำห้วย (Tributary),งิ้วด่อน,7.97,30.2,337.0,5.75,4.55,11.4,0.633,2.353,1.155,17337,8920,68.3,B (ดี)
96,2025-12-06,2568,12,ฤดูแล้ง,NHK05,หนองหาร (Lake),ท่าแร่,7.71,26.1,172.0,7.27,1.57,11.7,0.126,2.086,0.381,649,250,82.7,A (ดีมาก)
97,2025-02-14,2568,2,ฤดูแล้ง,BNH05,ลำห้วย (Tributary),ม่วงลาย,7.79,24.8,297.0,5.99,4.36,28.4,0.7,1.945,1.073,54536,28032,70.8,B (ดี)
98,2024-01-25,2567,1,ฤดูแล้ง,BNH06,ลำห้วย (Tributary),เหล่าปอแดง,7.09,25.8,272.0,5.81,3.21,14.8,0.813,1.932,1.196,5320,1895,68.8,B (ดี)
99,2025-11-19,2568,11,ฤดูแล้ง,NHK01,หนองหาร (Lake),เมืองสกลนคร,7.21,26.5,231.0,8.16,3.57,17.8,0.338,2.169,0.422,2868,1546,85.0,A (ดีมาก)
100,2024-04-22,2567,4,ฤดูแล้ง,NHK10,หนองหาร (Lake),งิ้วด่อน,7.02,28.2,184.0,5.81,0.52,4.0,0.24,0.911,0.405,2524,550,79.4,B (ดี)
101,2025-04-29,2568,4,ฤดูแล้ง,BNH06,ลำห้วย (Tributary),เหล่าปอแดง,7.55,26.3,302.0,5.2,2.16,20.6,0.623,2.674,1.522,21962,8105,63.0,B (ดี)
102,2024-06-09,2567,6,ฤดูฝน,NHK08,หนองหาร (Lake),นาตงวัฒนา,6.86,30.3,225.0,6.5,0.3,4.0,0.638,1.157,0.339,1101,465,79.7,B (ดี)
103,2024-02-08,2567,2,ฤดูแล้ง,NHK03,หนองหาร (Lake),ฮางโฮง,7.19,27.1,221.0,6.83,1.98,9.3,0.273,0.653,0.165,3812,1371,85.8,A (ดีมาก)
104,2025-08-30,2568,8,ฤดูฝน,BNH07,ลำห้วย (Tributary),งิ้วด่อน,7.27,29.2,358.0,6.41,3.93,15.8,0.483,2.257,1.763,7847,3733,69.4,B (ดี)
105,2025-06-11,2568,6,ฤดูฝน,NHK09,หนองหาร (Lake),เหล่าปอแดง,7.36,30.1,175.0,7.91,0.3,4.0,0.069,0.637,0.261,3613,1873,91.3,A (ดีมาก)
106,2025-03-28,2568,3,ฤดูแล้ง,BNH06,ลำห้วย (Tributary),เหล่าปอแดง,7.43,25.8,316.0,4.85,5.27,21.2,0.764,2.995,1.409,13661,6281,60.1,B (ดี)
107,2024-10-05,2567,10,ฤดูฝน,BNH08,ลำห้วย (Tributary),เมืองสกลนคร,6.78,28.5,416.0,4.2,4.48,16.3,1.382,3.148,2.265,43399,17042,49.0,C (พอใช้)
108,2024-08-22,2567,8,ฤดูฝน,NHK03,หนองหาร (Lake),ฮางโฮง,6.61,29.8,243.0,6.46,1.4,5.4,0.033,2.056,0.48,27275,12321,79.3,B (ดี)
109,2025-12-14,2568,12,ฤดูแล้ง,NHK04,หนองหาร (Lake),เชียงเครือ,7.34,24.2,197.0,7.17,2.64,12.4,0.191,1.044,0.318,3863,1573,85.7,A (ดีมาก)
110,2025-09-19,2568,9,ฤดูฝน,NHK04,หนองหาร (Lake),เชียงเครือ,7.25,29.4,212.0,8.98,0.3,6.7,0.065,0.603,0.653,4823,1463,94.2,A (ดีมาก)
111,2024-10-17,2567,10,ฤดูฝน,NHK08,หนองหาร (Lake),นาตงวัฒนา,7.17,25.8,259.0,7.29,1.78,14.1,0.032,0.866,0.243,2796,1409,88.1,A (ดีมาก)
112,2025-04-17,2568,4,ฤดูแล้ง,BNH03,ลำห้วย (Tributary),ท่าแร่,7.5,28.5,356.0,3.17,8.93,40.2,1.546,3.334,2.476,43956,26231,41.8,C (พอใช้)
113,2024-06-27,2567,6,ฤดูฝน,NHK03,หนองหาร (Lake),ฮางโฮง,7.04,29.5,269.0,7.8,0.3,4.0,0.01,0.803,0.327,8459,3985,90.3,A (ดีมาก)
114,2024-10-28,2567,10,ฤดูฝน,BNH03,ลำห้วย (Tributary),ท่าแร่,7.03,27.9,371.0,3.05,5.5,15.7,1.352,3.349,2.165,74474,20601,43.8,C (พอใช้)
115,2024-01-03,2567,1,ฤดูแล้ง,NHK07,หนองหาร (Lake),บ้านแป้น,7.7,25.2,193.0,6.88,1.72,8.6,0.323,0.762,0.981,3713,1313,81.3,A (ดีมาก)
116,2025-10-30,2568,10,ฤดูฝน,BNH02,ลำห้วย (Tributary),เชียงเครือ,7.6,30.1,272.0,5.47,2.61,7.7,0.623,2.346,1.12,30891,9497,67.3,B (ดี)
117,2024-04-12,2567,4,ฤดูแล้ง,BNH05,ลำห้วย (Tributary),ม่วงลาย,6.7,28.6,290.0,5.11,5.19,22.2,0.603,2.36,1.198,8685,3888,65.4,B (ดี)
118,2024-09-05,2567,9,ฤดูฝน,NHK02,หนองหาร (Lake),ธาตุนาเวง,7.37,30.1,273.0,4.74,3.21,7.9,0.844,1.862,1.285,16345,8118,63.6,B (ดี)
119,2024-04-23,2567,4,ฤดูแล้ง,NHK01,หนองหาร (Lake),เมืองสกลนคร,6.83,26.4,243.0,7.56,1.6,10.9,0.299,2.153,0.804,2367,602,80.7,A (ดีมาก)
120,2024-08-17,2567,8,ฤดูฝน,NHK03,หนองหาร (Lake),ฮางโฮง,6.63,29.7,214.0,6.98,0.36,13.8,0.01,0.917,0.196,2684,1604,86.9,A (ดีมาก)
121,2025-12-23,2568,12,ฤดูแล้ง,NHK07,หนองหาร (Lake),บ้านแป้น,7.66,25.8,193.0,7.42,1.1,11.5,0.276,0.653,0.197,2801,1091,88.2,A (ดีมาก)
122,2024-12-10,2567,12,ฤดูแล้ง,BNH01,ลำห้วย (Tributary),ธาตุนาเวง,7.34,26.6,345.0,1.77,9.16,40.2,1.532,3.187,2.16,84907,44279,37.7,D (เสื่อมโทรม)
123,2025-05-31,2568,5,ฤดูแล้ง,NHK04,หนองหาร (Lake),เชียงเครือ,7.31,29.6,275.0,7.5,1.56,4.0,0.29,1.007,0.756,6674,1841,84.5,A (ดีมาก)
124,2025-03-29,2568,3,ฤดูแล้ง,NHK03,หนองหาร (Lake),ฮางโฮง,7.34,25.4,231.0,6.19,2.69,16.6,0.115,0.671,0.551,2228,1188,81.9,A (ดีมาก)
125,2024-06-06,2567,6,ฤดูฝน,NHK04,หนองหาร (Lake),เชียงเครือ,6.79,31.4,191.0,7.52,1.57,11.3,0.01,0.944,0.325,2349,696,88.6,A (ดีมาก)
126,2024-03-10,2567,3,ฤดูแล้ง,BNH05,ลำห้วย (Tributary),ม่วงลาย,6.81,24.9,271.0,5.7,3.1,10.7,0.887,2.926,2.086,14328,5461,60.1,B (ดี)
127,2024-07-16,2567,7,ฤดูฝน,BNH02,ลำห้วย (Tributary),เชียงเครือ,7.38,32.1,353.0,6.29,3.71,10.4,0.581,1.964,1.268,18272,4737,71.8,B (ดี)
128,2025-05-08,2568,5,ฤดูแล้ง,BNH02,ลำห้วย (Tributary),เชียงเครือ,7.24,29.2,365.0,5.54,5.16,26.6,0.917,2.872,1.189,8467,2179,63.9,B (ดี)
129,2024-07-18,2567,7,ฤดูฝน,BNH05,ลำห้วย (Tributary),ม่วงลาย,7.13,31.2,357.0,6.67,2.64,4.0,0.431,2.14,1.052,7116,3794,74.8,B (ดี)
130,2025-12-29,2568,12,ฤดูแล้ง,NHK09,หนองหาร (Lake),เหล่าปอแดง,7.38,26.6,234.0,6.79,2.44,14.3,0.178,0.633,0.763,3166,1729,83.2,A (ดีมาก)
131,2025-05-25,2568,5,ฤดูแล้ง,NHK08,หนองหาร (Lake),นาตงวัฒนา,6.67,29.8,308.0,5.09,1.25,17.4,0.126,0.854,0.28,3907,1979,77.6,B (ดี)
132,2025-06-25,2568,6,ฤดูฝน,NHK08,หนองหาร (Lake),นาตงวัฒนา,6.92,32.5,225.0,8.46,0.92,8.1,0.01,1.432,0.349,5068,3038,91.0,A (ดีมาก)
133,2025-12-06,2568,12,ฤดูแล้ง,NHK06,หนองหาร (Lake),บ้านแป้น,6.99,27.2,241.0,6.76,2.15,4.0,0.267,0.733,0.231,7757,3941,84.9,A (ดีมาก)
134,2025-04-02,2568,4,ฤดูแล้ง,NHK03,หนองหาร (Lake),ฮางโฮง,7.76,28.5,208.0,7.82,0.94,5.1,0.208,1.234,0.488,5959,2629,87.0,A (ดีมาก)
135,2025-04-10,2568,4,ฤดูแล้ง,NHK06,หนองหาร (Lake),บ้านแป้น,6.81,27.8,165.0,6.57,0.3,5.9,0.327,1.847,0.197,5985,2606,80.2,A (ดีมาก)
136,2025-10-16,2568,10,ฤดูฝน,NHK02,หนองหาร (Lake),ธาตุนาเวง,7.15,27.5,286.0,5.89,3.38,10.1,1.036,2.068,1.684,35765,19495,64.9,B (ดี)
137,2025-02-22,2568,2,ฤดูแล้ง,NHK08,หนองหาร (Lake),นาตงวัฒนา,7.55,25.9,261.0,7.21,1.84,19.2,0.23,0.9,0.206,2456,854,86.7,A (ดีมาก)
138,2024-03-05,2567,3,ฤดูแล้ง,NHK04,หนองหาร (Lake),เชียงเครือ,6.94,26.3,220.0,5.95,1.99,4.0,0.18,0.893,0.233,2236,1083,81.3,A (ดีมาก)
139,2025-01-28,2568,1,ฤดูแล้ง,BNH08,ลำห้วย (Tributary),เมืองสกลนคร,6.61,26.3,334.0,3.28,7.58,43.6,1.632,3.598,2.459,80001,24186,41.0,C (พอใช้)
140,2025-01-11,2568,1,ฤดูแล้ง,NHK09,หนองหาร (Lake),เหล่าปอแดง,7.37,25.0,201.0,7.42,1.73,4.0,0.253,1.384,0.361,1568,836,85.1,A (ดีมาก)
141,2024-04-16,2567,4,ฤดูแล้ง,NHK09,หนองหาร (Lake),เหล่าปอแดง,7.11,27.6,187.0,5.79,2.05,13.8,0.123,0.782,0.29,1687,969,81.0,A (ดีมาก)
142,2024-12-11,2567,12,ฤดูแล้ง,BNH02,ลำห้วย (Tributary),เชียงเครือ,6.66,25.6,221.0,6.36,3.37,17.2,0.702,2.192,1.48,8776,3062,69.6,B (ดี)
143,2024-06-26,2567,6,ฤดูฝน,NHK01,หนองหาร (Lake),เมืองสกลนคร,7.08,32.2,148.0,7.86,0.3,4.0,0.201,0.896,0.154,2660,1172,90.0,A (ดีมาก)
144,2025-03-27,2568,3,ฤดูแล้ง,NHK09,หนองหาร (Lake),เหล่าปอแดง,7.2,25.6,235.0,7.19,1.68,9.1,0.326,0.737,0.177,3372,1439,86.7,A (ดีมาก)
145,2025-06-14,2568,6,ฤดูฝน,BNH03,ลำห้วย (Tributary),ท่าแร่,7.12,31.2,403.0,3.57,4.64,26.1,1.37,3.497,2.585,22014,13119,43.5,C (พอใช้)
146,2024-04-02,2567,4,ฤดูแล้ง,NHK08,หนองหาร (Lake),นาตงวัฒนา,6.82,26.9,213.0,7.11,0.92,10.3,0.15,0.606,0.258,6092,1645,87.4,A (ดีมาก)
147,2024-02-09,2567,2,ฤดูแล้ง,BNH03,ลำห้วย (Tributary),ท่าแร่,6.84,22.0,377.0,2.23,6.46,31.6,1.703,3.113,2.243,40522,18725,38.6,D (เสื่อมโทรม)
148,2024-03-03,2567,3,ฤดูแล้ง,BNH08,ลำห้วย (Tributary),เมืองสกลนคร,7.59,24.8,390.0,3.08,5.84,13.7,1.638,5.13,2.16,80854,39136,36.4,D (เสื่อมโทรม)
149,2024-11-17,2567,11,ฤดูแล้ง,NHK02,หนองหาร (Lake),ธาตุนาเวง,7.21,24.9,292.0,4.82,2.58,10.5,1.005,1.979,1.337,22433,8079,62.4,B (ดี)
150,2024-10-04,2567,10,ฤดูฝน,NHK03,หนองหาร (Lake),ฮางโฮง,6.82,29.7,198.0,6.95,1.0,4.0,0.251,0.608,0.445,4635,2742,85.2,A (ดีมาก)
151,2025-02-11,2568,2,ฤดูแล้ง,BNH07,ลำห้วย (Tributary),งิ้วด่อน,7.18,26.7,326.0,5.22,4.11,11.7,0.868,1.99,1.299,6276,1378,65.1,B (ดี)
152,2025-12-24,2568,12,ฤดูแล้ง,BNH03,ลำห้วย (Tributary),ท่าแร่,6.56,25.8,366.0,3.62,7.49,28.6,1.74,3.109,2.489,8542,2594,43.3,C (พอใช้)
153,2025-03-08,2568,3,ฤดูแล้ง,NHK02,หนองหาร (Lake),ธาตุนาเวง,6.76,23.9,346.0,4.06,3.05,16.7,1.145,2.221,1.333,13479,5357,57.4,C (พอใช้)
154,2025-05-13,2568,5,ฤดูแล้ง,NHK04,หนองหาร (Lake),เชียงเครือ,7.7,27.3,236.0,7.52,2.42,19.3,0.108,0.835,0.15,3311,1796,89.3,A (ดีมาก)
155,2024-09-12,2567,9,ฤดูฝน,BNH08,ลำห้วย (Tributary),เมืองสกลนคร,7.05,30.3,367.0,3.65,6.46,36.3,1.501,3.62,2.906,97405,37473,41.1,C (พอใช้)
156,2025-03-13,2568,3,ฤดูแล้ง,BNH07,ลำห้วย (Tributary),งิ้วด่อน,7.02,27.4,321.0,4.85,4.11,22.0,0.614,2.248,1.122,8841,4610,64.9,B (ดี)
157,2024-01-23,2567,1,ฤดูแล้ง,BNH05,ลำห้วย (Tributary),ม่วงลาย,7.07,23.0,333.0,5.94,2.52,7.1,0.659,1.912,1.14,21783,8574,70.6,B (ดี)
158,2024-09-27,2567,9,ฤดูฝน,NHK01,หนองหาร (Lake),เมืองสกลนคร,7.39,28.8,225.0,7.81,0.3,4.0,0.01,1.586,0.944,3386,1792,84.7,A (ดีมาก)
159,2024-04-23,2567,4,ฤดูแล้ง,BNH02,ลำห้วย (Tributary),เชียงเครือ,7.8,27.1,319.0,5.15,4.15,10.4,0.659,2.072,1.106,10849,3837,66.7,B (ดี)
160,2024-07-15,2567,7,ฤดูฝน,BNH06,ลำห้วย (Tributary),เหล่าปอแดง,6.64,31.0,329.0,4.4,1.89,17.8,0.895,2.161,2.413,34649,15993,55.2,C (พอใช้)
161,2025-10-06,2568,10,ฤดูฝน,NHK09,หนองหาร (Lake),เหล่าปอแดง,7.27,30.2,203.0,6.23,0.3,11.6,0.127,0.928,0.349,8149,2961,82.1,A (ดีมาก)
162,2024-07-15,2567,7,ฤดูฝน,NHK05,หนองหาร (Lake),ท่าแร่,7.24,29.5,260.0,8.26,0.58,4.0,0.08,0.747,0.344,1801,416,92.0,A (ดีมาก)
163,2025-07-16,2568,7,ฤดูฝน,NHK03,หนองหาร (Lake),ฮางโฮง,6.69,30.7,191.0,8.44,0.3,4.0,0.01,0.788,0.245,2493,1074,93.6,A (ดีมาก)
164,2025-04-17,2568,4,ฤดูแล้ง,NHK10,หนองหาร (Lake),งิ้วด่อน,6.8,25.0,183.0,6.93,2.02,4.0,0.26,0.951,0.641,20142,10498,82.9,A (ดีมาก)
165,2024-12-20,2567,12,ฤดูแล้ง,NHK10,หนองหาร (Lake),งิ้วด่อน,7.39,25.7,209.0,7.75,2.23,4.0,0.105,0.644,0.329,3029,665,90.1,A (ดีมาก)
166,2025-03-14,2568,3,ฤดูแล้ง,BNH05,ลำห้วย (Tributary),ม่วงลาย,7.23,26.9,277.0,4.01,4.17,16.0,0.611,2.169,1.08,21698,6511,61.7,B (ดี)
167,2025-10-02,2568,10,ฤดูฝน,BNH03,ลำห้วย (Tributary),ท่าแร่,7.46,28.4,429.0,3.64,5.86,14.6,1.559,3.13,2.312,30286,15620,45.3,C (พอใช้)
168,2025-08-24,2568,8,ฤดูฝน,NHK04,หนองหาร (Lake),เชียงเครือ,7.69,30.3,205.0,7.83,1.57,7.9,0.203,1.062,0.461,2185,850,87.8,A (ดีมาก)
169,2024-09-06,2567,9,ฤดูฝน,BNH06,ลำห้วย (Tributary),เหล่าปอแดง,7.72,28.6,290.0,6.52,3.33,4.0,0.616,2.512,1.369,6340,2725,70.2,B (ดี)
170,2025-08-08,2568,8,ฤดูฝน,BNH03,ลำห้วย (Tributary),ท่าแร่,7.36,29.6,339.0,4.91,6.24,38.9,1.469,3.158,2.577,69840,28342,50.0,C (พอใช้)
171,2025-11-19,2568,11,ฤดูแล้ง,NHK05,หนองหาร (Lake),ท่าแร่,7.67,26.6,201.0,6.35,0.3,4.0,0.176,1.013,0.386,5688,1564,81.9,A (ดีมาก)
172,2025-03-14,2568,3,ฤดูแล้ง,BNH01,ลำห้วย (Tributary),ธาตุนาเวง,7.01,25.6,359.0,2.24,7.35,27.9,1.525,3.243,2.324,47642,23830,38.8,D (เสื่อมโทรม)
173,2024-07-31,2567,7,ฤดูฝน,BNH01,ลำห้วย (Tributary),ธาตุนาเวง,6.92,30.9,388.0,4.41,7.1,26.2,1.34,3.5,2.645,76785,39274,47.1,C (พอใช้)
174,2025-09-01,2568,9,ฤดูฝน,NHK04,หนองหาร (Lake),เชียงเครือ,6.59,30.9,236.0,8.48,0.3,4.0,0.01,0.631,0.165,3173,1345,94.7,A (ดีมาก)
175,2025-07-26,2568,7,ฤดูฝน,NHK01,หนองหาร (Lake),เมืองสกลนคร,7.3,30.3,221.0,7.0,0.31,7.0,0.01,0.631,0.156,2229,1167,88.2,A (ดีมาก)
176,2025-02-07,2568,2,ฤดูแล้ง,BNH03,ลำห้วย (Tributary),ท่าแร่,7.48,25.5,368.0,3.36,6.85,29.5,1.626,3.161,2.451,41361,24509,42.8,C (พอใช้)
177,2024-08-22,2567,8,ฤดูฝน,NHK02,หนองหาร (Lake),ธาตุนาเวง,8.15,31.2,298.0,5.77,4.22,19.7,0.917,2.053,1.457,22417,10477,66.3,B (ดี)
178,2024-12-10,2567,12,ฤดูแล้ง,NHK03,หนองหาร (Lake),ฮางโฮง,7.55,25.8,256.0,6.49,0.3,18.1,0.161,0.92,0.358,6353,3469,83.1,A (ดีมาก)
179,2025-03-19,2568,3,ฤดูแล้ง,NHK10,หนองหาร (Lake),งิ้วด่อน,7.22,26.3,237.0,6.92,0.81,4.0,0.284,0.623,0.871,3305,1503,82.7,A (ดีมาก)
180,2025-09-14,2568,9,ฤดูฝน,NHK03,หนองหาร (Lake),ฮางโฮง,7.86,31.1,233.0,8.95,0.3,4.0,0.262,0.956,0.217,6370,2553,94.0,A (ดีมาก)
181,2024-09-07,2567,9,ฤดูฝน,BNH03,ลำห้วย (Tributary),ท่าแร่,7.01,28.9,383.0,3.07,6.82,21.6,1.905,4.869,2.184,33826,9479,35.6,D (เสื่อมโทรม)
182,2024-01-14,2567,1,ฤดูแล้ง,NHK10,หนองหาร (Lake),งิ้วด่อน,7.51,25.5,239.0,7.98,0.54,9.7,0.441,0.745,0.202,3181,1581,89.4,A (ดีมาก)
183,2025-05-29,2568,5,ฤดูแล้ง,NHK01,หนองหาร (Lake),เมืองสกลนคร,7.51,28.7,225.0,6.6,1.01,4.0,0.239,0.622,0.275,3257,1212,84.5,A (ดีมาก)
184,2025-10-01,2568,10,ฤดูฝน,BNH03,ลำห้วย (Tributary),ท่าแร่,7.51,28.5,360.0,3.81,5.17,22.0,1.333,4.584,2.258,102558,27708,42.8,C (พอใช้)
185,2025-12-28,2568,12,ฤดูแล้ง,BNH06,ลำห้วย (Tributary),เหล่าปอแดง,7.24,25.3,277.0,5.35,4.13,19.4,0.618,2.086,1.364,7493,2783,66.5,B (ดี)
186,2025-01-06,2568,1,ฤดูแล้ง,NHK10,หนองหาร (Lake),งิ้วด่อน,7.24,25.7,172.0,6.98,0.9,4.0,0.18,0.944,0.204,3669,862,85.8,A (ดีมาก)
187,2025-12-27,2568,12,ฤดูแล้ง,BNH03,ลำห้วย (Tributary),ท่าแร่,7.07,25.3,453.0,2.88,6.46,32.7,1.744,3.821,2.283,85217,34707,38.7,D (เสื่อมโทรม)
188,2024-03-30,2567,3,ฤดูแล้ง,BNH03,ลำห้วย (Tributary),ท่าแร่,7.4,25.3,387.0,3.75,7.3,38.3,1.538,3.263,2.185,22535,11400,46.1,C (พอใช้)
189,2025-04-10,2568,4,ฤดูแล้ง,NHK04,หนองหาร (Lake),เชียงเครือ,6.94,26.6,259.0,7.18,3.09,16.5,0.567,0.674,0.184,4499,1251,85.5,A (ดีมาก)
190,2024-03-19,2567,3,ฤดูแล้ง,BNH02,ลำห้วย (Tributary),เชียงเครือ,7.51,27.8,276.0,5.45,3.85,13.5,1.102,2.308,1.681,36552,9375,61.8,B (ดี)
191,2024-10-17,2567,10,ฤดูฝน,NHK02,หนองหาร (Lake),ธาตุนาเวง,6.78,27.5,363.0,6.56,3.69,7.9,1.12,1.89,2.299,24249,10790,65.0,B (ดี)
192,2025-10-11,2568,10,ฤดูฝน,NHK08,หนองหาร (Lake),นาตงวัฒนา,7.48,28.4,256.0,6.95,0.3,4.0,0.01,1.711,0.827,685,378,81.0,A (ดีมาก)
193,2025-08-19,2568,8,ฤดูฝน,BNH08,ลำห้วย (Tributary),เมืองสกลนคร,6.97,30.8,296.0,3.99,7.7,29.9,1.315,3.647,2.557,28721,17109,45.3,C (พอใช้)
194,2024-07-29,2567,7,ฤดูฝน,NHK01,หนองหาร (Lake),เมืองสกลนคร,7.47,31.0,261.0,6.76,0.3,4.0,0.01,0.771,0.328,1014,299,85.8,A (ดีมาก)
195,2024-10-18,2567,10,ฤดูฝน,NHK05,หนองหาร (Lake),ท่าแร่,7.56,28.1,256.0,8.09,1.24,6.1,0.02,1.226,0.519,837,259,89.2,A (ดีมาก)
196,2025-09-30,2568,9,ฤดูฝน,NHK06,หนองหาร (Lake),บ้านแป้น,7.38,31.3,259.0,7.93,2.06,4.0,0.021,0.917,0.307,1177,571,90.5,A (ดีมาก)
197,2024-11-30,2567,11,ฤดูแล้ง,BNH05,ลำห้วย (Tributary),ม่วงลาย,7.21,23.7,300.0,6.47,2.48,4.0,0.911,2.331,1.057,27129,10040,70.5,B (ดี)
198,2025-02-27,2568,2,ฤดูแล้ง,NHK10,หนองหาร (Lake),งิ้วด่อน,7.24,23.6,196.0,5.45,0.3,8.3,0.133,3.493,0.596,8012,4059,68.8,B (ดี)
199,2024-10-22,2567,10,ฤดูฝน,BNH02,ลำห้วย (Tributary),เชียงเครือ,7.15,26.1,304.0,5.38,3.42,16.1,0.458,1.937,2.171,9487,2209,64.0,B (ดี)
200,2024-06-21,2567,6,ฤดูฝน,NHK05,หนองหาร (Lake),ท่าแร่,7.32,29.0,218.0,8.54,0.89,8.0,0.01,1.561,0.341,5789,2337,91.0,A (ดีมาก)
201,2025-06-24,2568,6,ฤดูฝน,NHK04,หนองหาร (Lake),เชียงเครือ,7.01,29.6,281.0,7.77,0.67,7.2,0.044,0.685,1.217,3426,1314,85.9,A (ดีมาก)
202,2024-05-13,2567,5,ฤดูแล้ง,NHK09,หนองหาร (Lake),เหล่าปอแดง,7.21,30.0,227.0,6.94,1.59,4.0,0.237,1.363,0.582,5153,2473,82.1,A (ดีมาก)
203,2024-04-30,2567,4,ฤดูแล้ง,NHK05,หนองหาร (Lake),ท่าแร่,6.79,26.9,193.0,5.7,2.03,5.8,0.227,0.654,0.239,2122,862,80.6,A (ดีมาก)
204,2024-12-03,2567,12,ฤดูแล้ง,BNH07,ลำห้วย (Tributary),งิ้วด่อน,7.12,27.8,314.0,5.11,3.61,4.0,0.702,2.188,1.136,3586,1965,65.7,B (ดี)
205,2025-07-14,2568,7,ฤดูฝน,NHK05,หนองหาร (Lake),ท่าแร่,7.5,29.1,210.0,7.59,0.3,4.0,0.01,0.854,0.189,2705,1325,89.9,A (ดีมาก)
206,2025-08-10,2568,8,ฤดูฝน,BNH06,ลำห้วย (Tributary),เหล่าปอแดง,6.77,29.7,302.0,5.85,2.59,19.7,0.703,2.152,1.194,12325,2951,68.8,B (ดี)
207,2025-01-08,2568,1,ฤดูแล้ง,BNH08,ลำห้วย (Tributary),เมืองสกลนคร,6.6,25.2,362.0,3.26,6.03,22.8,1.837,3.217,2.997,64197,15378,38.3,D (เสื่อมโทรม)
208,2025-08-12,2568,8,ฤดูฝน,NHK07,หนองหาร (Lake),บ้านแป้น,7.4,31.8,264.0,8.33,1.48,14.4,0.181,2.107,0.399,6495,1773,87.0,A (ดีมาก)
209,2024-05-26,2567,5,ฤดูแล้ง,BNH05,ลำห้วย (Tributary),ม่วงลาย,7.41,28.9,230.0,6.0,5.56,11.0,0.675,3.503,1.457,8648,3926,63.9,B (ดี)
210,2025-05-27,2568,5,ฤดูแล้ง,BNH03,ลำห้วย (Tributary),ท่าแร่,6.89,29.7,457.0,2.54,7.2,30.4,1.536,3.469,2.184,69055,15893,40.0,C (พอใช้)
211,2025-05-17,2568,5,ฤดูแล้ง,BNH08,ลำห้วย (Tributary),เมืองสกลนคร,6.74,29.3,354.0,3.92,6.18,31.4,1.557,3.807,2.506,68485,13820,43.3,C (พอใช้)
212,2025-12-08,2568,12,ฤดูแล้ง,NHK06,หนองหาร (Lake),บ้านแป้น,7.86,25.6,279.0,7.51,1.61,11.6,0.111,2.095,0.195,6624,2202,84.8,A (ดีมาก)
213,2024-12-27,2567,12,ฤดูแล้ง,NHK06,หนองหาร (Lake),บ้านแป้น,7.42,27.1,234.0,7.38,0.31,4.0,0.148,0.639,0.634,4372,1157,86.6,A (ดีมาก)
214,2025-04-30,2568,4,ฤดูแล้ง,BNH04,ลำห้วย (Tributary),นาแก้ว,6.77,27.1,421.0,4.31,4.57,17.6,1.624,3.571,2.178,39559,20052,47.1,C (พอใช้)
215,2024-06-17,2567,6,ฤดูฝน,NHK06,หนองหาร (Lake),บ้านแป้น,6.47,30.5,184.0,8.62,0.3,4.0,0.01,1.208,0.913,4596,2091,89.7,A (ดีมาก)
216,2024-06-24,2567,6,ฤดูฝน,BNH03,ลำห้วย (Tributary),ท่าแร่,6.89,33.8,361.0,3.87,6.49,37.5,1.558,3.401,2.21,70458,16076,45.9,C (พอใช้)
217,2024-01-23,2567,1,ฤดูแล้ง,BNH07,ลำห้วย (Tributary),งิ้วด่อน,7.4,23.4,286.0,4.59,3.48,14.9,0.605,2.382,1.413,12207,2493,62.0,B (ดี)
218,2024-09-01,2567,9,ฤดูฝน,NHK01,หนองหาร (Lake),เมืองสกลนคร,7.51,29.5,235.0,8.54,0.3,4.8,0.01,0.682,0.275,6685,1499,94.3,A (ดีมาก)
219,2025-05-13,2568,5,ฤดูแล้ง,NHK03,หนองหาร (Lake),ฮางโฮง,7.58,30.8,164.0,7.09,1.65,13.5,0.134,1.761,0.165,1394,532,84.0,A (ดีมาก)
220,2024-01-24,2567,1,ฤดูแล้ง,NHK02,หนองหาร (Lake),ธาตุนาเวง,7.1,25.5,256.0,5.41,2.98,7.0,1.158,2.21,1.797,7243,2847,61.1,B (ดี)
221,2025-08-25,2568,8,ฤดูฝน,NHK03,หนองหาร (Lake),ฮางโฮง,6.81,29.6,284.0,7.46,2.98,5.5,0.342,0.722,0.3,8591,4797,87.3,A (ดีมาก)
222,2025-12-05,2568,12,ฤดูแล้ง,BNH07,ลำห้วย (Tributary),งิ้วด่อน,7.65,27.7,307.0,5.27,3.44,15.3,0.69,2.556,1.399,12904,3677,64.0,B (ดี)
223,2025-11-02,2568,11,ฤดูแล้ง,BNH08,ลำห้วย (Tributary),เมืองสกลนคร,6.81,28.0,396.0,2.51,7.8,24.2,1.522,3.331,2.407,52906,14302,39.3,D (เสื่อมโทรม)
224,2025-01-29,2568,1,ฤดูแล้ง,NHK06,หนองหาร (Lake),บ้านแป้น,7.56,27.0,233.0,5.91,1.01,5.5,0.212,0.898,0.184,2699,1442,81.1,A (ดีมาก)
225,2024-09-28,2567,9,ฤดูฝน,BNH08,ลำห้วย (Tributary),เมืองสกลนคร,7.17,29.6,341.0,3.07,6.63,33.7,1.336,3.343,2.159,162387,37803,44.1,C (พอใช้)
226,2024-01-07,2567,1,ฤดูแล้ง,NHK03,หนองหาร (Lake),ฮางโฮง,7.49,25.4,220.0,7.8,1.48,6.3,0.122,1.726,0.493,1453,777,85.8,A (ดีมาก)
227,2025-06-29,2568,6,ฤดูฝน,BNH02,ลำห้วย (Tributary),เชียงเครือ,7.13,29.7,264.0,6.18,3.75,17.9,0.542,1.954,1.201,27411,9507,71.8,B (ดี)
228,2024-08-06,2567,8,ฤดูฝน,NHK04,หนองหาร (Lake),เชียงเครือ,6.78,31.5,286.0,7.75,1.54,7.1,0.01,0.817,0.428,1660,750,89.5,A (ดีมาก)
229,2024-08-07,2567,8,ฤดูฝน,BNH01,ลำห้วย (Tributary),ธาตุนาเวง,7.13,29.8,406.0,6.06,5.61,18.6,1.305,3.129,2.949,20431,11969,54.3,C (พอใช้)
230,2025-08-24,2568,8,ฤดูฝน,NHK06,หนองหาร (Lake),บ้านแป้น,7.08,29.2,198.0,7.45,0.9,4.0,0.18,1.49,0.195,1570,452,86.1,A (ดีมาก)
231,2024-12-01,2567,12,ฤดูแล้ง,NHK06,หนองหาร (Lake),บ้านแป้น,6.77,26.6,231.0,6.25,1.94,21.4,0.324,0.613,0.645,3111,1850,80.6,A (ดีมาก)
232,2024-12-29,2567,12,ฤดูแล้ง,BNH05,ลำห้วย (Tributary),ม่วงลาย,7.5,26.0,355.0,5.6,3.65,15.1,0.898,2.369,1.096,5499,1417,66.4,B (ดี)
233,2024-05-12,2567,5,ฤดูแล้ง,BNH01,ลำห้วย (Tributary),ธาตุนาเวง,7.12,26.2,318.0,3.99,7.23,24.4,1.538,4.23,2.167,26651,9030,44.0,C (พอใช้)
234,2024-01-05,2567,1,ฤดูแล้ง,BNH06,ลำห้วย (Tributary),เหล่าปอแดง,7.31,27.3,327.0,4.16,3.8,23.1,0.705,2.164,1.323,17213,3736,60.6,B (ดี)
235,2024-06-03,2567,6,ฤดูฝน,BNH08,ลำห้วย (Tributary),เมืองสกลนคร,6.84,28.7,386.0,5.04,6.83,26.3,1.413,3.38,2.182,29224,13008,52.2,C (พอใช้)
236,2025-04-14,2568,4,ฤดูแล้ง,NHK01,หนองหาร (Lake),เมืองสกลนคร,7.08,29.0,286.0,5.97,1.31,6.9,0.587,0.624,0.177,7742,1633,80.2,A (ดีมาก)
237,2025-07-29,2568,7,ฤดูฝน,BNH08,ลำห้วย (Tributary),เมืองสกลนคร,7.33,30.2,318.0,4.42,7.08,31.3,1.491,4.256,2.239,30521,6115,45.7,C (พอใช้)
238,2025-10-03,2568,10,ฤดูฝน,NHK07,หนองหาร (Lake),บ้านแป้น,7.4,28.8,261.0,7.74,0.3,4.0,0.451,0.815,0.196,4689,2525,88.1,A (ดีมาก)
239,2024-12-17,2567,12,ฤดูแล้ง,NHK08,หนองหาร (Lake),นาตงวัฒนา,7.35,26.1,266.0,6.47,1.08,4.0,0.34,0.648,0.213,10807,3952,83.6,A (ดีมาก)
240,2024-04-22,2567,4,ฤดูแล้ง,NHK06,หนองหาร (Lake),บ้านแป้น,7.39,28.0,328.0,5.88,2.54,18.0,0.329,1.136,0.409,1876,1054,78.4,B (ดี)
241,2024-10-31,2567,10,ฤดูฝน,BNH03,ลำห้วย (Tributary),ท่าแร่,5.96,28.8,373.0,3.05,5.36,21.4,1.443,3.541,2.217,59660,25617,42.4,C (พอใช้)
242,2025-12-22,2568,12,ฤดูแล้ง,NHK06,หนองหาร (Lake),บ้านแป้น,6.85,25.6,251.0,7.1,2.23,9.2,0.132,0.948,0.188,5130,1812,86.7,A (ดีมาก)
243,2025-06-14,2568,6,ฤดูฝน,NHK07,หนองหาร (Lake),บ้านแป้น,7.24,31.6,234.0,7.54,0.3,4.0,0.01,0.765,0.518,1796,501,88.3,A (ดีมาก)
244,2025-01-14,2568,1,ฤดูแล้ง,NHK03,หนองหาร (Lake),ฮางโฮง,7.34,26.4,224.0,6.87,2.75,23.7,0.208,1.702,0.204,605,165,82.7,A (ดีมาก)
245,2025-01-23,2568,1,ฤดูแล้ง,BNH05,ลำห้วย (Tributary),ม่วงลาย,7.68,24.7,304.0,5.26,3.85,10.1,0.822,2.516,1.222,8091,1803,64.2,B (ดี)
246,2025-09-06,2568,9,ฤดูฝน,NHK06,หนองหาร (Lake),บ้านแป้น,7.6,29.8,182.0,9.25,0.39,9.0,0.01,1.211,0.543,6782,4060,94.3,A (ดีมาก)
247,2024-11-06,2567,11,ฤดูแล้ง,NHK06,หนองหาร (Lake),บ้านแป้น,7.1,27.0,238.0,7.55,1.2,6.8,0.129,1.496,0.301,2013,881,86.3,A (ดีมาก)
248,2025-12-23,2568,12,ฤดูแล้ง,BNH07,ลำห้วย (Tributary),งิ้วด่อน,6.67,24.8,359.0,5.52,5.12,17.8,0.679,2.375,1.193,21489,10158,66.8,B (ดี)
249,2024-02-02,2567,2,ฤดูแล้ง,NHK03,หนองหาร (Lake),ฮางโฮง,7.68,25.3,271.0,6.41,0.81,4.0,0.45,0.952,0.399,1592,492,80.8,A (ดีมาก)
250,2025-04-13,2568,4,ฤดูแล้ง,BNH08,ลำห้วย (Tributary),เมืองสกลนคร,7.22,28.2,335.0,2.52,7.04,23.2,1.503,3.186,2.618,96058,34568,38.9,D (เสื่อมโทรม)
251,2024-06-28,2567,6,ฤดูฝน,BNH07,ลำห้วย (Tributary),งิ้วด่อน,6.98,30.7,260.0,6.36,3.77,13.6,0.439,1.924,1.213,21372,9847,73.3,B (ดี)
252,2024-02-15,2567,2,ฤดูแล้ง,NHK05,หนองหาร (Lake),ท่าแร่,7.12,26.3,254.0,6.99,2.69,17.7,0.531,0.871,0.541,4616,1418,82.4,A (ดีมาก)
253,2024-05-24,2567,5,ฤดูแล้ง,BNH06,ลำห้วย (Tributary),เหล่าปอแดง,7.15,30.2,274.0,5.95,3.87,13.7,0.655,3.0,1.158,37117,15502,66.9,B (ดี)
254,2025-06-24,2568,6,ฤดูฝน,NHK09,หนองหาร (Lake),เหล่าปอแดง,6.59,30.0,247.0,8.77,0.45,9.4,0.01,0.64,0.388,1006,397,94.8,A (ดีมาก)
255,2024-09-15,2567,9,ฤดูฝน,NHK08,หนองหาร (Lake),นาตงวัฒนา,7.79,29.4,258.0,7.66,0.3,5.4,0.01,0.991,0.419,7742,1710,88.6,A (ดีมาก)
256,2025-12-06,2568,12,ฤดูแล้ง,BNH08,ลำห้วย (Tributary),เมืองสกลนคร,7.2,26.7,419.0,2.15,6.97,28.0,1.545,3.107,2.268,107335,38639,39.0,D (เสื่อมโทรม)
257,2024-04-28,2567,4,ฤดูแล้ง,NHK07,หนองหาร (Lake),บ้านแป้น,7.99,27.4,233.0,8.4,1.18,4.0,0.389,0.632,0.49,1327,664,90.5,A (ดีมาก)
258,2024-06-12,2567,6,ฤดูฝน,BNH03,ลำห้วย (Tributary),ท่าแร่,7.23,28.5,385.0,3.85,7.56,19.2,1.358,3.592,2.563,63657,31868,44.6,C (พอใช้)
259,2025-10-03,2568,10,ฤดูฝน,BNH07,ลำห้วย (Tributary),งิ้วด่อน,7.12,27.1,271.0,5.81,3.46,12.5,0.616,2.433,1.453,11376,5041,66.9,B (ดี)
260,2025-03-12,2568,3,ฤดูแล้ง,BNH03,ลำห้วย (Tributary),ท่าแร่,7.15,26.9,389.0,3.04,7.58,36.3,1.889,3.757,2.202,17805,6097,39.2,D (เสื่อมโทรม)
261,2024-02-19,2567,2,ฤดูแล้ง,NHK03,หนองหาร (Lake),ฮางโฮง,7.53,24.7,229.0,6.62,1.52,10.0,0.229,0.632,0.597,1283,451,83.0,A (ดีมาก)
262,2025-07-21,2568,7,ฤดูฝน,BNH04,ลำห้วย (Tributary),นาแก้ว,7.01,30.7,419.0,4.95,7.12,32.2,1.473,3.334,2.426,16619,8641,50.3,C (พอใช้)
263,2025-07-11,2568,7,ฤดูฝน,NHK10,หนองหาร (Lake),งิ้วด่อน,7.45,29.2,244.0,8.81,1.39,4.0,0.01,0.648,0.387,4787,1542,95.0,A (ดีมาก)
264,2025-08-13,2568,8,ฤดูฝน,NHK02,หนองหาร (Lake),ธาตุนาเวง,7.36,32.2,300.0,4.59,2.69,10.2,0.959,1.827,1.284,32633,13038,62.4,B (ดี)
265,2024-10-09,2567,10,ฤดูฝน,NHK06,หนองหาร (Lake),บ้านแป้น,6.88,30.0,286.0,8.68,0.3,4.0,0.01,0.88,0.258,3615,1305,94.3,A (ดีมาก)
266,2024-05-20,2567,5,ฤดูแล้ง,NHK10,หนองหาร (Lake),งิ้วด่อน,7.95,29.2,260.0,6.3,1.02,4.0,0.281,1.336,1.385,2405,1236,75.0,B (ดี)
267,2025-11-13,2568,11,ฤดูแล้ง,NHK10,หนองหาร (Lake),งิ้วด่อน,7.29,27.3,283.0,6.34,2.2,14.7,0.156,2.793,0.155,10242,5363,77.2,B (ดี)
268,2025-04-29,2568,4,ฤดูแล้ง,BNH04,ลำห้วย (Tributary),นาแก้ว,7.61,29.4,335.0,2.45,6.24,31.8,1.928,3.841,2.356,57532,16021,35.3,D (เสื่อมโทรม)
269,2024-12-11,2567,12,ฤดูแล้ง,NHK06,หนองหาร (Lake),บ้านแป้น,7.36,25.6,218.0,6.29,1.41,4.0,0.853,0.76,0.16,1085,450,79.7,B (ดี)
270,2024-12-16,2567,12,ฤดูแล้ง,NHK05,หนองหาร (Lake),ท่าแร่,7.16,25.0,171.0,6.1,1.35,4.0,0.429,0.907,0.72,1489,454,78.0,B (ดี)
271,2025-07-31,2568,7,ฤดูฝน,NHK03,หนองหาร (Lake),ฮางโฮง,7.43,32.7,254.0,7.49,1.26,4.0,0.068,1.082,0.301,5895,2460,87.8,A (ดีมาก)
272,2025-06-14,2568,6,ฤดูฝน,BNH04,ลำห้วย (Tributary),นาแก้ว,6.54,29.9,337.0,4.99,6.97,25.9,1.482,3.902,2.317,94406,38571,49.1,C (พอใช้)
273,2024-12-19,2567,12,ฤดูแล้ง,BNH07,ลำห้วย (Tributary),งิ้วด่อน,7.14,24.2,298.0,4.22,2.89,11.9,0.814,2.065,1.538,21275,5310,59.5,C (พอใช้)
274,2025-08-23,2568,8,ฤดูฝน,BNH01,ลำห้วย (Tributary),ธาตุนาเวง,7.06,30.2,335.0,4.04,6.17,21.7,1.313,3.173,2.288,40780,9135,48.5,C (พอใช้)
275,2024-12-06,2567,12,ฤดูแล้ง,BNH08,ลำห้วย (Tributary),เมืองสกลนคร,7.46,26.2,385.0,3.41,6.32,27.1,1.551,3.179,2.422,53305,29996,43.6,C (พอใช้)
276,2025-06-21,2568,6,ฤดูฝน,BNH06,ลำห้วย (Tributary),เหล่าปอแดง,7.49,28.6,231.0,6.11,3.5,15.8,0.409,2.114,1.133,15133,3825,72.1,B (ดี)
277,2024-11-18,2567,11,ฤดูแล้ง,NHK08,หนองหาร (Lake),นาตงวัฒนา,7.28,27.2,192.0,6.57,1.69,4.0,0.228,0.615,0.235,6531,2689,84.7,A (ดีมาก)
278,2025-06-11,2568,6,ฤดูฝน,NHK10,หนองหาร (Lake),งิ้วด่อน,7.15,30.2,196.0,7.93,1.46,4.0,0.113,0.755,0.602,5874,3429,89.1,A (ดีมาก)
279,2025-03-19,2568,3,ฤดูแล้ง,BNH04,ลำห้วย (Tributary),นาแก้ว,6.75,27.0,420.0,2.02,7.65,38.6,1.718,3.641,2.291,61061,15226,35.6,D (เสื่อมโทรม)
280,2025-07-05,2568,7,ฤดูฝน,BNH01,ลำห้วย (Tributary),ธาตุนาเวง,7.45,30.5,321.0,3.7,6.6,16.2,1.685,3.162,2.432,31634,13795,44.1,C (พอใช้)
281,2025-12-06,2568,12,ฤดูแล้ง,NHK05,หนองหาร (Lake),ท่าแร่,7.33,25.3,216.0,6.15,0.41,4.0,0.184,1.355,0.504,1933,479,79.2,B (ดี)
282,2024-01-09,2567,1,ฤดูแล้ง,NHK03,หนองหาร (Lake),ฮางโฮง,6.99,25.8,177.0,5.73,1.45,8.4,0.227,1.304,0.225,4996,1364,78.7,B (ดี)
283,2024-11-13,2567,11,ฤดูแล้ง,NHK02,หนองหาร (Lake),ธาตุนาเวง,6.91,23.1,305.0,5.01,4.33,22.3,1.004,2.01,1.314,9189,4687,63.3,B (ดี)
284,2024-07-01,2567,7,ฤดูฝน,BNH03,ลำห้วย (Tributary),ท่าแร่,7.51,31.9,436.0,4.05,6.42,20.5,1.427,3.991,2.22,14777,6847,45.5,C (พอใช้)
285,2024-08-15,2567,8,ฤดูฝน,BNH06,ลำห้วย (Tributary),เหล่าปอแดง,7.76,30.0,318.0,5.72,3.28,9.9,0.412,2.104,1.718,4958,2940,67.5,B (ดี)
286,2024-02-18,2567,2,ฤดูแล้ง,BNH03,ลำห้วย (Tributary),ท่าแร่,7.32,27.2,368.0,2.02,6.22,34.2,1.786,3.239,2.488,76063,40153,35.5,D (เสื่อมโทรม)
287,2025-09-23,2568,9,ฤดูฝน,NHK07,หนองหาร (Lake),บ้านแป้น,7.18,28.0,222.0,6.96,1.0,4.0,0.279,0.837,0.289,4109,2184,85.1,A (ดีมาก)
288,2024-08-31,2567,8,ฤดูฝน,NHK09,หนองหาร (Lake),เหล่าปอแดง,7.36,29.3,171.0,8.54,0.78,5.2,0.01,0.829,0.178,2852,1324,94.2,A (ดีมาก)
289,2025-01-27,2568,1,ฤดูแล้ง,BNH06,ลำห้วย (Tributary),เหล่าปอแดง,6.56,23.4,327.0,4.99,3.13,17.9,0.703,2.03,1.343,15026,5959,64.7,B (ดี)
290,2025-09-23,2568,9,ฤดูฝน,BNH04,ลำห้วย (Tributary),นาแก้ว,6.78,30.7,352.0,3.86,5.94,25.8,1.341,3.173,2.19,52210,14122,48.0,C (พอใช้)
291,2025-09-18,2568,9,ฤดูฝน,NHK01,หนองหาร (Lake),เมืองสกลนคร,7.24,29.2,156.0,9.08,1.34,5.4,0.235,0.774,0.169,1142,289,95.6,A (ดีมาก)
292,2024-02-07,2567,2,ฤดูแล้ง,NHK09,หนองหาร (Lake),เหล่าปอแดง,7.15,25.7,199.0,6.95,0.45,4.0,0.389,2.135,0.233,6624,3423,80.4,A (ดีมาก)
293,2024-09-07,2567,9,ฤดูฝน,NHK07,หนองหาร (Lake),บ้านแป้น,6.98,27.0,238.0,8.39,1.54,4.3,0.01,1.056,0.816,8004,3472,89.7,A (ดีมาก)
294,2024-09-11,2567,9,ฤดูฝน,NHK07,หนองหาร (Lake),บ้านแป้น,7.45,30.9,269.0,7.5,0.3,4.0,0.19,0.725,0.272,2627,530,88.5,A (ดีมาก)
295,2025-05-27,2568,5,ฤดูแล้ง,BNH07,ลำห้วย (Tributary),งิ้วด่อน,6.21,29.2,304.0,5.5,4.41,15.1,0.727,2.117,1.487,31756,8985,65.8,B (ดี)
296,2024-04-09,2567,4,ฤดูแล้ง,BNH08,ลำห้วย (Tributary),เมืองสกลนคร,7.08,27.9,493.0,4.35,6.23,26.8,1.769,3.182,2.248,22298,5151,47.4,C (พอใช้)
297,2024-07-04,2567,7,ฤดูฝน,BNH02,ลำห้วย (Tributary),เชียงเครือ,7.74,32.0,335.0,5.88,3.62,23.4,0.689,2.095,1.84,73748,22722,66.0,B (ดี)
298,2025-04-20,2568,4,ฤดูแล้ง,NHK06,หนองหาร (Lake),บ้านแป้น,7.59,30.5,279.0,6.84,3.2,19.5,0.116,0.723,0.182,2900,1370,86.4,A (ดีมาก)
299,2024-10-08,2567,10,ฤดูฝน,NHK08,หนองหาร (Lake),นาตงวัฒนา,7.7,27.7,197.0,8.24,0.39,4.0,0.279,0.989,0.22,1158,269,90.6,A (ดีมาก)
300,2025-10-08,2568,10,ฤดูฝน,NHK07,หนองหาร (Lake),บ้านแป้น,7.26,28.2,168.0,7.93,1.13,12.3,0.238,0.731,0.18,4912,2628,90.6,A (ดีมาก)
301,2024-06-18,2567,6,ฤดูฝน,BNH06,ลำห้วย (Tributary),เหล่าปอแดง,7.29,29.2,340.0,5.71,4.35,23.4,0.55,1.953,1.394,7268,4131,68.8,B (ดี)
302,2024-08-17,2567,8,ฤดูฝน,NHK05,หนองหาร (Lake),ท่าแร่,6.73,30.0,244.0,7.47,0.3,4.0,0.023,1.409,0.235,815,279,87.2,A (ดีมาก)
303,2024-08-26,2567,8,ฤดูฝน,NHK01,หนองหาร (Lake),เมืองสกลนคร,6.87,30.1,265.0,6.36,1.52,4.0,0.01,1.344,0.355,2281,983,81.9,A (ดีมาก)
304,2024-01-06,2567,1,ฤดูแล้ง,NHK09,หนองหาร (Lake),เหล่าปอแดง,7.35,23.4,302.0,6.47,1.85,4.0,0.135,1.137,0.231,3480,1047,83.0,A (ดีมาก)
305,2024-06-01,2567,6,ฤดูฝน,NHK02,หนองหาร (Lake),ธาตุนาเวง,6.78,31.1,288.0,6.06,4.27,17.0,0.829,1.818,1.255,13640,7304,69.8,B (ดี)
306,2024-01-11,2567,1,ฤดูแล้ง,NHK01,หนองหาร (Lake),เมืองสกลนคร,6.2,25.2,204.0,6.9,1.76,9.4,0.161,0.836,0.2,3692,1300,86.0,A (ดีมาก)
307,2024-01-27,2567,1,ฤดูแล้ง,BNH05,ลำห้วย (Tributary),ม่วงลาย,7.96,25.8,254.0,5.06,4.27,20.2,0.632,2.005,1.064,11571,3073,66.9,B (ดี)
308,2024-06-24,2567,6,ฤดูฝน,NHK02,หนองหาร (Lake),ธาตุนาเวง,6.48,30.6,331.0,5.53,2.62,19.4,1.152,2.068,1.471,4747,1037,63.8,B (ดี)
309,2025-11-11,2568,11,ฤดูแล้ง,NHK07,หนองหาร (Lake),บ้านแป้น,6.46,25.7,185.0,6.25,2.05,19.0,0.125,0.764,0.158,2387,939,83.7,A (ดีมาก)
310,2024-07-04,2567,7,ฤดูฝน,NHK09,หนองหาร (Lake),เหล่าปอแดง,7.03,30.6,220.0,8.11,0.3,4.0,0.01,0.767,0.191,4631,2043,92.5,A (ดีมาก)
311,2024-02-07,2567,2,ฤดูแล้ง,NHK03,หนองหาร (Lake),ฮางโฮง,7.29,24.9,251.0,7.45,0.48,6.8,0.31,1.348,0.395,8717,4956,84.9,A (ดีมาก)
312,2025-01-29,2568,1,ฤดูแล้ง,NHK01,หนองหาร (Lake),เมืองสกลนคร,7.29,25.5,164.0,6.58,0.35,4.0,0.383,1.364,0.218,5073,1233,81.4,A (ดีมาก)
313,2025-09-30,2568,9,ฤดูฝน,NHK09,หนองหาร (Lake),เหล่าปอแดง,6.69,29.2,197.0,6.58,1.65,4.0,0.01,0.68,0.569,4516,1250,84.1,A (ดีมาก)
314,2024-04-02,2567,4,ฤดูแล้ง,NHK03,หนองหาร (Lake),ฮางโฮง,7.55,26.3,256.0,7.69,0.3,6.8,0.179,0.662,0.26,3900,1045,89.6,A (ดีมาก)
315,2024-10-12,2567,10,ฤดูฝน,NHK07,หนองหาร (Lake),บ้านแป้น,6.89,27.6,228.0,8.04,1.19,9.1,0.12,0.696,0.218,2493,771,91.6,A (ดีมาก)
316,2025-06-25,2568,6,ฤดูฝน,NHK09,หนองหาร (Lake),เหล่าปอแดง,6.9,29.2,213.0,7.43,0.3,11.4,0.099,1.057,0.789,2601,634,85.0,A (ดีมาก)
317,2024-07-14,2567,7,ฤดูฝน,NHK01,หนองหาร (Lake),เมืองสกลนคร,7.66,30.6,219.0,7.23,0.3,4.0,0.268,1.089,0.238,5920,2845,85.8,A (ดีมาก)
318,2024-01-21,2567,1,ฤดูแล้ง,BNH08,ลำห้วย (Tributary),เมืองสกลนคร,7.18,24.8,284.0,3.2,6.53,25.7,1.666,3.271,2.355,89781,19211,42.0,C (พอใช้)
319,2024-10-03,2567,10,ฤดูฝน,NHK08,หนองหาร (Lake),นาตงวัฒนา,6.77,29.4,275.0,8.36,0.3,4.0,0.01,0.725,0.7,1528,523,91.2,A (ดีมาก)
320,2025-04-05,2568,4,ฤดูแล้ง,NHK10,หนองหาร (Lake),งิ้วด่อน,7.32,26.0,275.0,5.87,0.93,8.6,0.212,1.601,0.698,2585,776,76.1,B (ดี)
321,2025-02-27,2568,2,ฤดูแล้ง,NHK03,หนองหาร (Lake),ฮางโฮง,7.48,24.5,210.0,5.28,2.3,4.0,0.144,0.69,0.754,4190,1106,76.6,B (ดี)
322,2025-05-02,2568,5,ฤดูแล้ง,NHK03,หนองหาร (Lake),ฮางโฮง,7.11,31.4,238.0,6.73,0.66,5.4,0.262,0.705,0.169,27182,12444,85.2,A (ดีมาก)
323,2024-10-02,2567,10,ฤดูฝน,NHK05,หนองหาร (Lake),ท่าแร่,7.61,28.2,303.0,8.65,0.47,4.0,0.121,1.395,0.652,3972,1348,89.8,A (ดีมาก)
324,2025-08-29,2568,8,ฤดูฝน,NHK05,หนองหาร (Lake),ท่าแร่,7.28,29.9,279.0,7.03,2.0,11.9,0.01,1.65,0.299,2272,822,84.2,A (ดีมาก)
325,2024-02-26,2567,2,ฤดูแล้ง,NHK02,หนองหาร (Lake),ธาตุนาเวง,7.09,26.6,292.0,4.63,4.18,23.3,1.543,2.605,1.281,14016,7806,56.7,C (พอใช้)
326,2024-02-23,2567,2,ฤดูแล้ง,BNH01,ลำห้วย (Tributary),ธาตุนาเวง,7.01,25.2,391.0,2.19,7.48,45.0,1.757,3.216,2.591,20989,12510,36.0,D (เสื่อมโทรม)
327,2024-10-12,2567,10,ฤดูฝน,NHK06,หนองหาร (Lake),บ้านแป้น,7.27,26.6,260.0,7.3,0.9,4.0,0.01,0.871,0.161,730,293,88.7,A (ดีมาก)
328,2024-04-26,2567,4,ฤดูแล้ง,NHK10,หนองหาร (Lake),งิ้วด่อน,7.5,29.7,169.0,6.4,1.71,8.9,0.109,0.804,0.685,1219,460,81.7,A (ดีมาก)
329,2024-03-25,2567,3,ฤดูแล้ง,NHK02,หนองหาร (Lake),ธาตุนาเวง,7.44,26.7,315.0,5.0,5.24,31.3,1.225,2.978,1.362,9381,5415,58.5,C (พอใช้)
330,2025-12-30,2568,12,ฤดูแล้ง,BNH04,ลำห้วย (Tributary),นาแก้ว,7.4,23.5,380.0,2.92,5.4,28.0,1.629,3.331,2.235,70365,30064,41.4,C (พอใช้)
331,2024-02-25,2567,2,ฤดูแล้ง,NHK02,หนองหาร (Lake),ธาตุนาเวง,6.62,26.5,264.0,4.44,2.79,24.7,1.003,1.927,1.537,50331,25945,59.9,C (พอใช้)
332,2025-01-30,2568,1,ฤดูแล้ง,BNH07,ลำห้วย (Tributary),งิ้วด่อน,7.43,23.7,360.0,5.45,4.72,24.7,0.654,2.732,1.585,19025,8510,63.4,B (ดี)
333,2025-04-14,2568,4,ฤดูแล้ง,BNH02,ลำห้วย (Tributary),เชียงเครือ,7.17,28.9,327.0,6.28,4.86,20.6,1.168,2.038,1.205,14308,6235,68.4,B (ดี)
334,2024-10-04,2567,10,ฤดูฝน,BNH06,ลำห้วย (Tributary),เหล่าปอแดง,7.17,27.2,283.0,6.21,2.6,11.2,0.442,2.143,1.734,4369,1421,69.3,B (ดี)
335,2025-11-26,2568,11,ฤดูแล้ง,NHK04,หนองหาร (Lake),เชียงเครือ,7.62,27.8,204.0,7.43,0.3,4.0,0.316,2.214,0.154,2623,1384,83.1,A (ดีมาก)
336,2025-04-16,2568,4,ฤดูแล้ง,NHK08,หนองหาร (Lake),นาตงวัฒนา,6.98,29.5,152.0,6.24,0.6,4.0,0.102,1.044,0.22,5886,2884,82.6,A (ดีมาก)
337,2025-02-11,2568,2,ฤดูแล้ง,NHK04,หนองหาร (Lake),เชียงเครือ,7.14,26.0,228.0,5.96,2.2,16.0,0.104,0.764,0.376,7250,1731,81.4,A (ดีมาก)
338,2024-02-08,2567,2,ฤดูแล้ง,BNH08,ลำห้วย (Tributary),เมืองสกลนคร,7.1,26.9,414.0,3.15,6.29,31.6,1.859,3.758,2.236,201965,78637,39.7,D (เสื่อมโทรม)
339,2025-02-17,2568,2,ฤดูแล้ง,NHK10,หนองหาร (Lake),งิ้วด่อน,6.66,27.0,92.0,6.23,0.3,4.0,0.182,0.68,0.221,2096,1150,83.3,A (ดีมาก)
340,2025-06-18,2568,6,ฤดูฝน,NHK05,หนองหาร (Lake),ท่าแร่,7.47,29.3,222.0,7.49,0.3,4.6,0.01,0.606,0.482,3906,1910,88.8,A (ดีมาก)
341,2025-02-03,2568,2,ฤดูแล้ง,NHK03,หนองหาร (Lake),ฮางโฮง,7.3,25.0,240.0,7.24,2.08,12.0,0.236,0.928,0.266,6700,1484,86.4,A (ดีมาก)
342,2024-04-08,2567,4,ฤดูแล้ง,BNH08,ลำห้วย (Tributary),เมืองสกลนคร,6.95,30.5,397.0,2.14,6.25,26.2,1.701,4.116,2.706,98083,35135,32.6,D (เสื่อมโทรม)
343,2025-04-23,2568,4,ฤดูแล้ง,NHK08,หนองหาร (Lake),นาตงวัฒนา,7.18,27.5,176.0,8.0,1.99,20.2,0.281,1.043,0.21,4193,1451,89.4,A (ดีมาก)
344,2025-03-07,2568,3,ฤดูแล้ง,BNH08,ลำห้วย (Tributary),เมืองสกลนคร,6.43,27.4,311.0,2.86,6.5,28.5,1.698,3.82,2.515,90914,41574,37.7,D (เสื่อมโทรม)
345,2024-11-08,2567,11,ฤดูแล้ง,NHK03,หนองหาร (Lake),ฮางโฮง,7.54,26.2,239.0,6.35,0.62,8.2,0.19,0.97,0.612,5478,3185,80.9,A (ดีมาก)
346,2025-09-05,2568,9,ฤดูฝน,BNH08,ลำห้วย (Tributary),เมืองสกลนคร,6.54,29.7,407.0,3.95,5.26,22.8,1.397,3.671,2.173,102098,32023,46.5,C (พอใช้)
347,2025-05-01,2568,5,ฤดูแล้ง,NHK09,หนองหาร (Lake),เหล่าปอแดง,7.26,29.4,189.0,6.36,0.62,4.0,0.124,1.201,0.431,1612,457,81.4,A (ดีมาก)
348,2024-09-27,2567,9,ฤดูฝน,NHK10,หนองหาร (Lake),งิ้วด่อน,6.72,29.4,198.0,7.27,1.65,9.6,0.071,0.91,0.166,4626,2234,88.0,A (ดีมาก)
349,2024-11-20,2567,11,ฤดูแล้ง,NHK05,หนองหาร (Lake),ท่าแร่,6.89,26.0,229.0,7.49,2.76,14.2,0.156,0.834,0.549,3968,2031,86.9,A (ดีมาก)
350,2024-03-27,2567,3,ฤดูแล้ง,NHK02,หนองหาร (Lake),ธาตุนาเวง,8.05,27.1,301.0,4.47,3.5,9.4,1.317,2.195,1.899,5142,1745,55.5,C (พอใช้)
351,2024-12-28,2567,12,ฤดูแล้ง,NHK09,หนองหาร (Lake),เหล่าปอแดง,6.76,26.6,264.0,6.34,0.3,4.0,0.135,1.628,0.21,6315,3063,80.9,A (ดีมาก)
352,2024-05-24,2567,5,ฤดูแล้ง,NHK09,หนองหาร (Lake),เหล่าปอแดง,7.35,32.1,215.0,6.6,1.46,8.7,0.209,0.671,0.318,2671,1042,84.3,A (ดีมาก)
353,2025-01-11,2568,1,ฤดูแล้ง,NHK07,หนองหาร (Lake),บ้านแป้น,7.55,26.2,152.0,6.69,1.88,9.4,0.112,1.376,0.383,1593,404,82.6,A (ดีมาก)
354,2025-06-11,2568,6,ฤดูฝน,NHK02,หนองหาร (Lake),ธาตุนาเวง,7.15,30.2,324.0,4.57,2.48,4.0,0.866,1.818,1.277,8154,4221,62.9,B (ดี)
355,2025-03-12,2568,3,ฤดูแล้ง,BNH05,ลำห้วย (Tributary),ม่วงลาย,7.91,26.0,268.0,3.22,2.34,11.7,1.062,2.021,1.333,23333,5058,54.8,C (พอใช้)
356,2024-08-21,2567,8,ฤดูฝน,BNH04,ลำห้วย (Tributary),นาแก้ว,7.4,31.2,400.0,5.16,6.53,29.4,1.402,3.104,2.327,20072,11467,52.9,C (พอใช้)
357,2025-11-13,2568,11,ฤดูแล้ง,NHK08,หนองหาร (Lake),นาตงวัฒนา,7.26,25.5,254.0,5.56,0.58,4.0,0.144,0.602,0.356,4631,1068,80.1,A (ดีมาก)
358,2024-01-22,2567,1,ฤดูแล้ง,NHK04,หนองหาร (Lake),เชียงเครือ,6.76,23.8,153.0,6.31,2.77,10.3,0.347,0.751,0.198,1301,338,82.6,A (ดีมาก)
359,2024-10-24,2567,10,ฤดูฝน,BNH06,ลำห้วย (Tributary),เหล่าปอแดง,6.78,28.2,351.0,6.88,1.89,8.8,0.455,1.927,1.073,19953,8062,76.2,B (ดี)
360,2025-02-14,2568,2,ฤดูแล้ง,NHK03,หนองหาร (Lake),ฮางโฮง,7.05,26.4,226.0,6.78,2.53,16.9,0.115,0.683,0.523,3344,1275,84.6,A (ดีมาก)
361,2025-01-07,2568,1,ฤดูแล้ง,NHK06,หนองหาร (Lake),บ้านแป้น,6.56,25.1,208.0,6.97,0.39,16.4,0.199,0.824,0.956,1723,501,82.3,A (ดีมาก)
362,2024-12-21,2567,12,ฤดูแล้ง,BNH02,ลำห้วย (Tributary),เชียงเครือ,6.94,23.2,330.0,5.73,4.13,13.0,0.67,3.613,1.11,9409,4792,64.0,B (ดี)
363,2024-05-10,2567,5,ฤดูแล้ง,BNH05,ลำห้วย (Tributary),ม่วงลาย,6.97,27.8,319.0,3.76,3.67,23.2,0.609,2.453,1.109,32531,13624,59.5,C (พอใช้)
364,2024-10-30,2567,10,ฤดูฝน,NHK05,หนองหาร (Lake),ท่าแร่,6.85,26.7,229.0,8.24,0.3,4.0,0.11,0.784,0.3,2303,1051,91.9,A (ดีมาก)
365,2024-05-19,2567,5,ฤดูแล้ง,BNH06,ลำห้วย (Tributary),เหล่าปอแดง,7.71,30.7,296.0,5.28,2.91,4.8,0.647,2.61,1.077,19069,5703,65.7,B (ดี)
366,2024-02-10,2567,2,ฤดูแล้ง,NHK02,หนองหาร (Lake),ธาตุนาเวง,6.82,24.2,299.0,3.8,4.54,31.0,1.367,2.099,1.312,14622,8746,55.5,C (พอใช้)
367,2025-10-20,2568,10,ฤดูฝน,BNH06,ลำห้วย (Tributary),เหล่าปอแดง,7.48,28.9,300.0,5.53,2.43,4.0,0.444,2.307,1.347,11203,6621,67.6,B (ดี)
368,2024-11-28,2567,11,ฤดูแล้ง,NHK07,หนองหาร (Lake),บ้านแป้น,6.92,24.2,190.0,6.11,1.78,4.0,0.451,1.23,0.225,2980,1019,79.4,B (ดี)
369,2024-10-05,2567,10,ฤดูฝน,BNH07,ลำห้วย (Tributary),งิ้วด่อน,6.96,26.2,298.0,5.92,2.12,14.0,0.68,2.421,1.187,17954,5935,68.4,B (ดี)
370,2024-01-09,2567,1,ฤดูแล้ง,BNH07,ลำห้วย (Tributary),งิ้วด่อน,7.24,23.1,381.0,4.21,4.05,16.5,0.686,3.197,1.059,17380,4523,58.8,C (พอใช้)
371,2025-11-22,2568,11,ฤดูแล้ง,NHK04,หนองหาร (Lake),เชียงเครือ,7.55,26.2,195.0,7.25,2.48,8.3,0.443,0.714,0.278,8649,4527,85.9,A (ดีมาก)
372,2025-07-10,2568,7,ฤดูฝน,NHK10,หนองหาร (Lake),งิ้วด่อน,7.04,30.6,213.0,7.0,0.67,5.7,0.01,1.087,0.161,537,196,86.6,A (ดีมาก)
373,2024-10-21,2567,10,ฤดูฝน,BNH05,ลำห้วย (Tributary),ม่วงลาย,7.0,28.3,374.0,5.49,2.9,11.1,0.52,2.012,1.171,69476,34739,68.9,B (ดี)
374,2024-07-30,2567,7,ฤดูฝน,BNH05,ลำห้วย (Tributary),ม่วงลาย,7.1,32.2,372.0,5.75,2.1,24.0,0.45,2.19,1.089,8727,3695,70.2,B (ดี)
375,2024-01-19,2567,1,ฤดูแล้ง,NHK07,หนองหาร (Lake),บ้านแป้น,7.3,23.3,264.0,7.21,0.98,9.3,0.13,1.291,0.153,2704,1231,86.2,A (ดีมาก)
376,2025-09-13,2568,9,ฤดูฝน,NHK01,หนองหาร (Lake),เมืองสกลนคร,7.78,26.9,247.0,7.6,0.3,6.4,0.01,0.703,0.294,989,570,89.9,A (ดีมาก)
377,2025-11-11,2568,11,ฤดูแล้ง,BNH08,ลำห้วย (Tributary),เมืองสกลนคร,7.29,28.5,365.0,3.61,7.35,36.1,1.657,3.121,2.361,82884,19797,44.4,C (พอใช้)
378,2024-12-29,2567,12,ฤดูแล้ง,NHK04,หนองหาร (Lake),เชียงเครือ,6.96,24.7,280.0,7.11,2.18,7.2,0.456,0.702,0.223,4600,2756,85.5,A (ดีมาก)
379,2025-09-15,2568,9,ฤดูฝน,NHK09,หนองหาร (Lake),เหล่าปอแดง,7.59,28.6,215.0,8.55,1.07,8.5,0.014,1.134,0.241,4690,1695,92.9,A (ดีมาก)
380,2024-08-31,2567,8,ฤดูฝน,NHK07,หนองหาร (Lake),บ้านแป้น,7.57,31.6,273.0,7.67,0.64,4.0,0.094,1.853,0.437,724,178,85.2,A (ดีมาก)
381,2024-08-07,2567,8,ฤดูฝน,BNH06,ลำห้วย (Tributary),เหล่าปอแดง,7.23,30.3,320.0,6.79,2.79,21.2,0.435,2.003,1.088,13328,7909,75.6,B (ดี)
382,2025-06-29,2568,6,ฤดูฝน,NHK03,หนองหาร (Lake),ฮางโฮง,7.24,29.7,186.0,8.56,0.3,4.0,0.104,0.669,0.316,2877,1131,93.6,A (ดีมาก)
383,2025-05-02,2568,5,ฤดูแล้ง,NHK06,หนองหาร (Lake),บ้านแป้น,7.12,30.6,240.0,6.31,0.3,4.0,0.454,0.654,0.226,3442,1255,82.2,A (ดีมาก)
384,2025-01-28,2568,1,ฤดูแล้ง,NHK09,หนองหาร (Lake),เหล่าปอแดง,7.88,26.4,233.0,6.98,1.58,9.4,0.101,0.62,0.969,22707,8158,83.6,A (ดีมาก)
385,2024-07-22,2567,7,ฤดูฝน,NHK01,หนองหาร (Lake),เมืองสกลนคร,7.41,31.8,245.0,7.39,0.41,5.4,0.19,0.74,0.454,3683,894,87.0,A (ดีมาก)
386,2024-06-05,2567,6,ฤดูฝน,NHK07,หนองหาร (Lake),บ้านแป้น,7.26,30.9,224.0,6.6,2.56,4.0,0.304,0.639,0.183,3401,792,84.5,A (ดีมาก)
387,2025-11-11,2568,11,ฤดูแล้ง,BNH01,ลำห้วย (Tributary),ธาตุนาเวง,6.56,27.8,414.0,3.67,7.65,32.0,1.619,3.664,2.223,14306,5934,43.7,C (พอใช้)
388,2024-07-05,2567,7,ฤดูฝน,BNH04,ลำห้วย (Tributary),นาแก้ว,7.43,31.8,382.0,3.09,6.41,20.5,1.435,3.667,2.718,35082,11163,39.7,D (เสื่อมโทรม)
389,2025-03-14,2568,3,ฤดูแล้ง,BNH07,ลำห้วย (Tributary),งิ้วด่อน,6.98,26.9,380.0,4.18,3.46,25.2,0.8,2.89,1.208,14363,7002,58.3,C (พอใช้)
390,2024-10-16,2567,10,ฤดูฝน,BNH05,ลำห้วย (Tributary),ม่วงลาย,7.27,28.9,353.0,7.45,3.49,16.4,0.465,2.628,1.065,14362,3876,76.4,B (ดี)
391,2025-04-25,2568,4,ฤดูแล้ง,BNH05,ลำห้วย (Tributary),ม่วงลาย,7.52,26.3,304.0,4.7,3.08,9.3,0.81,2.046,1.423,13866,4799,62.3,B (ดี)
392,2025-12-28,2568,12,ฤดูแล้ง,BNH03,ลำห้วย (Tributary),ท่าแร่,6.99,25.5,404.0,2.42,8.76,34.6,1.62,3.708,2.224,42078,16669,38.0,D (เสื่อมโทรม)
393,2024-11-10,2567,11,ฤดูแล้ง,NHK10,หนองหาร (Lake),งิ้วด่อน,7.52,25.1,205.0,6.46,0.3,4.0,0.18,1.064,0.225,2115,732,83.0,A (ดีมาก)
394,2025-09-05,2568,9,ฤดูฝน,NHK08,หนองหาร (Lake),นาตงวัฒนา,7.37,29.5,214.0,7.06,0.38,4.0,0.063,1.409,0.606,2366,687,83.3,A (ดีมาก)
395,2024-02-22,2567,2,ฤดูแล้ง,BNH07,ลำห้วย (Tributary),งิ้วด่อน,7.27,26.6,336.0,3.91,4.15,26.2,0.663,2.169,1.509,6582,3022,58.8,C (พอใช้)
396,2024-01-01,2567,1,ฤดูแล้ง,BNH06,ลำห้วย (Tributary),เหล่าปอแดง,7.05,26.4,298.0,5.3,4.06,25.7,0.73,2.453,1.437,33509,18955,64.0,B (ดี)
397,2024-06-07,2567,6,ฤดูฝน,BNH06,ลำห้วย (Tributary),เหล่าปอแดง,6.98,29.3,341.0,4.95,3.33,13.5,0.461,2.998,1.219,7358,2251,63.3,B (ดี)
398,2025-04-09,2568,4,ฤดูแล้ง,BNH06,ลำห้วย (Tributary),เหล่าปอแดง,7.16,30.2,285.0,4.52,2.96,13.6,0.703,2.633,1.294,17636,10279,60.8,B (ดี)
399,2024-09-27,2567,9,ฤดูฝน,BNH07,ลำห้วย (Tributary),งิ้วด่อน,7.45,28.4,287.0,6.34,3.75,18.9,0.644,1.912,1.151,30785,11443,72.4,B (ดี)
400,2024-01-10,2567,1,ฤดูแล้ง,NHK04,หนองหาร (Lake),เชียงเครือ,7.26,24.6,171.0,7.46,1.74,12.5,0.297,1.04,0.157,4854,1047,87.2,A (ดีมาก)
401,2025-10-01,2568,10,ฤดูฝน,NHK05,หนองหาร (Lake),ท่าแร่,7.35,28.5,196.0,8.67,0.3,4.0,0.01,0.902,0.817,5217,1780,91.4,A (ดีมาก)
402,2024-01-16,2567,1,ฤดูแล้ง,BNH01,ลำห้วย (Tributary),ธาตุนาเวง,6.88,26.1,404.0,2.66,7.3,36.1,1.539,3.105,2.214,219803,57831,41.6,C (พอใช้)
403,2024-05-31,2567,5,ฤดูแล้ง,NHK05,หนองหาร (Lake),ท่าแร่,6.81,29.7,238.0,6.54,1.43,10.4,0.266,0.643,0.173,3706,759,84.5,A (ดีมาก)
404,2025-02-24,2568,2,ฤดูแล้ง,BNH02,ลำห้วย (Tributary),เชียงเครือ,7.13,24.8,378.0,4.46,2.98,7.6,0.638,2.628,1.37,15714,5700,60.6,B (ดี)
405,2025-12-24,2568,12,ฤดูแล้ง,BNH08,ลำห้วย (Tributary),เมืองสกลนคร,7.39,25.8,379.0,1.89,6.05,30.9,1.501,3.1,2.851,67059,34936,35.2,D (เสื่อมโทรม)
406,2024-11-14,2567,11,ฤดูแล้ง,BNH04,ลำห้วย (Tributary),นาแก้ว,7.12,27.3,371.0,3.55,7.25,27.3,1.513,3.161,2.491,46388,14618,44.1,C (พอใช้)
407,2024-05-10,2567,5,ฤดูแล้ง,NHK05,หนองหาร (Lake),ท่าแร่,7.64,30.6,236.0,8.0,1.84,4.6,0.146,1.054,0.189,7292,3833,90.3,A (ดีมาก)
408,2025-09-18,2568,9,ฤดูฝน,BNH08,ลำห้วย (Tributary),เมืองสกลนคร,7.17,28.3,372.0,4.82,6.32,31.3,1.32,3.159,2.382,32097,12908,51.4,C (พอใช้)
409,2025-06-10,2568,6,ฤดูฝน,NHK07,หนองหาร (Lake),บ้านแป้น,7.53,29.0,159.0,6.97,0.89,4.0,0.171,0.677,0.629,1707,355,84.6,A (ดีมาก)
410,2025-07-17,2568,7,ฤดูฝน,NHK04,หนองหาร (Lake),เชียงเครือ,7.53,31.6,252.0,7.74,0.63,17.7,0.431,0.814,0.27,2374,747,87.9,A (ดีมาก)
411,2024-05-14,2567,5,ฤดูแล้ง,NHK05,หนองหาร (Lake),ท่าแร่,7.13,27.7,223.0,5.63,0.3,4.0,0.272,0.707,0.652,21443,6420,77.8,B (ดี)
412,2025-08-19,2568,8,ฤดูฝน,NHK03,หนองหาร (Lake),ฮางโฮง,6.95,31.5,231.0,8.05,1.79,4.0,0.135,0.822,0.922,6255,2213,87.6,A (ดีมาก)
413,2025-08-17,2568,8,ฤดูฝน,NHK10,หนองหาร (Lake),งิ้วด่อน,7.78,28.2,215.0,6.99,1.15,4.0,0.111,1.06,0.193,1201,443,86.0,A (ดีมาก)
414,2024-07-24,2567,7,ฤดูฝน,NHK08,หนองหาร (Lake),นาตงวัฒนา,7.72,32.5,227.0,8.46,1.87,8.0,0.01,0.694,0.821,9433,5179,91.1,A (ดีมาก)
415,2025-12-23,2568,12,ฤดูแล้ง,BNH04,ลำห้วย (Tributary),นาแก้ว,7.24,24.8,386.0,4.66,8.05,31.7,1.513,3.134,2.192,62557,28583,50.7,C (พอใช้)
416,2024-09-30,2567,9,ฤดูฝน,NHK08,หนองหาร (Lake),นาตงวัฒนา,6.64,32.2,236.0,7.99,0.3,12.5,0.01,1.005,0.467,2930,1181,89.8,A (ดีมาก)
417,2024-01-23,2567,1,ฤดูแล้ง,NHK05,หนองหาร (Lake),ท่าแร่,7.32,25.7,242.0,8.18,2.46,11.6,0.216,1.972,0.225,1914,476,87.4,A (ดีมาก)
418,2024-01-04,2567,1,ฤดูแล้ง,NHK09,หนองหาร (Lake),เหล่าปอแดง,7.27,23.9,184.0,6.36,0.44,8.6,0.267,1.383,0.523,8567,2341,79.5,B (ดี)
419,2025-09-01,2568,9,ฤดูฝน,BNH03,ลำห้วย (Tributary),ท่าแร่,6.75,29.6,386.0,4.29,6.37,21.3,1.379,3.122,2.376,105423,37102,48.9,C (พอใช้)
420,2025-11-09,2568,11,ฤดูแล้ง,BNH05,ลำห้วย (Tributary),ม่วงลาย,7.61,25.3,384.0,4.8,5.68,21.6,0.716,2.205,1.137,10272,3600,64.2,B (ดี)
421,2025-09-29,2568,9,ฤดูฝน,BNH02,ลำห้วย (Tributary),เชียงเครือ,6.88,29.0,288.0,6.34,2.89,11.6,0.519,2.086,1.351,6339,1702,71.5,B (ดี)
422,2024-05-20,2567,5,ฤดูแล้ง,BNH01,ลำห้วย (Tributary),ธาตุนาเวง,6.56,30.5,404.0,2.62,7.07,30.8,1.606,3.162,2.751,78635,37793,38.2,D (เสื่อมโทรม)
423,2024-12-24,2567,12,ฤดูแล้ง,NHK03,หนองหาร (Lake),ฮางโฮง,7.32,23.7,220.0,6.23,1.72,4.0,0.176,0.773,0.264,7242,2033,82.8,A (ดีมาก)
424,2025-08-21,2568,8,ฤดูฝน,BNH04,ลำห้วย (Tributary),นาแก้ว,7.28,31.5,369.0,4.09,7.45,42.5,1.488,3.733,2.222,76703,17655,46.1,C (พอใช้)
425,2024-12-10,2567,12,ฤดูแล้ง,NHK07,หนองหาร (Lake),บ้านแป้น,6.67,23.2,221.0,6.01,2.1,5.3,0.106,1.427,0.288,8959,4890,79.9,B (ดี)
426,2024-04-08,2567,4,ฤดูแล้ง,NHK07,หนองหาร (Lake),บ้านแป้น,6.79,28.8,246.0,6.56,1.39,4.4,0.167,1.646,0.467,4595,2049,80.4,A (ดีมาก)
427,2024-12-06,2567,12,ฤดูแล้ง,NHK06,หนองหาร (Lake),บ้านแป้น,7.28,26.8,239.0,7.15,0.67,6.5,0.316,1.176,0.155,3997,2353,85.3,A (ดีมาก)
428,2025-03-09,2568,3,ฤดูแล้ง,NHK05,หนองหาร (Lake),ท่าแร่,6.81,27.7,269.0,5.86,0.6,11.7,0.465,0.875,0.526,7081,3692,77.8,B (ดี)
429,2025-10-01,2568,10,ฤดูฝน,BNH01,ลำห้วย (Tributary),ธาตุนาเวง,6.72,29.3,359.0,3.85,6.31,36.1,1.353,3.196,2.235,18862,7972,47.6,C (พอใช้)
430,2024-06-28,2567,6,ฤดูฝน,BNH07,ลำห้วย (Tributary),งิ้วด่อน,7.58,29.5,278.0,6.03,3.62,14.6,0.784,1.925,1.26,45793,15092,69.6,B (ดี)
431,2025-11-10,2568,11,ฤดูแล้ง,BNH03,ลำห้วย (Tributary),ท่าแร่,7.34,26.6,356.0,2.22,6.16,21.6,1.71,3.215,2.222,25015,10936,38.3,D (เสื่อมโทรม)
432,2024-05-04,2567,5,ฤดูแล้ง,NHK03,หนองหาร (Lake),ฮางโฮง,7.73,29.2,251.0,6.86,2.81,10.5,0.222,1.117,0.524,2487,1410,82.9,A (ดีมาก)
433,2024-01-06,2567,1,ฤดูแล้ง,NHK07,หนองหาร (Lake),บ้านแป้น,7.49,23.3,183.0,7.61,1.39,12.2,0.133,0.676,0.451,4164,2046,88.5,A (ดีมาก)
434,2025-08-20,2568,8,ฤดูฝน,NHK05,หนองหาร (Lake),ท่าแร่,7.54,28.6,224.0,8.4,0.3,4.0,0.323,2.67,0.866,7457,2023,82.2,A (ดีมาก)
435,2025-05-11,2568,5,ฤดูแล้ง,NHK10,หนองหาร (Lake),งิ้วด่อน,7.48,30.1,238.0,5.69,3.09,13.4,0.262,1.075,0.501,9412,2796,77.7,B (ดี)
436,2024-04-29,2567,4,ฤดูแล้ง,BNH04,ลำห้วย (Tributary),นาแก้ว,7.22,28.6,455.0,3.31,7.42,38.4,1.506,3.477,2.242,23393,5522,43.3,C (พอใช้)
437,2025-06-21,2568,6,ฤดูฝน,BNH02,ลำห้วย (Tributary),เชียงเครือ,7.68,30.4,284.0,5.72,3.46,11.8,0.755,2.859,1.477,3225,1424,64.2,B (ดี)
438,2024-06-06,2567,6,ฤดูฝน,BNH07,ลำห้วย (Tributary),งิ้วด่อน,6.95,32.6,238.0,7.92,3.84,24.6,0.504,1.986,1.219,22505,8901,79.6,B (ดี)
439,2025-09-09,2568,9,ฤดูฝน,BNH04,ลำห้วย (Tributary),นาแก้ว,7.23,30.1,336.0,3.35,5.05,24.7,1.323,3.593,2.218,115939,36316,44.3,C (พอใช้)
440,2025-11-29,2568,11,ฤดูแล้ง,BNH06,ลำห้วย (Tributary),เหล่าปอแดง,7.62,25.2,300.0,5.16,5.11,22.5,0.618,2.034,1.254,8981,2132,66.4,B (ดี)
441,2024-02-28,2567,2,ฤดูแล้ง,BNH08,ลำห้วย (Tributary),เมืองสกลนคร,6.49,25.1,375.0,3.16,6.3,14.3,1.602,3.176,2.249,29901,8984,43.0,C (พอใช้)
442,2025-07-02,2568,7,ฤดูฝน,BNH08,ลำห้วย (Tributary),เมืองสกลนคร,7.07,31.0,351.0,3.66,8.05,46.9,1.313,3.231,2.503,35016,20225,45.5,C (พอใช้)
443,2025-08-09,2568,8,ฤดูฝน,BNH06,ลำห้วย (Tributary),เหล่าปอแดง,7.08,29.3,410.0,5.7,2.41,13.9,0.52,2.772,1.068,26818,10331,67.8,B (ดี)
444,2025-10-30,2568,10,ฤดูฝน,NHK09,หนองหาร (Lake),เหล่าปอแดง,7.49,28.0,208.0,8.04,0.44,6.9,0.052,0.631,0.412,7893,1617,91.3,A (ดีมาก)
445,2025-09-11,2568,9,ฤดูฝน,BNH03,ลำห้วย (Tributary),ท่าแร่,7.17,27.9,336.0,4.89,5.62,30.7,1.425,3.212,3.133,42558,22051,47.2,C (พอใช้)
446,2025-07-22,2568,7,ฤดูฝน,BNH07,ลำห้วย (Tributary),งิ้วด่อน,6.94,31.0,276.0,5.92,3.55,12.3,0.413,1.944,1.184,10269,2280,71.6,B (ดี)
447,2024-07-22,2567,7,ฤดูฝน,BNH06,ลำห้วย (Tributary),เหล่าปอแดง,6.95,29.9,307.0,7.22,2.06,15.3,0.626,1.92,1.429,8096,3322,74.9,B (ดี)
448,2024-10-09,2567,10,ฤดูฝน,BNH06,ลำห้วย (Tributary),เหล่าปอแดง,6.74,26.7,317.0,5.16,3.78,17.3,0.4,1.999,1.195,15524,6421,68.0,B (ดี)
449,2025-12-09,2568,12,ฤดูแล้ง,BNH05,ลำห้วย (Tributary),ม่วงลาย,7.09,24.8,293.0,5.48,3.09,9.3,0.615,3.082,1.563,11332,3463,62.7,B (ดี)
450,2024-04-03,2567,4,ฤดูแล้ง,NHK04,หนองหาร (Lake),เชียงเครือ,7.71,28.1,224.0,5.54,0.3,4.0,0.161,1.181,0.327,1630,564,78.1,B (ดี)
451,2024-01-06,2567,1,ฤดูแล้ง,NHK07,หนองหาร (Lake),บ้านแป้น,7.09,24.7,334.0,5.56,0.8,4.0,0.14,0.601,0.253,3996,1461,80.6,A (ดีมาก)
452,2024-05-11,2567,5,ฤดูแล้ง,BNH03,ลำห้วย (Tributary),ท่าแร่,6.47,29.2,333.0,3.44,6.87,23.1,1.591,3.702,2.281,52476,24017,42.5,C (พอใช้)
453,2025-05-29,2568,5,ฤดูแล้ง,NHK01,หนองหาร (Lake),เมืองสกลนคร,7.44,30.8,233.0,7.8,1.06,12.1,0.394,0.856,0.492,1141,345,87.1,A (ดีมาก)
454,2024-08-26,2567,8,ฤดูฝน,BNH02,ลำห้วย (Tributary),เชียงเครือ,6.47,31.8,313.0,6.48,3.69,19.2,0.518,2.041,1.336,17234,5330,72.3,B (ดี)
455,2025-10-04,2568,10,ฤดูฝน,BNH01,ลำห้วย (Tributary),ธาตุนาเวง,7.69,27.0,393.0,3.73,7.65,27.5,1.306,3.251,2.556,98812,41853,45.5,C (พอใช้)
456,2025-07-10,2568,7,ฤดูฝน,NHK07,หนองหาร (Lake),บ้านแป้น,7.26,32.0,253.0,5.79,1.22,6.6,0.01,0.709,0.201,3509,846,82.3,A (ดีมาก)
457,2024-03-11,2567,3,ฤดูแล้ง,BNH03,ลำห้วย (Tributary),ท่าแร่,7.44,27.0,345.0,3.46,6.45,25.2,1.695,3.508,2.904,158200,32022,39.5,D (เสื่อมโทรม)
458,2025-12-16,2568,12,ฤดูแล้ง,BNH04,ลำห้วย (Tributary),นาแก้ว,7.16,24.1,343.0,2.94,6.83,39.7,1.645,3.294,2.181,62250,23257,41.8,C (พอใช้)
459,2024-08-15,2567,8,ฤดูฝน,NHK03,หนองหาร (Lake),ฮางโฮง,6.56,29.7,260.0,7.2,0.91,4.0,0.01,0.618,0.235,13417,3025,88.7,A (ดีมาก)
460,2024-08-08,2567,8,ฤดูฝน,NHK08,หนองหาร (Lake),นาตงวัฒนา,6.27,31.7,302.0,7.97,1.39,8.3,0.01,1.072,0.502,1879,476,89.3,A (ดีมาก)
461,2025-09-19,2568,9,ฤดูฝน,NHK04,หนองหาร (Lake),เชียงเครือ,7.02,28.9,196.0,8.51,1.82,14.2,0.01,1.759,0.177,5435,1115,91.0,A (ดีมาก)
462,2024-09-11,2567,9,ฤดูฝน,BNH02,ลำห้วย (Tributary),เชียงเครือ,7.33,31.5,261.0,5.77,2.65,14.4,0.503,2.071,1.358,7816,3500,69.1,B (ดี)
463,2025-08-18,2568,8,ฤดูฝน,BNH04,ลำห้วย (Tributary),นาแก้ว,6.96,28.9,333.0,4.0,4.99,28.0,1.551,3.374,2.201,50101,24126,46.7,C (พอใช้)
464,2024-10-17,2567,10,ฤดูฝน,NHK09,หนองหาร (Lake),เหล่าปอแดง,7.26,28.7,150.0,7.97,2.19,23.9,0.039,0.689,0.988,1730,952,88.0,A (ดีมาก)
465,2024-10-08,2567,10,ฤดูฝน,NHK02,หนองหาร (Lake),ธาตุนาเวง,6.87,28.7,226.0,6.21,3.06,23.1,1.038,1.81,1.42,19486,6379,68.5,B (ดี)
466,2025-11-30,2568,11,ฤดูแล้ง,NHK02,หนองหาร (Lake),ธาตุนาเวง,6.64,24.9,377.0,4.27,3.68,13.4,1.065,2.337,1.449,17404,5064,57.9,C (พอใช้)
467,2025-12-08,2568,12,ฤดูแล้ง,NHK02,หนองหาร (Lake),ธาตุนาเวง,7.35,26.4,278.0,3.76,2.84,14.4,1.237,2.102,1.391,12590,4575,55.7,C (พอใช้)
468,2024-12-05,2567,12,ฤดูแล้ง,BNH08,ลำห้วย (Tributary),เมืองสกลนคร,6.57,25.9,384.0,3.97,7.06,34.0,1.641,3.165,2.194,81787,46424,46.8,C (พอใช้)
469,2024-04-21,2567,4,ฤดูแล้ง,BNH08,ลำห้วย (Tributary),เมืองสกลนคร,6.74,26.8,388.0,3.92,6.53,24.0,2.012,3.477,2.666,41144,20357,41.0,C (พอใช้)
470,2024-06-28,2567,6,ฤดูฝน,NHK02,หนองหาร (Lake),ธาตุนาเวง,7.66,29.4,239.0,6.2,2.26,13.2,0.818,2.112,1.874,6999,3488,66.5,B (ดี)
471,2025-08-20,2568,8,ฤดูฝน,BNH07,ลำห้วย (Tributary),งิ้วด่อน,7.6,29.2,344.0,5.75,1.31,14.1,0.576,2.076,1.247,35298,18490,69.1,B (ดี)
472,2025-10-07,2568,10,ฤดูฝน,NHK09,หนองหาร (Lake),เหล่าปอแดง,7.11,27.2,309.0,7.11,2.09,11.0,0.166,1.194,0.304,5745,1693,85.1,A (ดีมาก)
473,2024-01-24,2567,1,ฤดูแล้ง,BNH03,ลำห้วย (Tributary),ท่าแร่,7.68,26.8,430.0,2.36,6.72,35.6,1.878,3.674,2.194,63100,13997,36.5,D (เสื่อมโทรม)
474,2024-10-14,2567,10,ฤดูฝน,BNH08,ลำห้วย (Tributary),เมืองสกลนคร,7.23,26.9,446.0,4.88,6.52,22.8,1.409,3.432,2.594,25960,15356,49.2,C (พอใช้)
475,2024-10-21,2567,10,ฤดูฝน,NHK07,หนองหาร (Lake),บ้านแป้น,7.8,28.5,215.0,5.4,0.31,4.0,0.01,0.766,0.312,3342,883,79.8,B (ดี)
476,2024-05-02,2567,5,ฤดูแล้ง,NHK06,หนองหาร (Lake),บ้านแป้น,6.86,28.7,257.0,6.43,2.9,21.1,0.393,0.679,0.167,1526,893,83.2,A (ดีมาก)
477,2025-12-06,2568,12,ฤดูแล้ง,BNH06,ลำห้วย (Tributary),เหล่าปอแดง,7.51,26.1,324.0,5.49,4.99,13.0,0.893,2.075,1.884,10176,4723,63.0,B (ดี)
478,2025-11-22,2568,11,ฤดูแล้ง,BNH04,ลำห้วย (Tributary),นาแก้ว,7.88,28.0,452.0,2.56,7.26,17.1,1.515,3.612,2.256,17496,8425,39.4,D (เสื่อมโทรม)
479,2024-05-18,2567,5,ฤดูแล้ง,NHK05,หนองหาร (Lake),ท่าแร่,6.88,30.5,335.0,6.77,1.39,7.5,0.127,0.852,0.361,4320,2507,84.7,A (ดีมาก)
480,2025-05-28,2568,5,ฤดูแล้ง,NHK04,หนองหาร (Lake),เชียงเครือ,7.19,28.9,239.0,6.29,1.33,13.9,0.135,0.78,0.204,2212,1318,83.5,A (ดีมาก)
481,2024-11-18,2567,11,ฤดูแล้ง,NHK06,หนองหาร (Lake),บ้านแป้น,7.41,27.6,303.0,7.84,2.91,19.6,0.463,1.244,0.312,2277,744,86.5,A (ดีมาก)
482,2024-07-04,2567,7,ฤดูฝน,BNH03,ลำห้วย (Tributary),ท่าแร่,6.98,30.4,360.0,3.29,5.92,34.4,1.735,3.316,2.178,11880,4162,42.8,C (พอใช้)
483,2024-04-04,2567,4,ฤดูแล้ง,BNH03,ลำห้วย (Tributary),ท่าแร่,7.33,27.1,358.0,2.45,4.92,31.3,1.715,3.286,2.228,44228,23050,39.0,D (เสื่อมโทรม)
484,2024-05-07,2567,5,ฤดูแล้ง,NHK10,หนองหาร (Lake),งิ้วด่อน,7.44,30.2,241.0,7.2,0.93,9.1,0.136,0.643,0.184,2576,1543,88.2,A (ดีมาก)
485,2025-07-04,2568,7,ฤดูฝน,BNH04,ลำห้วย (Tributary),นาแก้ว,7.34,29.3,360.0,3.44,5.99,43.6,1.5,3.38,2.178,11322,5807,44.6,C (พอใช้)
486,2025-01-19,2568,1,ฤดูแล้ง,NHK07,หนองหาร (Lake),บ้านแป้น,8.42,24.9,245.0,7.04,0.73,6.4,0.333,0.641,0.216,2033,514,86.2,A (ดีมาก)
487,2025-02-03,2568,2,ฤดูแล้ง,NHK10,หนองหาร (Lake),งิ้วด่อน,6.58,24.7,222.0,7.09,0.96,9.4,0.466,0.657,1.175,2909,1445,80.8,A (ดีมาก)
488,2025-03-17,2568,3,ฤดูแล้ง,NHK08,หนองหาร (Lake),นาตงวัฒนา,7.41,26.2,161.0,6.64,0.67,4.0,0.417,0.652,0.966,5337,1274,80.1,A (ดีมาก)
489,2024-04-01,2567,4,ฤดูแล้ง,BNH06,ลำห้วย (Tributary),เหล่าปอแดง,7.23,29.6,333.0,4.92,5.27,23.9,0.711,2.886,1.791,47966,17413,59.2,C (พอใช้)
490,2024-12-15,2567,12,ฤดูแล้ง,BNH03,ลำห้วย (Tributary),ท่าแร่,6.78,24.7,374.0,3.32,6.64,23.9,1.581,3.227,2.264,210553,100421,43.6,C (พอใช้)
491,2025-12-17,2568,12,ฤดูแล้ง,NHK04,หนองหาร (Lake),เชียงเครือ,6.86,25.5,297.0,5.81,0.3,6.8,0.294,1.66,0.699,3002,874,75.1,B (ดี)
492,2024-12-04,2567,12,ฤดูแล้ง,NHK02,หนองหาร (Lake),ธาตุนาเวง,7.36,25.9,237.0,4.1,3.51,32.2,1.016,1.854,1.253,21782,11754,60.0,C (พอใช้)
493,2025-10-13,2568,10,ฤดูฝน,BNH01,ลำห้วย (Tributary),ธาตุนาเวง,7.34,27.0,328.0,4.36,7.26,31.5,1.603,3.163,2.323,46064,9241,48.0,C (พอใช้)
494,2024-07-23,2567,7,ฤดูฝน,NHK04,หนองหาร (Lake),เชียงเครือ,7.65,30.3,202.0,7.92,0.75,10.8,0.073,0.774,0.466,7067,2350,89.9,A (ดีมาก)
495,2024-10-05,2567,10,ฤดูฝน,NHK10,หนองหาร (Lake),งิ้วด่อน,7.38,27.8,240.0,7.67,0.52,9.7,0.137,0.738,0.187,5351,1552,89.9,A (ดีมาก)
496,2024-03-30,2567,3,ฤดูแล้ง,NHK02,หนองหาร (Lake),ธาตุนาเวง,7.41,27.0,293.0,5.39,4.16,5.5,1.137,2.484,1.74,5381,1802,60.5,B (ดี)
497,2025-01-31,2568,1,ฤดูแล้ง,BNH04,ลำห้วย (Tributary),นาแก้ว,6.97,27.8,371.0,2.58,7.45,42.0,1.817,3.669,3.356,90075,35641,32.1,D (เสื่อมโทรม)
498,2024-01-12,2567,1,ฤดูแล้ง,NHK05,หนองหาร (Lake),ท่าแร่,7.36,24.3,256.0,6.29,0.3,4.0,0.379,0.88,0.351,2150,1164,81.1,A (ดีมาก)
499,2024-02-06,2567,2,ฤดูแล้ง,NHK02,หนองหาร (Lake),ธาตุนาเวง,7.38,25.1,231.0,6.12,4.03,19.4,1.066,3.208,1.266,13691,4168,64.1,B (ดี)
500,2025-01-30,2568,1,ฤดูแล้ง,NHK05,หนองหาร (Lake),ท่าแร่,6.89,26.0,296.0,7.64,0.3,4.0,0.654,1.37,0.361,11968,4548,83.9,A (ดีมาก)
501,2025-12-23,2568,12,ฤดูแล้ง,BNH07,ลำห้วย (Tributary),งิ้วด่อน,7.38,26.3,384.0,5.62,3.18,9.2,0.876,1.971,1.742,14199,6419,64.7,B (ดี)
502,2025-01-15,2568,1,ฤดูแล้ง,BNH05,ลำห้วย (Tributary),ม่วงลาย,6.88,23.5,364.0,5.07,4.11,18.5,0.65,2.136,1.475,20564,7186,64.3,B (ดี)
503,2025-12-15,2568,12,ฤดูแล้ง,NHK09,หนองหาร (Lake),เหล่าปอแดง,7.47,25.2,255.0,6.89,0.79,4.6,0.159,0.968,0.407,4323,2190,84.5,A (ดีมาก)
504,2025-05-20,2568,5,ฤดูแล้ง,NHK10,หนองหาร (Lake),งิ้วด่อน,6.66,29.6,274.0,8.22,1.68,14.8,0.172,0.726,0.64,6984,3473,89.9,A (ดีมาก)
505,2025-01-28,2568,1,ฤดูแล้ง,NHK07,หนองหาร (Lake),บ้านแป้น,7.06,25.5,264.0,5.81,2.5,9.4,0.123,0.742,0.625,11545,6756,79.5,B (ดี)
506,2024-07-02,2567,7,ฤดูฝน,BNH08,ลำห้วย (Tributary),เมืองสกลนคร,7.25,31.8,375.0,3.97,6.81,23.1,1.393,3.31,2.162,107572,22439,47.8,C (พอใช้)
507,2024-07-28,2567,7,ฤดูฝน,BNH02,ลำห้วย (Tributary),เชียงเครือ,6.9,32.6,332.0,6.44,2.22,9.4,0.536,2.285,1.348,5960,1647,71.2,B (ดี)
508,2024-03-09,2567,3,ฤดูแล้ง,NHK09,หนองหาร (Lake),เหล่าปอแดง,7.41,26.5,237.0,6.25,1.06,5.9,0.127,1.84,0.279,3563,1812,79.5,B (ดี)
509,2025-05-22,2568,5,ฤดูแล้ง,NHK06,หนองหาร (Lake),บ้านแป้น,7.55,30.0,210.0,5.83,1.72,13.3,0.143,0.871,0.318,11918,3924,80.6,A (ดีมาก)
510,2025-01-02,2568,1,ฤดูแล้ง,NHK04,หนองหาร (Lake),เชียงเครือ,6.91,22.2,246.0,5.93,1.47,6.1,0.171,1.288,0.308,3740,1627,79.5,B (ดี)
511,2024-08-08,2567,8,ฤดูฝน,NHK06,หนองหาร (Lake),บ้านแป้น,6.85,30.1,188.0,8.22,1.42,4.0,0.01,0.739,0.55,2415,805,91.3,A (ดีมาก)
512,2024-05-08,2567,5,ฤดูแล้ง,BNH07,ลำห้วย (Tributary),งิ้วด่อน,7.79,30.8,344.0,5.19,2.58,14.5,0.634,1.933,1.39,31979,17349,66.0,B (ดี)
513,2025-06-10,2568,6,ฤดูฝน,NHK03,หนองหาร (Lake),ฮางโฮง,7.36,30.8,199.0,8.15,1.79,13.8,0.055,0.849,0.775,5077,1975,89.2,A (ดีมาก)
514,2024-01-27,2567,1,ฤดูแล้ง,BNH04,ลำห้วย (Tributary),นาแก้ว,6.28,23.3,351.0,3.28,7.26,36.1,1.703,4.054,2.275,25587,8000,40.0,D (เสื่อมโทรม)
515,2024-12-14,2567,12,ฤดูแล้ง,NHK07,หนองหาร (Lake),บ้านแป้น,7.1,26.9,222.0,5.56,1.54,4.0,0.417,2.098,1.156,1190,677,69.6,B (ดี)
516,2024-12-30,2567,12,ฤดูแล้ง,NHK04,หนองหาร (Lake),เชียงเครือ,7.1,24.0,232.0,7.64,1.45,6.1,0.337,2.503,0.204,6641,1909,82.7,A (ดีมาก)
517,2025-07-20,2568,7,ฤดูฝน,NHK09,หนองหาร (Lake),เหล่าปอแดง,7.81,31.4,246.0,7.69,0.3,4.3,0.01,0.656,0.315,3695,1541,90.3,A (ดีมาก)
518,2024-01-08,2567,1,ฤดูแล้ง,BNH03,ลำห้วย (Tributary),ท่าแร่,6.47,24.7,371.0,2.82,5.78,28.2,1.591,4.467,2.213,71759,14522,37.5,D (เสื่อมโทรม)
519,2024-01-07,2567,1,ฤดูแล้ง,NHK04,หนองหาร (Lake),เชียงเครือ,7.33,27.3,262.0,6.85,0.3,4.0,0.709,1.264,0.511,1907,726,79.6,B (ดี)
520,2024-08-26,2567,8,ฤดูฝน,NHK03,หนองหาร (Lake),ฮางโฮง,6.61,29.5,194.0,8.5,1.93,4.0,0.055,1.743,0.714,5514,1869,88.1,A (ดีมาก)
521,2024-01-14,2567,1,ฤดูแล้ง,BNH08,ลำห้วย (Tributary),เมืองสกลนคร,7.44,25.7,390.0,2.39,7.7,44.5,1.55,3.342,2.318,43608,18421,39.0,D (เสื่อมโทรม)
522,2025-11-10,2568,11,ฤดูแล้ง,BNH08,ลำห้วย (Tributary),เมืองสกลนคร,7.23,26.4,398.0,2.6,6.82,28.4,1.801,3.992,2.218,26360,9166,36.9,D (เสื่อมโทรม)
523,2024-11-24,2567,11,ฤดูแล้ง,NHK02,หนองหาร (Lake),ธาตุนาเวง,6.45,25.4,274.0,5.44,3.28,9.5,1.064,2.214,1.525,6080,2250,63.1,B (ดี)
524,2025-12-11,2568,12,ฤดูแล้ง,BNH03,ลำห้วย (Tributary),ท่าแร่,7.34,26.4,356.0,4.42,7.77,49.1,1.582,3.133,2.225,125119,58086,49.1,C (พอใช้)
525,2024-07-04,2567,7,ฤดูฝน,BNH03,ลำห้วย (Tributary),ท่าแร่,7.65,30.8,382.0,3.23,6.88,29.9,1.31,3.134,2.507,58452,19393,43.9,C (พอใช้)
526,2025-02-11,2568,2,ฤดูแล้ง,NHK09,หนองหาร (Lake),เหล่าปอแดง,7.09,25.8,286.0,6.68,3.08,9.4,0.191,1.067,0.663,4837,2041,81.7,A (ดีมาก)
527,2025-08-26,2568,8,ฤดูฝน,NHK06,หนองหาร (Lake),บ้านแป้น,6.88,29.4,220.0,8.52,1.06,7.3,0.252,1.177,0.39,2135,667,90.5,A (ดีมาก)
528,2024-08-19,2567,8,ฤดูฝน,BNH08,ลำห้วย (Tributary),เมืองสกลนคร,7.18,29.5,384.0,4.14,6.28,31.3,1.428,3.418,2.229,15288,5224,47.7,C (พอใช้)
529,2024-06-11,2567,6,ฤดูฝน,BNH03,ลำห้วย (Tributary),ท่าแร่,7.05,30.5,372.0,3.56,5.67,22.5,1.319,3.395,2.345,28726,7684,45.3,C (พอใช้)
530,2024-06-03,2567,6,ฤดูฝน,NHK02,หนองหาร (Lake),ธาตุนาเวง,6.79,31.5,312.0,5.89,3.06,12.8,0.86,2.633,1.258,14642,5397,66.2,B (ดี)
531,2025-02-11,2568,2,ฤดูแล้ง,NHK03,หนองหาร (Lake),ฮางโฮง,7.18,24.1,269.0,6.87,2.19,16.3,0.252,1.01,0.498,3726,1021,83.3,A (ดีมาก)
532,2024-10-22,2567,10,ฤดูฝน,NHK05,หนองหาร (Lake),ท่าแร่,6.85,28.3,292.0,8.4,1.49,4.0,0.01,0.646,0.569,4044,967,92.3,A (ดีมาก)
533,2025-03-01,2568,3,ฤดูแล้ง,BNH08,ลำห้วย (Tributary),เมืองสกลนคร,6.92,29.7,385.0,4.6,7.05,22.5,1.554,3.125,2.289,83614,29628,49.7,C (พอใช้)
534,2025-01-11,2568,1,ฤดูแล้ง,NHK03,หนองหาร (Lake),ฮางโฮง,6.96,23.9,263.0,7.58,0.9,4.0,0.203,1.094,0.713,5869,1801,85.3,A (ดีมาก)
535,2024-07-22,2567,7,ฤดูฝน,BNH07,ลำห้วย (Tributary),งิ้วด่อน,7.37,30.9,305.0,6.7,3.0,14.6,0.753,2.062,1.071,7922,2417,73.2,B (ดี)
536,2025-06-22,2568,6,ฤดูฝน,NHK10,หนองหาร (Lake),งิ้วด่อน,7.07,29.6,195.0,8.09,0.56,4.0,0.01,1.215,0.226,3605,1657,90.7,A (ดีมาก)
537,2024-09-08,2567,9,ฤดูฝน,NHK04,หนองหาร (Lake),เชียงเครือ,6.49,27.8,219.0,7.31,0.89,4.0,0.01,1.312,0.631,2928,1177,84.9,A (ดีมาก)
538,2024-11-22,2567,11,ฤดูแล้ง,NHK04,หนองหาร (Lake),เชียงเครือ,6.89,26.8,248.0,7.57,1.55,4.0,0.127,0.698,0.25,4329,2250,89.3,A (ดีมาก)
539,2025-12-22,2568,12,ฤดูแล้ง,NHK05,หนองหาร (Lake),ท่าแร่,7.23,25.8,240.0,6.29,1.01,6.4,0.314,0.807,0.36,10927,6443,81.7,A (ดีมาก)
540,2024-10-14,2567,10,ฤดูฝน,NHK02,หนองหาร (Lake),ธาตุนาเวง,6.65,26.9,295.0,4.89,3.32,20.1,0.852,2.357,1.266,42297,18213,62.7,B (ดี)
541,2025-06-24,2568,6,ฤดูฝน,NHK07,หนองหาร (Lake),บ้านแป้น,7.49,29.5,271.0,8.01,0.3,5.4,0.01,0.955,0.191,3869,1866,91.4,A (ดีมาก)
542,2025-03-08,2568,3,ฤดูแล้ง,NHK04,หนองหาร (Lake),เชียงเครือ,6.75,27.0,207.0,6.86,1.13,5.7,0.171,0.963,0.329,7051,2305,84.7,A (ดีมาก)
543,2024-08-15,2567,8,ฤดูฝน,NHK05,หนองหาร (Lake),ท่าแร่,7.53,30.6,256.0,7.55,0.84,4.0,0.01,1.148,1.08,7546,1514,84.3,A (ดีมาก)
544,2024-07-14,2567,7,ฤดูฝน,BNH08,ลำห้วย (Tributary),เมืองสกลนคร,6.97,32.6,384.0,4.85,5.72,28.2,1.302,3.156,2.194,21693,6405,52.6,C (พอใช้)
545,2024-03-31,2567,3,ฤดูแล้ง,BNH04,ลำห้วย (Tributary),นาแก้ว,7.08,26.4,381.0,4.24,6.06,18.5,1.506,3.133,2.158,12452,4128,49.0,C (พอใช้)
546,2025-05-26,2568,5,ฤดูแล้ง,NHK07,หนองหาร (Lake),บ้านแป้น,7.32,28.5,217.0,6.28,1.24,4.0,0.199,0.654,0.273,4115,1294,83.2,A (ดีมาก)
547,2024-08-10,2567,8,ฤดูฝน,BNH06,ลำห้วย (Tributary),เหล่าปอแดง,7.43,31.8,319.0,6.55,3.8,23.9,0.425,2.024,1.151,5042,3012,74.2,B (ดี)
548,2024-03-27,2567,3,ฤดูแล้ง,BNH04,ลำห้วย (Tributary),นาแก้ว,6.7,26.6,454.0,1.96,6.62,36.6,1.528,3.177,2.385,29967,10414,37.5,D (เสื่อมโทรม)
549,2025-07-29,2568,7,ฤดูฝน,BNH05,ลำห้วย (Tributary),ม่วงลาย,7.05,30.6,270.0,6.61,2.64,13.0,1.609,2.759,1.109,7866,4613,65.4,B (ดี)
550,2024-02-19,2567,2,ฤดูแล้ง,NHK07,หนองหาร (Lake),บ้านแป้น,7.77,24.3,192.0,6.58,1.71,7.1,0.117,1.408,0.224,4682,2595,82.8,A (ดีมาก)
551,2025-06-07,2568,6,ฤดูฝน,NHK04,หนองหาร (Lake),เชียงเครือ,7.12,31.5,227.0,7.51,2.0,7.3,0.315,0.746,0.52,1967,537,86.5,A (ดีมาก)
552,2025-12-14,2568,12,ฤดูแล้ง,BNH08,ลำห้วย (Tributary),เมืองสกลนคร,6.72,26.2,418.0,3.45,5.98,31.7,1.541,3.361,2.367,24357,6943,43.5,C (พอใช้)
553,2025-08-07,2568,8,ฤดูฝน,NHK09,หนองหาร (Lake),เหล่าปอแดง,7.37,31.4,179.0,8.45,1.41,4.0,0.015,0.66,0.805,1738,673,91.2,A (ดีมาก)
554,2025-11-01,2568,11,ฤดูแล้ง,NHK08,หนองหาร (Lake),นาตงวัฒนา,7.4,25.2,174.0,7.8,2.59,9.9,0.162,1.203,0.742,13126,3956,86.0,A (ดีมาก)
555,2024-01-30,2567,1,ฤดูแล้ง,NHK05,หนองหาร (Lake),ท่าแร่,7.21,23.2,198.0,6.61,0.98,10.4,0.189,1.104,0.563,5499,1805,81.8,A (ดีมาก)
556,2025-06-17,2568,6,ฤดูฝน,NHK08,หนองหาร (Lake),นาตงวัฒนา,7.12,30.0,265.0,7.57,0.39,7.6,0.01,1.041,0.49,5114,1570,87.7,A (ดีมาก)
557,2025-04-02,2568,4,ฤดูแล้ง,BNH04,ลำห้วย (Tributary),นาแก้ว,7.41,28.9,411.0,2.26,7.46,23.6,1.812,3.198,2.339,65536,37625,37.3,D (เสื่อมโทรม)
558,2025-11-24,2568,11,ฤดูแล้ง,BNH03,ลำห้วย (Tributary),ท่าแร่,6.62,28.5,353.0,3.64,7.38,36.6,1.597,3.376,2.236,19491,5848,44.6,C (พอใช้)
559,2025-11-14,2568,11,ฤดูแล้ง,NHK10,หนองหาร (Lake),งิ้วด่อน,7.03,26.8,213.0,6.05,2.19,8.2,0.732,0.953,0.634,4880,2360,76.4,B (ดี)
560,2024-04-08,2567,4,ฤดูแล้ง,BNH06,ลำห้วย (Tributary),เหล่าปอแดง,7.24,30.0,337.0,5.81,5.84,20.2,0.747,2.022,1.173,10015,2829,68.9,B (ดี)
561,2024-05-02,2567,5,ฤดูแล้ง,NHK06,หนองหาร (Lake),บ้านแป้น,6.61,29.1,173.0,7.56,0.3,4.0,0.235,0.78,0.401,12999,5366,87.7,A (ดีมาก)
562,2024-01-16,2567,1,ฤดูแล้ง,BNH02,ลำห้วย (Tributary),เชียงเครือ,6.88,26.2,281.0,3.59,4.5,28.0,0.776,2.296,1.165,11856,5898,58.0,C (พอใช้)
563,2025-10-22,2568,10,ฤดูฝน,NHK01,หนองหาร (Lake),เมืองสกลนคร,7.54,28.1,230.0,7.77,2.18,13.3,0.01,0.782,0.271,2590,703,90.5,A (ดีมาก)
564,2025-08-28,2568,8,ฤดูฝน,BNH06,ลำห้วย (Tributary),เหล่าปอแดง,7.48,31.9,338.0,5.8,2.36,15.4,0.711,2.153,1.127,7905,4662,68.9,B (ดี)
565,2024-01-09,2567,1,ฤดูแล้ง,NHK08,หนองหาร (Lake),นาตงวัฒนา,6.83,25.4,227.0,7.05,2.28,11.7,0.34,1.096,0.508,3384,1604,83.2,A (ดีมาก)
566,2025-09-08,2568,9,ฤดูฝน,BNH05,ลำห้วย (Tributary),ม่วงลาย,6.85,29.2,331.0,5.9,4.6,26.4,0.929,2.041,1.406,11525,3056,67.1,B (ดี)
567,2025-10-06,2568,10,ฤดูฝน,NHK09,หนองหาร (Lake),เหล่าปอแดง,6.98,28.2,238.0,8.73,0.56,4.0,0.01,0.664,1.074,1745,978,91.2,A (ดีมาก)
568,2024-10-25,2567,10,ฤดูฝน,NHK09,หนองหาร (Lake),เหล่าปอแดง,7.24,27.6,285.0,7.12,0.3,4.5,0.01,1.565,0.251,4047,1524,85.1,A (ดีมาก)
569,2025-03-21,2568,3,ฤดูแล้ง,NHK06,หนองหาร (Lake),บ้านแป้น,7.68,25.2,267.0,6.72,2.24,18.9,0.12,1.174,0.717,3217,1223,81.7,A (ดีมาก)
570,2025-07-02,2568,7,ฤดูฝน,BNH02,ลำห้วย (Tributary),เชียงเครือ,7.24,30.5,336.0,6.29,4.29,18.6,0.576,2.006,1.081,51307,21419,72.6,B (ดี)
571,2024-07-13,2567,7,ฤดูฝน,BNH07,ลำห้วย (Tributary),งิ้วด่อน,6.9,31.6,298.0,6.58,3.17,12.9,0.47,2.572,1.357,14590,3959,71.2,B (ดี)
572,2025-10-09,2568,10,ฤดูฝน,NHK02,หนองหาร (Lake),ธาตุนาเวง,7.34,27.8,283.0,5.33,2.3,15.6,0.845,1.99,1.264,6114,3202,65.9,B (ดี)
573,2025-04-07,2568,4,ฤดูแล้ง,BNH02,ลำห้วย (Tributary),เชียงเครือ,7.05,27.8,299.0,4.72,3.02,23.1,0.776,2.024,1.364,55922,22688,63.0,B (ดี)
574,2024-06-17,2567,6,ฤดูฝน,NHK10,หนองหาร (Lake),งิ้วด่อน,7.82,32.7,270.0,7.03,0.3,4.0,0.037,0.791,0.257,12839,5437,87.1,A (ดีมาก)
575,2025-02-23,2568,2,ฤดูแล้ง,BNH06,ลำห้วย (Tributary),เหล่าปอแดง,7.17,24.9,383.0,4.62,4.03,20.8,0.733,1.999,1.124,11131,2354,64.0,B (ดี)
576,2025-03-09,2568,3,ฤดูแล้ง,NHK06,หนองหาร (Lake),บ้านแป้น,7.93,26.4,199.0,6.34,0.3,4.0,0.214,0.616,0.41,1172,523,82.8,A (ดีมาก)
577,2024-07-28,2567,7,ฤดูฝน,NHK03,หนองหาร (Lake),ฮางโฮง,6.97,31.3,248.0,6.88,0.74,4.0,0.158,0.678,0.88,2427,1437,83.0,A (ดีมาก)
578,2025-02-15,2568,2,ฤดูแล้ง,NHK03,หนองหาร (Lake),ฮางโฮง,8.05,25.4,275.0,5.12,2.42,4.0,0.151,0.806,0.238,11142,4924,78.0,B (ดี)
579,2025-09-19,2568,9,ฤดูฝน,NHK03,หนองหาร (Lake),ฮางโฮง,7.09,28.7,259.0,8.11,1.22,15.0,0.496,0.81,0.878,1285,304,86.1,A (ดีมาก)
580,2024-07-17,2567,7,ฤดูฝน,NHK10,หนองหาร (Lake),งิ้วด่อน,6.6,29.9,203.0,8.18,1.56,6.1,0.488,1.015,0.465,2706,1113,87.9,A (ดีมาก)
581,2025-01-09,2568,1,ฤดูแล้ง,NHK09,หนองหาร (Lake),เหล่าปอแดง,7.29,23.8,225.0,6.67,1.95,8.4,0.11,1.431,0.507,3978,1919,81.7,A (ดีมาก)
582,2025-05-08,2568,5,ฤดูแล้ง,BNH03,ลำห้วย (Tributary),ท่าแร่,6.95,31.9,421.0,3.76,5.83,18.4,1.643,3.173,2.514,32795,13788,44.2,C (พอใช้)
583,2024-01-25,2567,1,ฤดูแล้ง,NHK09,หนองหาร (Lake),เหล่าปอแดง,7.06,24.7,322.0,6.16,3.29,20.1,0.134,1.339,0.328,2856,1057,80.5,A (ดีมาก)
584,2024-03-07,2567,3,ฤดูแล้ง,BNH07,ลำห้วย (Tributary),งิ้วด่อน,6.74,25.7,263.0,4.78,6.2,34.4,0.737,2.056,1.414,12773,2836,63.1,B (ดี)
585,2024-04-12,2567,4,ฤดูแล้ง,NHK07,หนองหาร (Lake),บ้านแป้น,7.66,26.2,172.0,6.89,2.03,4.0,0.116,0.698,0.579,14511,6350,84.7,A (ดีมาก)
586,2024-02-29,2567,2,ฤดูแล้ง,NHK01,หนองหาร (Lake),เมืองสกลนคร,7.03,24.4,146.0,7.59,1.99,9.3,0.544,0.666,0.159,6756,3014,87.6,A (ดีมาก)
587,2024-03-17,2567,3,ฤดูแล้ง,NHK05,หนองหาร (Lake),ท่าแร่,7.57,27.1,246.0,7.1,1.75,4.0,0.132,0.647,0.521,5692,2693,86.0,A (ดีมาก)
588,2024-04-09,2567,4,ฤดูแล้ง,NHK02,หนองหาร (Lake),ธาตุนาเวง,8.01,29.5,312.0,5.3,5.2,23.5,1.027,2.181,1.606,22631,11862,62.4,B (ดี)
589,2024-11-27,2567,11,ฤดูแล้ง,NHK10,หนองหาร (Lake),งิ้วด่อน,7.22,27.2,288.0,6.95,0.3,6.5,0.35,0.777,0.525,2120,510,83.7,A (ดีมาก)
590,2025-05-20,2568,5,ฤดูแล้ง,BNH07,ลำห้วย (Tributary),งิ้วด่อน,7.01,28.1,329.0,3.28,3.78,20.6,0.728,3.464,2.098,15277,6875,48.4,C (พอใช้)
591,2025-03-02,2568,3,ฤดูแล้ง,BNH05,ลำห้วย (Tributary),ม่วงลาย,7.02,24.7,286.0,6.62,4.24,24.5,0.958,2.409,1.44,5951,3153,68.7,B (ดี)
592,2024-06-28,2567,6,ฤดูฝน,NHK06,หนองหาร (Lake),บ้านแป้น,6.92,28.8,265.0,6.49,2.16,15.1,0.01,0.639,0.168,3027,806,85.8,A (ดีมาก)
593,2024-12-18,2567,12,ฤดูแล้ง,NHK08,หนองหาร (Lake),นาตงวัฒนา,7.34,24.9,199.0,5.84,1.86,17.4,0.337,0.669,0.581,1145,385,78.9,B (ดี)
594,2024-05-18,2567,5,ฤดูแล้ง,BNH05,ลำห้วย (Tributary),ม่วงลาย,7.37,25.8,313.0,5.25,3.91,13.4,1.14,2.406,1.442,12421,6064,61.6,B (ดี)
595,2025-04-29,2568,4,ฤดูแล้ง,BNH05,ลำห้วย (Tributary),ม่วงลาย,6.75,29.6,324.0,4.86,3.22,16.2,1.098,1.917,1.075,2867,577,63.6,B (ดี)
596,2024-09-27,2567,9,ฤดูฝน,NHK09,หนองหาร (Lake),เหล่าปอแดง,6.99,31.2,203.0,8.0,0.59,4.0,0.012,0.933,0.497,2191,841,89.9,A (ดีมาก)
597,2024-05-16,2567,5,ฤดูแล้ง,BNH08,ลำห้วย (Tributary),เมืองสกลนคร,7.07,27.9,470.0,1.53,7.65,33.7,2.382,3.312,3.008,56101,12633,27.1,D (เสื่อมโทรม)
598,2025-08-14,2568,8,ฤดูฝน,BNH05,ลำห้วย (Tributary),ม่วงลาย,7.55,31.5,307.0,5.0,3.44,19.4,0.523,2.06,1.296,36402,14767,65.9,B (ดี)
599,2024-08-15,2567,8,ฤดูฝน,NHK03,หนองหาร (Lake),ฮางโฮง,6.93,31.8,199.0,7.96,0.3,4.0,0.01,2.038,0.163,2022,479,87.7,A (ดีมาก)
600,2024-03-14,2567,3,ฤดูแล้ง,NHK10,หนองหาร (Lake),งิ้วด่อน,6.67,26.7,265.0,6.53,3.5,4.0,0.118,0.905,0.719,14061,4392,81.8,A (ดีมาก)
601,2024-03-18,2567,3,ฤดูแล้ง,NHK06,หนองหาร (Lake),บ้านแป้น,6.98,26.4,177.0,5.78,1.43,4.0,0.211,0.851,0.329,7393,2989,80.0,A (ดีมาก)
602,2025-06-17,2568,6,ฤดูฝน,BNH02,ลำห้วย (Tributary),เชียงเครือ,7.42,33.1,338.0,6.19,1.66,5.4,0.433,2.144,1.051,12395,4280,72.6,B (ดี)
603,2024-03-20,2567,3,ฤดูแล้ง,NHK07,หนองหาร (Lake),บ้านแป้น,7.17,24.8,196.0,7.31,0.81,4.0,0.311,1.34,0.277,2545,1173,84.9,A (ดีมาก)
604,2024-04-08,2567,4,ฤดูแล้ง,NHK07,หนองหาร (Lake),บ้านแป้น,6.91,27.7,247.0,6.4,0.4,4.0,0.136,1.102,0.503,7518,3852,81.5,A (ดีมาก)
605,2024-01-02,2567,1,ฤดูแล้ง,NHK07,หนองหาร (Lake),บ้านแป้น,6.8,25.7,281.0,6.66,1.52,10.7,0.148,0.739,0.757,1619,442,82.5,A (ดีมาก)
606,2024-09-22,2567,9,ฤดูฝน,NHK10,หนองหาร (Lake),งิ้วด่อน,7.39,28.3,261.0,6.61,0.3,4.0,0.01,1.134,0.792,6576,1678,81.6,A (ดีมาก)
607,2025-12-29,2568,12,ฤดูแล้ง,NHK10,หนองหาร (Lake),งิ้วด่อน,7.22,24.5,246.0,6.69,1.43,5.7,0.328,0.698,0.224,4653,1123,84.4,A (ดีมาก)
608,2025-01-26,2568,1,ฤดูแล้ง,BNH03,ลำห้วย (Tributary),ท่าแร่,6.7,25.2,432.0,2.83,7.08,40.4,1.553,3.38,2.451,56099,19565,40.2,C (พอใช้)
609,2024-05-03,2567,5,ฤดูแล้ง,NHK04,หนองหาร (Lake),เชียงเครือ,7.42,30.5,228.0,7.53,0.5,4.0,0.153,2.367,0.781,1319,651,80.8,A (ดีมาก)
610,2024-06-30,2567,6,ฤดูฝน,NHK04,หนองหาร (Lake),เชียงเครือ,7.54,34.5,283.0,8.92,1.46,4.0,0.185,0.883,0.183,2434,579,94.7,A (ดีมาก)
611,2024-05-28,2567,5,ฤดูแล้ง,NHK08,หนองหาร (Lake),นาตงวัฒนา,7.58,29.8,172.0,7.01,1.73,9.8,0.131,1.277,0.435,5198,3045,84.0,A (ดีมาก)
612,2025-06-23,2568,6,ฤดูฝน,NHK07,หนองหาร (Lake),บ้านแป้น,7.18,31.9,204.0,7.71,1.04,4.0,0.011,1.362,0.162,6539,1976,88.8,A (ดีมาก)
613,2024-07-16,2567,7,ฤดูฝน,NHK08,หนองหาร (Lake),นาตงวัฒนา,7.49,31.6,175.0,6.93,0.3,4.0,0.01,1.378,0.431,3037,1426,84.0,A (ดีมาก)
614,2025-08-10,2568,8,ฤดูฝน,BNH04,ลำห้วย (Tributary),นาแก้ว,6.72,31.3,420.0,3.64,6.74,36.3,1.336,3.562,2.825,40480,23851,42.5,C (พอใช้)
615,2024-04-17,2567,4,ฤดูแล้ง,NHK04,หนองหาร (Lake),เชียงเครือ,7.6,27.6,213.0,6.93,2.18,8.3,0.533,0.604,0.198,5131,2871,84.7,A (ดีมาก)
616,2024-12-02,2567,12,ฤดูแล้ง,NHK10,หนองหาร (Lake),งิ้วด่อน,7.27,25.6,207.0,6.29,1.35,9.5,0.476,1.024,0.199,3319,866,80.8,A (ดีมาก)
617,2025-02-22,2568,2,ฤดูแล้ง,NHK05,หนองหาร (Lake),ท่าแร่,7.61,26.5,269.0,7.75,1.61,16.5,0.269,2.007,0.186,2489,1065,85.3,A (ดีมาก)
618,2024-01-01,2567,1,ฤดูแล้ง,BNH04,ลำห้วย (Tributary),นาแก้ว,6.66,25.7,345.0,3.61,6.81,30.1,1.523,3.466,2.353,75419,16531,44.0,C (พอใช้)
619,2025-04-01,2568,4,ฤดูแล้ง,BNH07,ลำห้วย (Tributary),งิ้วด่อน,7.9,27.5,366.0,5.51,3.96,19.7,1.065,2.027,1.221,20979,8188,65.5,B (ดี)
620,2025-05-18,2568,5,ฤดูแล้ง,NHK03,หนองหาร (Lake),ฮางโฮง,7.18,29.5,214.0,5.63,1.4,4.0,0.344,0.809,0.569,1887,420,77.5,B (ดี)
621,2024-05-11,2567,5,ฤดูแล้ง,NHK06,หนองหาร (Lake),บ้านแป้น,7.11,28.0,244.0,7.01,0.3,15.5,0.158,0.828,0.439,2932,1194,85.3,A (ดีมาก)
622,2025-12-21,2568,12,ฤดูแล้ง,NHK08,หนองหาร (Lake),นาตงวัฒนา,6.65,25.4,259.0,7.47,0.74,4.2,0.154,0.885,0.269,4380,1010,88.0,A (ดีมาก)
623,2025-07-31,2568,7,ฤดูฝน,NHK08,หนองหาร (Lake),นาตงวัฒนา,7.31,32.6,120.0,9.04,1.87,4.0,0.01,0.613,0.218,1022,393,97.0,A (ดีมาก)
624,2025-04-12,2568,4,ฤดูแล้ง,BNH07,ลำห้วย (Tributary),งิ้วด่อน,7.19,27.0,322.0,6.29,2.45,6.1,0.762,2.058,1.141,27325,8923,71.0,B (ดี)
625,2025-04-05,2568,4,ฤดูแล้ง,NHK04,หนองหาร (Lake),เชียงเครือ,6.98,26.2,258.0,6.18,1.44,4.0,0.135,0.889,0.405,1661,626,81.7,A (ดีมาก)
626,2024-09-14,2567,9,ฤดูฝน,NHK07,หนองหาร (Lake),บ้านแป้น,7.78,30.4,188.0,6.49,1.41,15.2,0.01,1.105,0.833,2315,869,81.0,A (ดีมาก)
627,2025-07-09,2568,7,ฤดูฝน,BNH04,ลำห้วย (Tributary),นาแก้ว,6.48,31.0,379.0,5.55,4.6,24.8,1.319,3.571,2.29,110115,54993,53.8,C (พอใช้)
628,2024-02-09,2567,2,ฤดูแล้ง,BNH07,ลำห้วย (Tributary),งิ้วด่อน,6.86,26.5,319.0,5.2,3.47,12.6,0.633,2.303,1.144,15014,6895,66.1,B (ดี)
629,2024-01-03,2567,1,ฤดูแล้ง,NHK10,หนองหาร (Lake),งิ้วด่อน,7.17,24.2,188.0,7.3,3.3,6.3,0.105,0.651,0.224,4994,1236,88.5,A (ดีมาก)
630,2024-04-18,2567,4,ฤดูแล้ง,BNH07,ลำห้วย (Tributary),งิ้วด่อน,7.13,28.4,338.0,5.72,3.92,29.9,1.01,4.164,1.088,10803,3878,60.3,B (ดี)
631,2024-10-05,2567,10,ฤดูฝน,NHK07,หนองหาร (Lake),บ้านแป้น,6.66,27.7,208.0,9.23,0.48,4.0,0.137,0.796,0.803,5549,3105,93.6,A (ดีมาก)
632,2024-05-09,2567,5,ฤดูแล้ง,NHK09,หนองหาร (Lake),เหล่าปอแดง,8.02,28.9,177.0,7.2,1.44,4.0,0.376,0.957,0.628,1796,474,83.5,A (ดีมาก)
633,2025-11-29,2568,11,ฤดูแล้ง,BNH02,ลำห้วย (Tributary),เชียงเครือ,7.09,27.2,380.0,5.28,3.12,22.2,0.723,2.107,1.182,5633,1190,66.4,B (ดี)
634,2025-11-21,2568,11,ฤดูแล้ง,NHK10,หนองหาร (Lake),งิ้วด่อน,7.31,27.0,270.0,5.19,0.3,5.2,0.125,1.686,0.654,5707,2798,73.4,B (ดี)
635,2025-02-26,2568,2,ฤดูแล้ง,BNH06,ลำห้วย (Tributary),เหล่าปอแดง,7.71,24.8,311.0,5.36,4.45,18.1,1.067,1.993,1.064,24104,10460,65.7,B (ดี)
636,2025-12-11,2568,12,ฤดูแล้ง,NHK04,หนองหาร (Lake),เชียงเครือ,8.22,27.7,244.0,6.39,2.56,22.0,0.128,0.784,1.389,1847,465,78.1,B (ดี)
637,2025-08-19,2568,8,ฤดูฝน,BNH02,ลำห้วย (Tributary),เชียงเครือ,7.2,29.1,319.0,5.51,3.42,13.5,0.505,2.055,1.146,12317,5165,69.0,B (ดี)
638,2025-12-02,2568,12,ฤดูแล้ง,BNH02,ลำห้วย (Tributary),เชียงเครือ,7.3,24.1,332.0,5.83,3.77,13.6,1.264,2.669,1.069,9037,3422,64.4,B (ดี)
639,2025-06-17,2568,6,ฤดูฝน,BNH07,ลำห้วย (Tributary),งิ้วด่อน,6.88,33.0,322.0,6.36,3.39,19.8,0.503,2.013,1.312,6536,3888,72.1,B (ดี)
640,2024-02-25,2567,2,ฤดูแล้ง,NHK10,หนองหาร (Lake),งิ้วด่อน,6.71,23.8,256.0,7.37,1.75,6.3,0.394,1.019,0.219,6141,2480,86.0,A (ดีมาก)
641,2024-11-08,2567,11,ฤดูแล้ง,BNH02,ลำห้วย (Tributary),เชียงเครือ,7.29,25.6,342.0,4.06,5.65,28.8,0.673,2.271,1.32,8675,2586,60.0,B (ดี)
642,2024-10-25,2567,10,ฤดูฝน,NHK01,หนองหาร (Lake),เมืองสกลนคร,7.05,29.0,171.0,8.13,2.59,14.0,0.051,0.708,0.295,490,99,92.0,A (ดีมาก)
643,2024-06-13,2567,6,ฤดูฝน,NHK09,หนองหาร (Lake),เหล่าปอแดง,7.0,30.6,188.0,6.21,2.37,24.1,0.01,1.361,0.401,2825,771,81.0,A (ดีมาก)
644,2024-01-07,2567,1,ฤดูแล้ง,NHK01,หนองหาร (Lake),เมืองสกลนคร,7.16,26.6,179.0,6.28,0.66,9.5,0.15,0.679,0.213,6468,2721,83.7,A (ดีมาก)
645,2025-03-06,2568,3,ฤดูแล้ง,NHK03,หนองหาร (Lake),ฮางโฮง,7.26,28.6,249.0,6.77,0.3,4.8,0.178,0.82,0.19,3429,1019,85.4,A (ดีมาก)
646,2025-04-15,2568,4,ฤดูแล้ง,NHK07,หนองหาร (Lake),บ้านแป้น,7.39,27.2,203.0,6.8,0.92,4.0,0.115,1.416,0.199,1743,923,83.8,A (ดีมาก)
647,2025-06-05,2568,6,ฤดูฝน,NHK06,หนองหาร (Lake),บ้านแป้น,7.6,30.8,151.0,7.45,1.53,6.7,0.045,1.362,0.206,2065,483,87.3,A (ดีมาก)
648,2024-10-19,2567,10,ฤดูฝน,BNH06,ลำห้วย (Tributary),เหล่าปอแดง,7.48,29.6,325.0,5.81,2.52,4.0,0.559,2.718,1.062,19748,10922,68.2,B (ดี)
649,2025-01-12,2568,1,ฤดูแล้ง,BNH06,ลำห้วย (Tributary),เหล่าปอแดง,7.02,25.6,364.0,5.18,4.49,17.0,0.919,2.016,1.257,12918,2977,64.8,B (ดี)
650,2024-02-08,2567,2,ฤดูแล้ง,NHK05,หนองหาร (Lake),ท่าแร่,7.48,25.6,253.0,7.65,1.78,11.5,0.283,1.134,0.407,3789,2064,86.6,A (ดีมาก)
651,2025-05-15,2568,5,ฤดูแล้ง,NHK05,หนองหาร (Lake),ท่าแร่,7.02,29.2,249.0,7.9,2.65,18.6,0.196,0.725,0.234,3730,1589,90.4,A (ดีมาก)
652,2025-02-19,2568,2,ฤดูแล้ง,NHK02,หนองหาร (Lake),ธาตุนาเวง,7.26,23.3,293.0,4.81,4.35,18.7,1.354,1.863,1.804,19129,8245,58.4,C (พอใช้)
653,2025-09-24,2568,9,ฤดูฝน,NHK03,หนองหาร (Lake),ฮางโฮง,7.2,29.8,270.0,7.81,0.3,4.0,0.287,0.765,0.239,1696,705,89.3,A (ดีมาก)
654,2025-10-09,2568,10,ฤดูฝน,NHK04,หนองหาร (Lake),เชียงเครือ,7.53,26.6,294.0,7.55,0.34,4.0,0.319,1.093,0.316,3642,1150,86.5,A (ดีมาก)
655,2025-05-29,2568,5,ฤดูแล้ง,NHK04,หนองหาร (Lake),เชียงเครือ,6.55,29.7,250.0,7.08,2.52,10.2,0.13,0.968,0.989,2158,689,82.5,A (ดีมาก)
656,2025-06-23,2568,6,ฤดูฝน,NHK01,หนองหาร (Lake),เมืองสกลนคร,6.84,30.9,189.0,9.02,1.84,9.8,0.024,0.622,0.544,4656,2106,95.2,A (ดีมาก)
657,2024-11-27,2567,11,ฤดูแล้ง,NHK01,หนองหาร (Lake),เมืองสกลนคร,7.5,25.0,315.0,6.25,0.98,4.0,0.263,0.712,0.386,10177,5875,82.0,A (ดีมาก)
658,2024-09-25,2567,9,ฤดูฝน,NHK06,หนองหาร (Lake),บ้านแป้น,6.8,29.3,182.0,7.41,0.3,4.0,0.092,0.663,0.204,3712,1082,89.2,A (ดีมาก)
659,2024-04-07,2567,4,ฤดูแล้ง,BNH07,ลำห้วย (Tributary),งิ้วด่อน,7.25,28.6,298.0,5.15,3.58,20.5,0.938,2.221,1.118,13089,5958,64.6,B (ดี)
660,2024-10-11,2567,10,ฤดูฝน,BNH04,ลำห้วย (Tributary),นาแก้ว,6.81,26.8,375.0,3.65,6.03,21.9,1.33,3.253,2.534,64868,27638,45.1,C (พอใช้)
661,2025-09-16,2568,9,ฤดูฝน,BNH04,ลำห้วย (Tributary),นาแก้ว,6.59,27.7,282.0,3.38,4.58,19.3,2.061,3.329,2.264,66023,26313,40.8,C (พอใช้)
662,2025-02-26,2568,2,ฤดูแล้ง,NHK01,หนองหาร (Lake),เมืองสกลนคร,7.11,27.3,242.0,7.01,0.35,4.0,0.161,1.118,0.954,2857,1106,81.8,A (ดีมาก)
663,2024-02-08,2567,2,ฤดูแล้ง,NHK10,หนองหาร (Lake),งิ้วด่อน,6.76,26.1,115.0,7.17,1.8,4.0,0.794,1.413,0.233,2331,667,81.5,A (ดีมาก)
664,2025-11-05,2568,11,ฤดูแล้ง,NHK06,หนองหาร (Lake),บ้านแป้น,8.03,25.7,288.0,7.05,0.3,4.0,0.161,1.652,0.468,4822,1593,82.6,A (ดีมาก)
665,2025-07-30,2568,7,ฤดูฝน,NHK02,หนองหาร (Lake),ธาตุนาเวง,6.97,31.6,299.0,5.89,3.57,15.3,1.146,1.897,2.177,14643,5927,62.4,B (ดี)
666,2025-08-20,2568,8,ฤดูฝน,NHK07,หนองหาร (Lake),บ้านแป้น,7.51,31.2,258.0,6.54,0.3,4.0,0.01,1.133,0.399,4383,2197,83.2,A (ดีมาก)
667,2024-09-21,2567,9,ฤดูฝน,BNH03,ลำห้วย (Tributary),ท่าแร่,6.85,29.9,419.0,4.94,7.11,40.0,1.487,3.517,2.251,34878,11759,50.5,C (พอใช้)
668,2024-05-02,2567,5,ฤดูแล้ง,NHK03,หนองหาร (Lake),ฮางโฮง,7.34,27.9,242.0,7.39,1.16,12.7,0.113,0.714,0.248,2207,1215,88.6,A (ดีมาก)
669,2024-04-03,2567,4,ฤดูแล้ง,BNH08,ลำห้วย (Tributary),เมืองสกลนคร,7.19,26.5,349.0,3.62,7.47,44.2,1.689,3.386,2.446,98839,58365,42.9,C (พอใช้)
670,2024-08-14,2567,8,ฤดูฝน,NHK06,หนองหาร (Lake),บ้านแป้น,7.36,28.1,235.0,7.68,0.3,4.0,0.078,0.881,0.204,5892,2569,89.7,A (ดีมาก)
671,2025-03-09,2568,3,ฤดูแล้ง,NHK01,หนองหาร (Lake),เมืองสกลนคร,7.36,24.8,249.0,6.28,0.67,4.0,0.137,0.921,0.355,9074,4058,82.3,A (ดีมาก)
672,2025-03-15,2568,3,ฤดูแล้ง,BNH08,ลำห้วย (Tributary),เมืองสกลนคร,7.18,27.3,408.0,2.85,6.3,32.1,1.526,3.356,2.273,114809,51782,41.4,C (พอใช้)
673,2025-11-11,2568,11,ฤดูแล้ง,BNH08,ลำห้วย (Tributary),เมืองสกลนคร,7.16,26.6,394.0,2.76,6.25,29.9,1.85,3.407,2.219,43064,25714,39.3,D (เสื่อมโทรม)
674,2024-05-04,2567,5,ฤดูแล้ง,BNH05,ลำห้วย (Tributary),ม่วงลาย,7.55,31.5,269.0,6.61,4.19,9.2,1.056,2.189,1.487,14796,8169,68.6,B (ดี)
675,2025-09-18,2568,9,ฤดูฝน,NHK10,หนองหาร (Lake),งิ้วด่อน,7.02,28.5,304.0,7.97,0.77,5.8,0.471,0.982,0.237,2161,693,88.3,A (ดีมาก)
676,2024-10-05,2567,10,ฤดูฝน,BNH06,ลำห้วย (Tributary),เหล่าปอแดง,6.81,29.3,327.0,5.92,3.58,20.8,0.612,2.271,1.461,10939,3820,68.0,B (ดี)
677,2024-12-19,2567,12,ฤดูแล้ง,BNH04,ลำห้วย (Tributary),นาแก้ว,6.89,27.0,442.0,2.96,6.73,34.3,1.558,3.36,3.122,52203,14673,37.4,D (เสื่อมโทรม)
678,2025-08-03,2568,8,ฤดูฝน,BNH08,ลำห้วย (Tributary),เมืองสกลนคร,7.28,30.2,398.0,4.51,5.59,27.4,1.3,3.128,2.254,99345,36327,50.9,C (พอใช้)
679,2024-10-14,2567,10,ฤดูฝน,NHK05,หนองหาร (Lake),ท่าแร่,7.11,28.5,303.0,7.82,0.45,7.0,0.01,0.783,0.629,6271,2900,89.0,A (ดีมาก)
680,2024-03-08,2567,3,ฤดูแล้ง,NHK09,หนองหาร (Lake),เหล่าปอแดง,7.15,23.6,182.0,5.85,0.47,4.0,0.4,1.038,0.417,12733,6191,78.2,B (ดี)
681,2025-09-21,2568,9,ฤดูฝน,NHK08,หนองหาร (Lake),นาตงวัฒนา,6.93,30.5,202.0,8.43,0.3,8.7,0.01,0.831,0.284,2485,1431,93.2,A (ดีมาก)
682,2024-04-15,2567,4,ฤดูแล้ง,BNH02,ลำห้วย (Tributary),เชียงเครือ,7.5,26.8,332.0,5.65,4.51,27.7,0.646,4.34,1.061,7116,2782,61.6,B (ดี)
683,2024-10-20,2567,10,ฤดูฝน,BNH02,ลำห้วย (Tributary),เชียงเครือ,7.45,27.8,333.0,6.2,2.59,7.7,0.935,1.908,1.171,25837,9615,70.0,B (ดี)
684,2025-05-23,2568,5,ฤดูแล้ง,NHK07,หนองหาร (Lake),บ้านแป้น,7.2,30.4,191.0,6.28,1.39,7.1,0.316,0.613,0.372,18001,7917,82.2,A (ดีมาก)
685,2025-10-07,2568,10,ฤดูฝน,NHK03,หนองหาร (Lake),ฮางโฮง,7.58,29.7,261.0,7.56,0.8,12.2,0.116,0.789,0.231,1409,688,89.2,A (ดีมาก)
686,2025-06-06,2568,6,ฤดูฝน,NHK09,หนองหาร (Lake),เหล่าปอแดง,7.08,31.4,235.0,7.47,0.3,6.8,0.017,1.251,0.821,2827,1139,84.8,A (ดีมาก)
687,2025-12-01,2568,12,ฤดูแล้ง,NHK05,หนองหาร (Lake),ท่าแร่,7.43,25.8,204.0,7.89,3.6,11.1,0.399,1.012,0.692,1951,609,86.0,A (ดีมาก)
688,2024-06-03,2567,6,ฤดูฝน,NHK04,หนองหาร (Lake),เชียงเครือ,7.35,30.7,310.0,8.07,1.68,10.3,0.155,0.671,0.317,3797,923,91.1,A (ดีมาก)
689,2024-04-23,2567,4,ฤดูแล้ง,NHK09,หนองหาร (Lake),เหล่าปอแดง,7.45,27.3,234.0,6.16,1.99,4.0,0.227,1.113,0.412,4343,1511,80.3,A (ดีมาก)
690,2025-01-29,2568,1,ฤดูแล้ง,NHK05,หนองหาร (Lake),ท่าแร่,7.18,26.0,243.0,7.42,1.98,4.0,0.172,0.996,0.184,10413,3609,87.7,A (ดีมาก)
691,2024-10-17,2567,10,ฤดูฝน,BNH07,ลำห้วย (Tributary),งิ้วด่อน,7.19,26.2,338.0,6.4,3.77,21.0,0.533,2.227,1.63,49910,25690,69.8,B (ดี)
692,2024-02-13,2567,2,ฤดูแล้ง,NHK01,หนองหาร (Lake),เมืองสกลนคร,7.51,24.4,186.0,7.89,3.19,4.0,0.52,0.628,0.418,8348,4276,87.9,A (ดีมาก)
693,2025-09-29,2568,9,ฤดูฝน,NHK07,หนองหาร (Lake),บ้านแป้น,6.79,29.5,250.0,7.78,1.38,4.0,0.01,0.877,0.239,2724,821,90.4,A (ดีมาก)
694,2024-02-11,2567,2,ฤดูแล้ง,NHK01,หนองหาร (Lake),เมืองสกลนคร,7.08,24.7,217.0,7.62,1.39,4.0,0.119,0.776,0.479,4255,2342,88.2,A (ดีมาก)
695,2024-11-28,2567,11,ฤดูแล้ง,NHK08,หนองหาร (Lake),นาตงวัฒนา,7.12,25.7,255.0,7.59,2.21,14.0,0.15,2.246,0.167,4947,1611,84.6,A (ดีมาก)
696,2024-12-25,2567,12,ฤดูแล้ง,BNH08,ลำห้วย (Tributary),เมืองสกลนคร,7.56,26.5,341.0,3.8,6.9,33.9,1.665,3.123,2.599,22311,6350,44.0,C (พอใช้)
697,2025-01-26,2568,1,ฤดูแล้ง,BNH06,ลำห้วย (Tributary),เหล่าปอแดง,6.92,25.9,377.0,5.19,4.12,15.7,0.812,1.904,1.056,9512,4222,66.8,B (ดี)
698,2024-07-03,2567,7,ฤดูฝน,BNH01,ลำห้วย (Tributary),ธาตุนาเวง,6.74,31.9,449.0,4.21,5.88,16.0,1.792,3.434,2.47,80062,31854,44.7,C (พอใช้)
699,2025-02-18,2568,2,ฤดูแล้ง,BNH06,ลำห้วย (Tributary),เหล่าปอแดง,7.11,24.9,355.0,5.6,5.0,27.0,0.748,1.97,1.412,14075,4531,67.0,B (ดี)
700,2024-06-06,2567,6,ฤดูฝน,NHK09,หนองหาร (Lake),เหล่าปอแดง,7.73,31.2,268.0,7.83,0.3,4.0,0.01,0.762,0.253,3793,2150,90.9,A (ดีมาก)
701,2024-09-14,2567,9,ฤดูฝน,NHK05,หนองหาร (Lake),ท่าแร่,7.28,31.3,169.0,9.22,0.3,4.0,0.01,1.024,0.421,2750,1587,95.4,A (ดีมาก)
702,2025-10-17,2568,10,ฤดูฝน,BNH05,ลำห้วย (Tributary),ม่วงลาย,7.01,27.2,332.0,6.0,3.11,25.7,0.502,2.39,1.187,19867,5955,69.9,B (ดี)
703,2025-08-02,2568,8,ฤดูฝน,BNH04,ลำห้วย (Tributary),นาแก้ว,7.12,31.3,331.0,3.97,4.87,16.5,1.391,3.496,2.192,37053,14684,47.1,C (พอใช้)
704,2024-10-10,2567,10,ฤดูฝน,BNH08,ลำห้วย (Tributary),เมืองสกลนคร,6.77,28.3,359.0,4.75,5.73,17.7,1.339,3.904,2.195,43623,11666,49.5,C (พอใช้)
705,2024-08-15,2567,8,ฤดูฝน,BNH04,ลำห้วย (Tributary),นาแก้ว,7.16,29.7,399.0,3.95,5.66,36.0,1.351,3.457,2.224,36942,13131,47.2,C (พอใช้)
706,2025-07-19,2568,7,ฤดูฝน,NHK04,หนองหาร (Lake),เชียงเครือ,7.29,33.7,252.0,8.22,1.47,4.0,0.01,0.61,0.173,1516,621,93.6,A (ดีมาก)
707,2025-12-23,2568,12,ฤดูแล้ง,BNH05,ลำห้วย (Tributary),ม่วงลาย,6.77,26.8,343.0,5.22,2.98,16.0,0.607,3.506,1.197,4453,2462,62.1,B (ดี)
708,2025-02-03,2568,2,ฤดูแล้ง,NHK05,หนองหาร (Lake),ท่าแร่,7.58,27.1,251.0,6.98,2.95,17.9,0.167,0.802,0.207,2815,1537,86.4,A (ดีมาก)
709,2025-05-25,2568,5,ฤดูแล้ง,BNH04,ลำห้วย (Tributary),นาแก้ว,6.21,29.1,341.0,3.49,4.7,23.0,1.588,3.218,2.175,22652,7069,44.8,C (พอใช้)
710,2025-01-19,2568,1,ฤดูแล้ง,BNH01,ลำห้วย (Tributary),ธาตุนาเวง,6.46,24.3,461.0,3.32,8.23,38.5,1.824,3.424,2.253,65735,33550,41.6,C (พอใช้)
711,2024-10-21,2567,10,ฤดูฝน,NHK01,หนองหาร (Lake),เมืองสกลนคร,7.43,29.7,173.0,7.19,0.3,12.8,0.01,1.276,0.368,4413,1987,85.8,A (ดีมาก)
712,2025-10-22,2568,10,ฤดูฝน,NHK01,หนองหาร (Lake),เมืองสกลนคร,7.16,29.1,204.0,8.35,1.27,7.0,0.08,1.202,0.198,5348,2514,91.7,A (ดีมาก)
713,2025-02-12,2568,2,ฤดูแล้ง,NHK08,หนองหาร (Lake),นาตงวัฒนา,7.12,25.6,168.0,6.22,2.18,9.2,0.169,0.752,0.46,9313,4068,81.9,A (ดีมาก)
714,2024-03-26,2567,3,ฤดูแล้ง,BNH03,ลำห้วย (Tributary),ท่าแร่,6.74,28.5,408.0,2.34,6.8,32.9,1.631,3.259,2.272,79915,34551,38.9,D (เสื่อมโทรม)
715,2025-12-13,2568,12,ฤดูแล้ง,NHK09,หนองหาร (Lake),เหล่าปอแดง,7.25,24.0,231.0,6.62,3.4,13.5,0.229,0.741,0.589,2240,1170,82.7,A (ดีมาก)
716,2025-12-03,2568,12,ฤดูแล้ง,NHK09,หนองหาร (Lake),เหล่าปอแดง,7.33,24.5,217.0,4.94,2.74,20.1,0.199,1.108,0.196,4068,1827,76.1,B (ดี)
717,2025-03-17,2568,3,ฤดูแล้ง,BNH05,ลำห้วย (Tributary),ม่วงลาย,7.63,27.1,342.0,4.97,4.11,20.0,0.63,2.231,1.178,12562,4455,65.1,B (ดี)
718,2025-12-25,2568,12,ฤดูแล้ง,NHK03,หนองหาร (Lake),ฮางโฮง,7.07,26.3,260.0,8.2,2.39,18.8,0.164,1.92,0.578,4402,2202,86.2,A (ดีมาก)
719,2024-10-27,2567,10,ฤดูฝน,BNH05,ลำห้วย (Tributary),ม่วงลาย,7.61,26.1,335.0,7.41,2.96,10.1,0.507,3.245,1.368,8640,2794,72.4,B (ดี)
720,2024-01-22,2567,1,ฤดูแล้ง,BNH01,ลำห้วย (Tributary),ธาตุนาเวง,7.56,23.0,383.0,2.66,6.39,30.9,1.712,3.172,2.319,80074,30844,39.9,D (เสื่อมโทรม)
721,2024-05-12,2567,5,ฤดูแล้ง,NHK09,หนองหาร (Lake),เหล่าปอแดง,6.62,28.4,233.0,7.39,2.28,4.0,0.149,0.675,0.32,1654,372,88.1,A (ดีมาก)
722,2025-05-28,2568,5,ฤดูแล้ง,BNH05,ลำห้วย (Tributary),ม่วงลาย,7.39,31.3,276.0,4.91,2.35,15.2,0.71,1.929,1.083,15611,5362,65.9,B (ดี)
723,2024-11-13,2567,11,ฤดูแล้ง,BNH03,ลำห้วย (Tributary),ท่าแร่,6.81,27.4,376.0,1.3,8.12,23.3,1.716,3.552,2.363,23811,14166,32.3,D (เสื่อมโทรม)
724,2025-10-01,2568,10,ฤดูฝน,BNH06,ลำห้วย (Tributary),เหล่าปอแดง,7.5,29.1,232.0,6.13,1.97,4.0,0.434,2.928,1.089,7174,4083,69.5,B (ดี)
725,2025-06-25,2568,6,ฤดูฝน,NHK07,หนองหาร (Lake),บ้านแป้น,7.52,30.1,270.0,8.7,1.55,4.0,0.01,0.93,1.033,4226,1188,90.3,A (ดีมาก)
726,2025-04-23,2568,4,ฤดูแล้ง,NHK02,หนองหาร (Lake),ธาตุนาเวง,7.01,28.1,285.0,4.75,5.12,32.0,1.035,1.921,1.417,16492,8281,61.7,B (ดี)
727,2025-05-21,2568,5,ฤดูแล้ง,BNH02,ลำห้วย (Tributary),เชียงเครือ,7.86,28.2,308.0,3.69,2.69,17.3,0.66,2.624,1.579,126005,66306,56.0,C (พอใช้)
728,2025-04-08,2568,4,ฤดูแล้ง,NHK06,หนองหาร (Lake),บ้านแป้น,7.66,28.8,247.0,6.2,1.99,7.0,0.244,0.602,0.452,1327,587,81.9,A (ดีมาก)
729,2025-07-13,2568,7,ฤดูฝน,NHK07,หนองหาร (Lake),บ้านแป้น,7.43,32.7,206.0,7.71,0.96,4.0,0.01,0.797,0.34,1964,798,89.8,A (ดีมาก)
730,2025-08-21,2568,8,ฤดูฝน,BNH05,ลำห้วย (Tributary),ม่วงลาย,7.68,32.0,333.0,6.79,2.33,16.7,0.535,1.931,1.07,30758,11713,75.3,B (ดี)
731,2024-01-18,2567,1,ฤดูแล้ง,BNH03,ลำห้วย (Tributary),ท่าแร่,6.99,25.3,417.0,2.36,7.35,34.8,1.501,3.134,2.151,20584,6793,40.7,C (พอใช้)
732,2024-08-08,2567,8,ฤดูฝน,BNH05,ลำห้วย (Tributary),ม่วงลาย,7.17,28.2,313.0,6.09,3.7,9.3,0.478,2.037,1.165,2491,617,71.7,B (ดี)
733,2025-08-28,2568,8,ฤดูฝน,BNH08,ลำห้วย (Tributary),เมืองสกลนคร,6.57,32.3,408.0,3.83,6.46,25.1,1.409,3.619,2.157,93397,39163,46.1,C (พอใช้)
734,2025-11-13,2568,11,ฤดูแล้ง,BNH01,ลำห้วย (Tributary),ธาตุนาเวง,6.99,28.1,338.0,2.16,6.5,25.0,1.685,3.468,2.195,67889,39183,37.5,D (เสื่อมโทรม)
735,2024-08-27,2567,8,ฤดูฝน,BNH07,ลำห้วย (Tributary),งิ้วด่อน,6.81,31.2,364.0,6.27,0.74,4.0,1.175,2.237,1.53,20488,5391,66.0,B (ดี)
736,2025-09-23,2568,9,ฤดูฝน,NHK02,หนองหาร (Lake),ธาตุนาเวง,6.79,27.5,221.0,5.05,4.29,23.1,0.912,2.251,1.485,14607,5735,62.3,B (ดี)
737,2024-01-26,2567,1,ฤดูแล้ง,BNH03,ลำห้วย (Tributary),ท่าแร่,6.98,25.1,373.0,3.14,5.52,23.6,1.968,4.086,2.277,67239,39409,37.7,D (เสื่อมโทรม)
738,2025-05-05,2568,5,ฤดูแล้ง,BNH06,ลำห้วย (Tributary),เหล่าปอแดง,7.51,30.5,354.0,5.12,5.01,15.3,0.742,1.912,1.17,6806,3774,66.3,B (ดี)
739,2025-02-27,2568,2,ฤดูแล้ง,NHK03,หนองหาร (Lake),ฮางโฮง,7.36,25.4,180.0,7.19,1.27,4.0,0.362,0.733,0.186,4244,903,86.5,A (ดีมาก)
740,2024-09-09,2567,9,ฤดูฝน,NHK10,หนองหาร (Lake),งิ้วด่อน,7.12,29.8,225.0,8.92,0.3,4.0,0.164,1.145,0.209,4175,1018,93.8,A (ดีมาก)
741,2025-05-14,2568,5,ฤดูแล้ง,BNH03,ลำห้วย (Tributary),ท่าแร่,6.62,30.6,401.0,3.34,8.29,37.5,1.631,3.916,2.244,55211,14340,41.2,C (พอใช้)
742,2024-11-04,2567,11,ฤดูแล้ง,NHK04,หนองหาร (Lake),เชียงเครือ,6.76,26.7,255.0,6.52,0.97,4.6,0.114,1.83,0.379,10572,3335,80.3,A (ดีมาก)
743,2024-10-01,2567,10,ฤดูฝน,BNH03,ลำห้วย (Tributary),ท่าแร่,6.79,27.9,344.0,3.23,5.81,26.2,1.335,3.215,2.416,19277,4646,43.9,C (พอใช้)
744,2024-05-17,2567,5,ฤดูแล้ง,NHK10,หนองหาร (Lake),งิ้วด่อน,7.25,28.1,147.0,6.41,0.81,8.9,0.113,0.683,0.251,7497,2590,84.3,A (ดีมาก)
745,2024-08-09,2567,8,ฤดูฝน,NHK09,หนองหาร (Lake),เหล่าปอแดง,7.1,31.4,277.0,7.86,0.3,4.0,0.01,0.954,0.152,3238,849,91.0,A (ดีมาก)
746,2025-01-06,2568,1,ฤดูแล้ง,NHK08,หนองหาร (Lake),นาตงวัฒนา,7.45,25.6,225.0,7.67,1.9,4.0,0.136,0.82,0.184,806,471,89.7,A (ดีมาก)
747,2024-11-24,2567,11,ฤดูแล้ง,NHK01,หนองหาร (Lake),เมืองสกลนคร,7.24,27.8,232.0,5.82,1.55,12.3,0.225,0.664,0.919,4024,1813,77.8,B (ดี)
748,2024-09-30,2567,9,ฤดูฝน,NHK03,หนองหาร (Lake),ฮางโฮง,7.51,29.8,196.0,7.86,1.63,4.0,0.01,0.927,0.435,3226,1587,89.6,A (ดีมาก)
749,2025-12-17,2568,12,ฤดูแล้ง,NHK08,หนองหาร (Lake),นาตงวัฒนา,7.22,24.7,229.0,6.54,0.62,9.0,0.195,0.991,0.296,10843,4733,83.2,A (ดีมาก)
750,2025-03-17,2568,3,ฤดูแล้ง,BNH05,ลำห้วย (Tributary),ม่วงลาย,6.77,26.1,388.0,6.16,5.99,24.0,0.679,2.013,1.258,9475,4823,70.5,B (ดี)
751,2024-04-24,2567,4,ฤดูแล้ง,NHK10,หนองหาร (Lake),งิ้วด่อน,7.37,30.0,189.0,6.02,0.93,4.0,0.128,1.217,0.174,10956,3172,81.1,A (ดีมาก)
752,2025-05-12,2568,5,ฤดูแล้ง,NHK01,หนองหาร (Lake),เมืองสกลนคร,7.04,28.5,179.0,5.61,0.3,4.0,0.327,0.626,0.484,4408,2092,78.6,B (ดี)
753,2025-03-15,2568,3,ฤดูแล้ง,NHK06,หนองหาร (Lake),บ้านแป้น,7.14,26.2,214.0,6.14,2.89,13.7,0.132,0.658,0.622,4265,1225,81.2,A (ดีมาก)
754,2025-03-14,2568,3,ฤดูแล้ง,NHK01,หนองหาร (Lake),เมืองสกลนคร,6.93,25.7,233.0,7.28,0.51,4.6,0.417,0.848,0.271,7730,3617,85.8,A (ดีมาก)
755,2024-07-29,2567,7,ฤดูฝน,BNH02,ลำห้วย (Tributary),เชียงเครือ,7.09,31.5,351.0,5.25,4.87,22.0,0.465,2.237,1.108,21347,7823,67.7,B (ดี)
756,2024-09-08,2567,9,ฤดูฝน,BNH05,ลำห้วย (Tributary),ม่วงลาย,7.0,29.3,397.0,6.27,1.95,14.1,0.6,2.369,1.083,5185,1462,71.1,B (ดี)
757,2024-08-31,2567,8,ฤดูฝน,NHK04,หนองหาร (Lake),เชียงเครือ,7.31,30.4,294.0,8.56,0.3,4.0,0.075,0.703,0.188,27413,8896,94.3,A (ดีมาก)
758,2024-02-01,2567,2,ฤดูแล้ง,NHK04,หนองหาร (Lake),เชียงเครือ,7.3,26.8,195.0,6.71,0.3,7.5,0.209,0.89,0.432,7223,4257,83.5,A (ดีมาก)
759,2024-10-26,2567,10,ฤดูฝน,BNH02,ลำห้วย (Tributary),เชียงเครือ,7.34,25.8,390.0,6.27,2.58,16.4,0.505,2.236,1.215,30377,15056,71.4,B (ดี)
760,2024-04-19,2567,4,ฤดูแล้ง,BNH02,ลำห้วย (Tributary),เชียงเครือ,7.44,27.9,257.0,4.64,4.58,21.4,0.709,2.239,1.476,5038,2826,61.7,B (ดี)
761,2024-07-26,2567,7,ฤดูฝน,BNH03,ลำห้วย (Tributary),ท่าแร่,6.94,31.6,432.0,3.2,5.16,19.7,1.536,3.698,2.507,73636,39472,40.6,C (พอใช้)
762,2025-03-10,2568,3,ฤดูแล้ง,BNH01,ลำห้วย (Tributary),ธาตุนาเวง,7.04,27.4,453.0,2.59,6.5,25.2,1.508,3.378,2.647,58245,17678,38.4,D (เสื่อมโทรม)
763,2024-07-12,2567,7,ฤดูฝน,NHK10,หนองหาร (Lake),งิ้วด่อน,7.13,30.0,280.0,6.41,1.4,14.2,0.091,0.641,0.4,1039,290,83.8,A (ดีมาก)
764,2024-11-19,2567,11,ฤดูแล้ง,BNH03,ลำห้วย (Tributary),ท่าแร่,7.55,26.2,379.0,2.78,7.06,37.7,1.63,3.194,2.227,17126,8479,41.3,C (พอใช้)
765,2024-10-15,2567,10,ฤดูฝน,NHK10,หนองหาร (Lake),งิ้วด่อน,6.78,28.7,227.0,9.11,1.26,4.0,0.19,0.665,0.25,1969,844,95.9,A (ดีมาก)
766,2025-10-29,2568,10,ฤดูฝน,NHK05,หนองหาร (Lake),ท่าแร่,7.33,27.1,158.0,7.8,0.3,4.0,0.046,0.666,0.373,2925,628,90.3,A (ดีมาก)
767,2025-07-04,2568,7,ฤดูฝน,BNH06,ลำห้วย (Tributary),เหล่าปอแดง,7.06,29.9,270.0,7.65,3.34,19.3,0.557,1.962,1.301,5296,1610,77.8,B (ดี)
768,2024-07-22,2567,7,ฤดูฝน,NHK02,หนองหาร (Lake),ธาตุนาเวง,6.11,29.9,261.0,5.72,4.45,23.8,0.932,2.778,1.92,11823,5582,61.3,B (ดี)
769,2024-03-02,2567,3,ฤดูแล้ง,BNH06,ลำห้วย (Tributary),เหล่าปอแดง,7.2,27.2,329.0,4.83,4.36,10.2,0.692,1.977,1.277,23451,5539,64.5,B (ดี)
770,2025-06-29,2568,6,ฤดูฝน,NHK03,หนองหาร (Lake),ฮางโฮง,7.22,29.8,268.0,7.58,0.3,4.0,0.01,0.836,0.335,2172,1210,89.2,A (ดีมาก)
771,2025-06-16,2568,6,ฤดูฝน,BNH02,ลำห้วย (Tributary),เชียงเครือ,7.38,28.3,377.0,6.49,3.28,6.3,0.576,2.513,1.071,12436,4685,71.8,B (ดี)
772,2025-05-13,2568,5,ฤดูแล้ง,NHK04,หนองหาร (Lake),เชียงเครือ,6.93,28.5,219.0,5.16,1.19,4.4,0.237,2.152,0.198,6081,3378,73.4,B (ดี)
773,2025-03-01,2568,3,ฤดูแล้ง,NHK05,หนองหาร (Lake),ท่าแร่,7.01,27.9,258.0,8.72,0.83,4.0,0.168,1.063,0.287,4555,2207,92.8,A (ดีมาก)
774,2024-11-19,2567,11,ฤดูแล้ง,NHK07,หนองหาร (Lake),บ้านแป้น,7.14,24.5,321.0,5.62,2.4,9.1,0.404,0.661,0.276,1359,653,79.1,B (ดี)
775,2024-09-14,2567,9,ฤดูฝน,BNH03,ลำห้วย (Tributary),ท่าแร่,6.93,28.9,353.0,3.91,5.96,28.9,1.39,3.359,2.82,27694,5877,44.1,C (พอใช้)
776,2024-09-09,2567,9,ฤดูฝน,BNH08,ลำห้วย (Tributary),เมืองสกลนคร,6.36,29.3,304.0,5.13,5.87,26.5,1.477,3.434,2.472,9574,2191,50.6,C (พอใช้)
777,2025-03-17,2568,3,ฤดูแล้ง,NHK04,หนองหาร (Lake),เชียงเครือ,7.8,24.9,277.0,6.93,2.99,6.5,0.165,0.825,0.224,5150,3024,86.0,A (ดีมาก)
778,2024-05-27,2567,5,ฤดูแล้ง,NHK06,หนองหาร (Lake),บ้านแป้น,6.92,28.9,173.0,7.17,1.69,28.3,0.155,0.621,0.19,2598,1233,87.9,A (ดีมาก)
779,2024-04-18,2567,4,ฤดูแล้ง,BNH04,ลำห้วย (Tributary),นาแก้ว,6.75,26.7,360.0,2.49,7.48,21.8,1.947,3.224,2.78,52537,15803,35.3,D (เสื่อมโทรม)
780,2024-07-27,2567,7,ฤดูฝน,BNH03,ลำห้วย (Tributary),ท่าแร่,7.38,30.8,400.0,5.46,6.01,29.5,1.428,3.297,2.742,25241,8119,51.4,C (พอใช้)
781,2025-11-21,2568,11,ฤดูแล้ง,BNH05,ลำห้วย (Tributary),ม่วงลาย,6.65,26.9,300.0,4.38,4.13,11.6,0.614,1.925,1.407,9933,2005,62.5,B (ดี)
782,2025-03-06,2568,3,ฤดูแล้ง,BNH02,ลำห้วย (Tributary),เชียงเครือ,6.82,26.2,311.0,4.42,3.08,5.8,1.18,2.378,1.742,6171,2744,56.3,C (พอใช้)
783,2024-02-28,2567,2,ฤดูแล้ง,BNH05,ลำห้วย (Tributary),ม่วงลาย,7.13,22.0,337.0,5.03,4.93,21.3,0.769,2.116,1.141,38463,10199,65.2,B (ดี)
784,2024-07-27,2567,7,ฤดูฝน,NHK09,หนองหาร (Lake),เหล่าปอแดง,7.14,29.8,252.0,6.81,0.3,4.0,0.01,1.086,0.686,1460,523,83.1,A (ดีมาก)
785,2025-02-10,2568,2,ฤดูแล้ง,NHK10,หนองหาร (Lake),งิ้วด่อน,6.74,26.8,285.0,6.61,1.32,7.7,0.15,0.88,0.5,3303,823,83.1,A (ดีมาก)
786,2025-05-05,2568,5,ฤดูแล้ง,NHK10,หนองหาร (Lake),งิ้วด่อน,6.78,29.3,251.0,6.15,0.82,4.0,0.181,3.144,1.152,7090,2730,70.1,B (ดี)
787,2024-06-14,2567,6,ฤดูฝน,BNH01,ลำห้วย (Tributary),ธาตุนาเวง,7.65,29.7,367.0,4.38,6.11,24.1,1.376,3.311,2.328,160553,95769,48.9,C (พอใช้)
788,2025-01-25,2568,1,ฤดูแล้ง,BNH04,ลำห้วย (Tributary),นาแก้ว,7.09,26.7,419.0,2.97,8.84,29.3,1.698,3.531,2.651,178310,35797,38.5,D (เสื่อมโทรม)
789,2025-05-04,2568,5,ฤดูแล้ง,NHK10,หนองหาร (Lake),งิ้วด่อน,7.23,27.6,211.0,6.57,1.3,9.7,0.428,1.55,0.739,2391,693,77.9,B (ดี)
790,2025-01-24,2568,1,ฤดูแล้ง,BNH05,ลำห้วย (Tributary),ม่วงลาย,7.63,25.6,369.0,6.34,4.06,23.5,0.678,1.963,1.267,8898,4098,71.4,B (ดี)
791,2024-05-17,2567,5,ฤดูแล้ง,NHK04,หนองหาร (Lake),เชียงเครือ,7.31,30.9,176.0,7.1,0.86,9.2,0.129,0.955,0.322,3323,1544,86.0,A (ดีมาก)
792,2024-02-04,2567,2,ฤดูแล้ง,NHK08,หนองหาร (Lake),นาตงวัฒนา,7.54,28.3,233.0,5.67,2.53,4.0,0.141,0.626,0.358,4903,997,80.5,A (ดีมาก)
793,2025-06-30,2568,6,ฤดูฝน,BNH03,ลำห้วย (Tributary),ท่าแร่,7.14,30.7,385.0,5.0,6.85,24.6,1.364,3.238,2.471,65126,29238,51.3,C (พอใช้)
794,2024-02-23,2567,2,ฤดูแล้ง,NHK08,หนองหาร (Lake),นาตงวัฒนา,7.23,26.8,238.0,6.6,0.81,4.0,0.126,0.922,0.504,1385,582,83.0,A (ดีมาก)
795,2024-11-23,2567,11,ฤดูแล้ง,BNH06,ลำห้วย (Tributary),เหล่าปอแดง,7.37,25.9,327.0,5.8,5.27,17.3,0.926,2.021,1.101,8493,3623,68.2,B (ดี)
796,2025-04-10,2568,4,ฤดูแล้ง,NHK06,หนองหาร (Lake),บ้านแป้น,7.57,29.0,223.0,6.71,1.8,9.1,0.354,0.636,0.314,5667,2969,84.1,A (ดีมาก)
797,2024-02-05,2567,2,ฤดูแล้ง,NHK07,หนองหาร (Lake),บ้านแป้น,6.84,24.0,230.0,7.31,2.02,4.0,0.155,0.647,0.609,5672,1470,86.4,A (ดีมาก)
798,2025-01-12,2568,1,ฤดูแล้ง,BNH08,ลำห้วย (Tributary),เมืองสกลนคร,6.32,26.2,336.0,3.69,6.62,25.3,1.526,3.471,2.498,23163,12289,43.6,C (พอใช้)
799,2025-07-12,2568,7,ฤดูฝน,BNH05,ลำห้วย (Tributary),ม่วงลาย,7.31,32.7,286.0,5.99,4.25,32.7,0.461,2.015,1.285,9465,5450,70.9,B (ดี)
800,2024-02-28,2567,2,ฤดูแล้ง,BNH03,ลำห้วย (Tributary),ท่าแร่,6.87,24.7,336.0,2.88,6.54,29.0,1.562,3.95,2.492,31421,12598,38.3,D (เสื่อมโทรม)
801,2025-04-13,2568,4,ฤดูแล้ง,BNH05,ลำห้วย (Tributary),ม่วงลาย,7.38,26.8,323.0,4.63,5.95,26.0,0.791,2.082,1.074,6521,3388,63.8,B (ดี)
802,2025-04-01,2568,4,ฤดูแล้ง,NHK04,หนองหาร (Lake),เชียงเครือ,7.37,28.1,225.0,5.71,2.13,10.1,0.186,1.608,0.193,2038,955,78.0,B (ดี)
803,2025-04-12,2568,4,ฤดูแล้ง,NHK09,หนองหาร (Lake),เหล่าปอแดง,6.69,29.3,171.0,5.66,1.6,4.0,0.147,0.65,0.16,5980,2382,81.4,A (ดีมาก)
804,2025-09-21,2568,9,ฤดูฝน,BNH08,ลำห้วย (Tributary),เมืองสกลนคร,7.41,31.0,389.0,3.62,6.13,38.9,1.937,3.864,2.432,23282,12163,40.0,D (เสื่อมโทรม)
805,2025-06-24,2568,6,ฤดูฝน,BNH07,ลำห้วย (Tributary),งิ้วด่อน,7.65,30.2,401.0,5.81,4.35,11.7,0.739,2.079,1.189,8345,4185,68.7,B (ดี)
806,2025-12-07,2568,12,ฤดูแล้ง,BNH07,ลำห้วย (Tributary),งิ้วด่อน,6.89,25.6,252.0,4.64,4.15,20.3,0.792,3.092,1.116,29813,10361,60.2,B (ดี)
807,2024-11-27,2567,11,ฤดูแล้ง,BNH07,ลำห้วย (Tributary),งิ้วด่อน,7.47,27.0,353.0,5.29,4.9,18.3,0.714,2.159,1.213,12342,2852,66.2,B (ดี)
808,2024-12-26,2567,12,ฤดูแล้ง,BNH03,ลำห้วย (Tributary),ท่าแร่,6.78,25.7,372.0,2.83,7.32,30.5,1.574,3.338,2.267,35973,15332,41.1,C (พอใช้)
809,2025-08-08,2568,8,ฤดูฝน,NHK05,หนองหาร (Lake),ท่าแร่,6.67,30.4,239.0,7.04,1.55,18.9,0.014,0.903,1.373,2626,733,81.3,A (ดีมาก)
810,2025-11-25,2568,11,ฤดูแล้ง,NHK09,หนองหาร (Lake),เหล่าปอแดง,6.7,28.0,224.0,6.2,0.98,5.0,0.282,0.952,0.167,2590,971,82.0,A (ดีมาก)
811,2025-04-29,2568,4,ฤดูแล้ง,NHK02,หนองหาร (Lake),ธาตุนาเวง,7.44,26.4,256.0,4.54,5.0,23.3,1.07,2.35,1.432,16143,9021,59.1,C (พอใช้)
812,2025-08-13,2568,8,ฤดูฝน,BNH07,ลำห้วย (Tributary),งิ้วด่อน,7.03,30.2,355.0,5.73,2.31,16.9,0.63,1.905,1.181,3312,1209,69.6,B (ดี)
813,2024-11-19,2567,11,ฤดูแล้ง,NHK10,หนองหาร (Lake),งิ้วด่อน,7.65,29.3,251.0,7.46,3.44,21.1,0.142,1.206,0.688,1284,258,84.9,A (ดีมาก)
814,2024-11-15,2567,11,ฤดูแล้ง,BNH08,ลำห้วย (Tributary),เมืองสกลนคร,6.68,25.8,359.0,3.64,6.49,29.2,1.615,3.131,2.153,191661,104022,45.8,C (พอใช้)
815,2025-11-29,2568,11,ฤดูแล้ง,BNH01,ลำห้วย (Tributary),ธาตุนาเวง,7.52,26.7,337.0,4.34,8.77,34.1,1.764,3.454,2.236,35752,15599,46.5,C (พอใช้)
816,2024-01-10,2567,1,ฤดูแล้ง,BNH02,ลำห้วย (Tributary),เชียงเครือ,7.08,26.3,347.0,4.45,3.67,25.9,0.813,2.283,1.24,5708,2638,61.3,B (ดี)
817,2024-01-29,2567,1,ฤดูแล้ง,NHK10,หนองหาร (Lake),งิ้วด่อน,6.66,25.4,261.0,5.91,2.03,13.4,0.353,0.865,0.385,3659,1316,79.5,B (ดี)
818,2024-01-09,2567,1,ฤดูแล้ง,BNH05,ลำห้วย (Tributary),ม่วงลาย,7.23,26.6,282.0,5.19,2.54,9.7,0.615,2.576,1.264,6683,3875,64.7,B (ดี)
819,2025-01-03,2568,1,ฤดูแล้ง,BNH03,ลำห้วย (Tributary),ท่าแร่,6.67,26.6,389.0,2.62,5.66,23.7,1.974,3.345,2.821,57063,26661,35.1,D (เสื่อมโทรม)
820,2025-09-06,2568,9,ฤดูฝน,BNH02,ลำห้วย (Tributary),เชียงเครือ,7.14,30.8,372.0,6.19,4.44,9.2,0.553,2.172,1.271,10599,2317,70.8,B (ดี)
821,2025-04-15,2568,4,ฤดูแล้ง,BNH03,ลำห้วย (Tributary),ท่าแร่,6.96,28.0,367.0,2.98,8.63,38.9,1.621,3.158,2.263,117234,46480,42.1,C (พอใช้)
822,2024-05-16,2567,5,ฤดูแล้ง,BNH07,ลำห้วย (Tributary),งิ้วด่อน,6.61,30.7,294.0,5.07,4.32,24.3,0.892,2.158,1.089,9287,4956,64.8,B (ดี)
823,2024-08-04,2567,8,ฤดูฝน,BNH04,ลำห้วย (Tributary),นาแก้ว,6.87,30.2,384.0,4.48,7.73,25.8,1.317,3.164,2.518,17742,4991,49.3,C (พอใช้)
824,2025-08-28,2568,8,ฤดูฝน,BNH06,ลำห้วย (Tributary),เหล่าปอแดง,7.17,31.5,310.0,6.74,3.6,6.8,0.458,2.44,1.07,25520,12561,73.9,B (ดี)
825,2025-05-22,2568,5,ฤดูแล้ง,NHK08,หนองหาร (Lake),นาตงวัฒนา,7.41,28.3,249.0,7.31,1.95,17.6,0.181,1.382,0.365,4379,1776,85.0,A (ดีมาก)
826,2024-11-11,2567,11,ฤดูแล้ง,NHK08,หนองหาร (Lake),นาตงวัฒนา,7.18,27.6,201.0,7.25,1.4,4.0,0.245,0.995,0.171,1061,470,86.6,A (ดีมาก)
827,2024-04-01,2567,4,ฤดูแล้ง,BNH08,ลำห้วย (Tributary),เมืองสกลนคร,6.84,27.5,411.0,2.4,7.1,27.1,1.783,4.355,2.161,51599,27466,35.1,D (เสื่อมโทรม)
828,2025-11-19,2568,11,ฤดูแล้ง,NHK05,หนองหาร (Lake),ท่าแร่,7.14,26.1,273.0,5.46,0.3,4.0,0.133,0.812,0.172,1523,371,80.0,B (ดี)
829,2025-02-16,2568,2,ฤดูแล้ง,BNH06,ลำห้วย (Tributary),เหล่าปอแดง,7.27,24.9,305.0,4.96,3.78,19.6,0.775,2.122,1.275,20539,10538,64.2,B (ดี)
830,2025-10-21,2568,10,ฤดูฝน,NHK08,หนองหาร (Lake),นาตงวัฒนา,7.57,29.0,186.0,8.28,0.78,4.0,0.01,0.605,0.479,2462,984,92.4,A (ดีมาก)
831,2025-07-12,2568,7,ฤดูฝน,NHK06,หนองหาร (Lake),บ้านแป้น,7.34,31.6,276.0,7.0,1.22,4.0,0.148,0.829,0.428,684,294,85.4,A (ดีมาก)
832,2024-04-27,2567,4,ฤดูแล้ง,BNH05,ลำห้วย (Tributary),ม่วงลาย,6.75,26.8,337.0,4.71,3.34,19.4,0.788,1.937,1.195,6073,2046,64.0,B (ดี)
833,2025-09-09,2568,9,ฤดูฝน,BNH06,ลำห้วย (Tributary),เหล่าปอแดง,6.67,29.6,329.0,6.28,3.45,10.7,0.602,1.935,1.148,10154,2455,72.3,B (ดี)
834,2025-10-25,2568,10,ฤดูฝน,BNH04,ลำห้วย (Tributary),นาแก้ว,7.33,26.4,399.0,3.44,5.52,18.5,1.54,3.366,2.219,36155,12935,44.2,C (พอใช้)
835,2024-04-12,2567,4,ฤดูแล้ง,NHK04,หนองหาร (Lake),เชียงเครือ,7.67,27.5,168.0,7.44,2.12,15.2,0.181,0.963,0.183,3181,1038,87.9,A (ดีมาก)
836,2025-06-02,2568,6,ฤดูฝน,BNH03,ลำห้วย (Tributary),ท่าแร่,6.56,30.5,339.0,3.32,5.55,22.3,1.42,3.216,2.26,28030,13891,44.6,C (พอใช้)
837,2024-05-30,2567,5,ฤดูแล้ง,NHK01,หนองหาร (Lake),เมืองสกลนคร,6.79,29.3,289.0,7.14,1.36,4.2,0.186,2.103,1.24,996,221,77.5,B (ดี)
838,2025-10-21,2568,10,ฤดูฝน,BNH05,ลำห้วย (Tributary),ม่วงลาย,7.16,27.0,348.0,4.39,1.49,17.8,0.426,2.1,1.137,11273,2359,64.4,B (ดี)
839,2024-12-24,2567,12,ฤดูแล้ง,BNH08,ลำห้วย (Tributary),เมืองสกลนคร,7.98,26.5,412.0,2.84,8.36,32.2,1.576,3.332,2.319,32710,11528,40.9,C (พอใช้)
840,2024-01-31,2567,1,ฤดูแล้ง,NHK06,หนองหาร (Lake),บ้านแป้น,7.07,23.7,249.0,6.58,1.53,11.6,0.519,0.956,0.16,9294,5425,82.3,A (ดีมาก)
841,2024-01-23,2567,1,ฤดูแล้ง,BNH08,ลำห้วย (Tributary),เมืองสกลนคร,7.63,25.5,457.0,3.49,7.15,26.8,1.854,3.406,2.733,35139,14492,39.9,D (เสื่อมโทรม)
842,2024-03-27,2567,3,ฤดูแล้ง,NHK06,หนองหาร (Lake),บ้านแป้น,6.77,26.9,204.0,6.07,0.3,4.0,0.161,1.141,0.197,8249,4345,81.3,A (ดีมาก)
843,2025-03-21,2568,3,ฤดูแล้ง,NHK10,หนองหาร (Lake),งิ้วด่อน,6.65,25.4,245.0,8.47,0.3,4.0,0.12,1.2,0.427,9579,3205,90.8,A (ดีมาก)
844,2024-12-23,2567,12,ฤดูแล้ง,BNH01,ลำห้วย (Tributary),ธาตุนาเวง,6.81,26.7,400.0,2.55,5.96,34.8,1.523,3.754,2.52,54389,16712,37.5,D (เสื่อมโทรม)
845,2025-10-25,2568,10,ฤดูฝน,BNH01,ลำห้วย (Tributary),ธาตุนาเวง,6.42,27.9,395.0,3.78,5.13,18.0,1.422,3.687,2.244,40974,13138,45.2,C (พอใช้)
846,2024-01-25,2567,1,ฤดูแล้ง,NHK10,หนองหาร (Lake),งิ้วด่อน,7.21,24.7,253.0,6.04,1.17,4.0,0.218,0.969,0.257,5457,2969,81.1,A (ดีมาก)
847,2024-04-30,2567,4,ฤดูแล้ง,BNH06,ลำห้วย (Tributary),เหล่าปอแดง,7.09,29.0,294.0,5.97,3.43,16.0,0.624,2.617,1.175,8886,5289,68.4,B (ดี)
848,2025-03-16,2568,3,ฤดูแล้ง,NHK03,หนองหาร (Lake),ฮางโฮง,7.5,27.5,151.0,7.07,2.75,7.3,0.193,1.196,0.171,3456,2032,85.5,A (ดีมาก)
849,2024-05-17,2567,5,ฤดูแล้ง,NHK10,หนองหาร (Lake),งิ้วด่อน,7.53,28.5,209.0,7.59,2.35,4.0,0.144,1.424,0.569,7843,4347,85.3,A (ดีมาก)
850,2024-09-08,2567,9,ฤดูฝน,BNH06,ลำห้วย (Tributary),เหล่าปอแดง,7.34,30.3,326.0,5.93,3.93,18.7,1.052,3.213,1.381,9452,2050,62.8,B (ดี)
851,2025-07-09,2568,7,ฤดูฝน,NHK04,หนองหาร (Lake),เชียงเครือ,7.3,30.5,158.0,8.0,0.3,4.0,0.01,1.005,0.423,1089,555,90.0,A (ดีมาก)
852,2025-04-21,2568,4,ฤดูแล้ง,BNH06,ลำห้วย (Tributary),เหล่าปอแดง,6.65,28.7,294.0,5.2,5.53,32.7,0.63,2.153,1.304,6627,3237,65.8,B (ดี)
853,2024-09-29,2567,9,ฤดูฝน,BNH02,ลำห้วย (Tributary),เชียงเครือ,7.53,30.7,353.0,6.97,4.06,16.9,0.537,2.366,1.212,12466,5887,74.0,B (ดี)
854,2025-08-23,2568,8,ฤดูฝน,BNH04,ลำห้วย (Tributary),นาแก้ว,7.56,30.8,405.0,4.27,7.13,37.4,1.866,3.134,2.256,78984,32316,46.6,C (พอใช้)
855,2025-06-07,2568,6,ฤดูฝน,BNH04,ลำห้วย (Tributary),นาแก้ว,6.75,30.9,437.0,3.81,5.64,26.4,1.329,3.17,2.338,15663,3668,47.1,C (พอใช้)
856,2025-01-31,2568,1,ฤดูแล้ง,NHK10,หนองหาร (Lake),งิ้วด่อน,7.32,26.5,320.0,7.92,1.59,5.9,0.306,0.859,0.628,2787,1054,87.5,A (ดีมาก)
857,2025-10-05,2568,10,ฤดูฝน,NHK02,หนองหาร (Lake),ธาตุนาเวง,6.88,27.6,239.0,6.61,3.87,12.9,0.855,1.842,1.481,10717,5855,71.0,B (ดี)
858,2024-09-23,2567,9,ฤดูฝน,NHK09,หนองหาร (Lake),เหล่าปอแดง,6.64,31.7,211.0,7.58,0.3,4.0,0.042,0.626,0.279,8056,4296,90.0,A (ดีมาก)
859,2024-12-24,2567,12,ฤดูแล้ง,NHK04,หนองหาร (Lake),เชียงเครือ,7.25,26.8,245.0,6.57,0.3,4.0,0.492,0.707,0.163,7496,2150,83.2,A (ดีมาก)
860,2024-04-26,2567,4,ฤดูแล้ง,BNH03,ลำห้วย (Tributary),ท่าแร่,7.44,28.4,397.0,2.83,8.99,41.1,1.914,3.239,2.348,117463,61803,39.1,D (เสื่อมโทรม)
861,2025-08-12,2568,8,ฤดูฝน,NHK07,หนองหาร (Lake),บ้านแป้น,6.81,30.2,181.0,6.77,0.54,4.0,0.01,0.617,0.465,6270,3137,85.6,A (ดีมาก)
862,2025-04-14,2568,4,ฤดูแล้ง,NHK03,หนองหาร (Lake),ฮางโฮง,6.9,27.6,266.0,7.67,1.94,7.7,0.139,0.718,0.438,12019,3052,88.7,A (ดีมาก)
863,2025-11-18,2568,11,ฤดูแล้ง,NHK08,หนองหาร (Lake),นาตงวัฒนา,7.32,25.9,177.0,5.99,2.55,11.4,0.363,1.04,0.236,6811,2880,79.9,B (ดี)
864,2024-10-15,2567,10,ฤดูฝน,NHK03,หนองหาร (Lake),ฮางโฮง,6.8,29.7,262.0,7.96,0.72,4.9,0.256,1.39,0.269,3666,855,87.9,A (ดีมาก)
865,2024-10-30,2567,10,ฤดูฝน,BNH04,ลำห้วย (Tributary),นาแก้ว,6.88,28.4,428.0,3.33,7.32,27.6,1.339,3.208,2.18,97246,43561,45.6,C (พอใช้)
866,2024-06-20,2567,6,ฤดูฝน,BNH05,ลำห้วย (Tributary),ม่วงลาย,7.35,29.9,298.0,5.17,4.02,16.6,0.413,1.936,1.176,10271,5751,68.3,B (ดี)
867,2024-06-10,2567,6,ฤดูฝน,NHK10,หนองหาร (Lake),งิ้วด่อน,6.93,30.8,250.0,6.64,0.3,4.0,0.01,1.258,0.909,5464,1390,80.7,A (ดีมาก)
868,2024-07-14,2567,7,ฤดูฝน,BNH01,ลำห้วย (Tributary),ธาตุนาเวง,7.1,27.6,464.0,3.41,5.21,39.7,1.326,4.197,2.412,22593,11327,41.5,C (พอใช้)
869,2024-03-01,2567,3,ฤดูแล้ง,BNH06,ลำห้วย (Tributary),เหล่าปอแดง,7.21,25.8,310.0,5.05,4.51,20.0,0.956,2.524,1.504,10017,3662,61.1,B (ดี)
870,2024-11-06,2567,11,ฤดูแล้ง,NHK08,หนองหาร (Lake),นาตงวัฒนา,7.44,27.7,222.0,6.68,2.44,16.1,0.53,1.087,0.361,1448,580,81.2,A (ดีมาก)
871,2024-02-06,2567,2,ฤดูแล้ง,BNH06,ลำห้วย (Tributary),เหล่าปอแดง,7.79,25.2,382.0,4.0,5.9,27.5,0.74,1.952,1.085,10884,2417,61.6,B (ดี)
872,2025-10-25,2568,10,ฤดูฝน,NHK06,หนองหาร (Lake),บ้านแป้น,7.47,28.6,244.0,8.28,0.3,6.8,0.156,0.609,0.286,7322,4295,92.5,A (ดีมาก)
873,2024-10-04,2567,10,ฤดูฝน,BNH06,ลำห้วย (Tributary),เหล่าปอแดง,6.91,28.6,277.0,6.01,2.55,14.0,0.485,2.324,1.463,26024,10661,68.9,B (ดี)
874,2025-02-01,2568,2,ฤดูแล้ง,BNH01,ลำห้วย (Tributary),ธาตุนาเวง,6.76,24.1,391.0,2.98,7.3,30.0,1.628,3.451,2.497,57737,12529,40.0,D (เสื่อมโทรม)
875,2025-11-03,2568,11,ฤดูแล้ง,BNH04,ลำห้วย (Tributary),นาแก้ว,6.95,27.0,366.0,3.02,6.92,31.4,1.753,3.569,2.345,62629,20402,39.8,D (เสื่อมโทรม)
876,2024-10-17,2567,10,ฤดูฝน,NHK01,หนองหาร (Lake),เมืองสกลนคร,7.44,27.8,250.0,6.71,1.2,6.4,0.064,0.619,0.387,2080,998,85.5,A (ดีมาก)
877,2024-07-08,2567,7,ฤดูฝน,NHK03,หนองหาร (Lake),ฮางโฮง,6.7,32.5,260.0,7.36,0.79,4.0,0.01,1.127,0.162,3812,880,88.1,A (ดีมาก)
878,2025-03-23,2568,3,ฤดูแล้ง,NHK08,หนองหาร (Lake),นาตงวัฒนา,7.51,26.7,247.0,7.44,1.41,5.1,0.157,0.951,1.209,3495,1903,83.0,A (ดีมาก)
879,2024-03-20,2567,3,ฤดูแล้ง,BNH06,ลำห้วย (Tributary),เหล่าปอแดง,7.52,25.6,375.0,5.54,2.85,12.2,0.623,2.175,2.377,12761,5310,61.9,B (ดี)
880,2024-02-26,2567,2,ฤดูแล้ง,NHK06,หนองหาร (Lake),บ้านแป้น,6.65,23.2,192.0,6.96,1.59,4.0,0.256,0.765,0.234,2454,1139,85.7,A (ดีมาก)
881,2024-09-05,2567,9,ฤดูฝน,BNH01,ลำห้วย (Tributary),ธาตุนาเวง,7.03,29.8,324.0,4.69,6.52,33.5,1.33,3.718,2.171,47759,14531,50.0,C (พอใช้)
882,2025-06-03,2568,6,ฤดูฝน,BNH06,ลำห้วย (Tributary),เหล่าปอแดง,7.38,30.8,344.0,6.3,3.3,9.0,0.428,2.23,1.232,15010,8156,72.0,B (ดี)
883,2025-01-28,2568,1,ฤดูแล้ง,NHK04,หนองหาร (Lake),เชียงเครือ,7.48,25.9,248.0,7.03,2.42,14.5,0.155,1.279,0.56,5100,1709,83.3,A (ดีมาก)
884,2025-09-05,2568,9,ฤดูฝน,NHK06,หนองหาร (Lake),บ้านแป้น,7.23,29.8,260.0,7.75,2.44,12.9,0.043,0.96,0.278,2395,988,89.6,A (ดีมาก)
885,2024-01-10,2567,1,ฤดูแล้ง,NHK10,หนองหาร (Lake),งิ้วด่อน,7.08,26.0,232.0,7.17,1.63,4.0,0.173,2.081,0.256,2841,1140,82.7,A (ดีมาก)
886,2024-05-31,2567,5,ฤดูแล้ง,BNH01,ลำห้วย (Tributary),ธาตุนาเวง,7.25,28.5,432.0,3.33,7.61,34.6,1.514,4.181,2.657,33793,8615,38.9,D (เสื่อมโทรม)
887,2025-01-12,2568,1,ฤดูแล้ง,NHK07,หนองหาร (Lake),บ้านแป้น,7.14,23.5,242.0,7.03,0.38,4.0,0.175,1.105,0.193,6132,3608,85.6,A (ดีมาก)
888,2024-11-12,2567,11,ฤดูแล้ง,BNH03,ลำห้วย (Tributary),ท่าแร่,7.46,26.9,363.0,2.55,7.66,40.9,1.519,4.212,2.178,71693,36004,37.7,D (เสื่อมโทรม)
889,2024-05-07,2567,5,ฤดูแล้ง,NHK03,หนองหาร (Lake),ฮางโฮง,7.72,29.8,253.0,6.67,2.46,17.5,0.149,1.063,0.259,6425,2483,83.9,A (ดีมาก)
890,2025-05-10,2568,5,ฤดูแล้ง,NHK02,หนองหาร (Lake),ธาตุนาเวง,7.51,31.2,278.0,4.47,5.21,32.0,1.207,2.038,1.379,10417,2853,59.3,C (พอใช้)
891,2025-06-11,2568,6,ฤดูฝน,NHK09,หนองหาร (Lake),เหล่าปอแดง,7.44,32.5,263.0,7.33,0.3,4.0,0.01,0.917,0.475,2783,1347,87.1,A (ดีมาก)
892,2025-02-06,2568,2,ฤดูแล้ง,NHK02,หนองหาร (Lake),ธาตุนาเวง,8.09,25.3,271.0,4.34,4.9,28.7,1.111,1.934,1.529,13571,3830,58.8,C (พอใช้)
893,2025-03-09,2568,3,ฤดูแล้ง,NHK05,หนองหาร (Lake),ท่าแร่,7.42,27.4,175.0,7.95,0.52,4.0,0.393,0.684,0.511,2835,671,88.3,A (ดีมาก)
894,2025-07-23,2568,7,ฤดูฝน,NHK10,หนองหาร (Lake),งิ้วด่อน,7.5,30.5,177.0,5.91,1.56,5.0,0.01,0.891,0.24,17126,5551,82.1,A (ดีมาก)
895,2024-10-16,2567,10,ฤดูฝน,BNH06,ลำห้วย (Tributary),เหล่าปอแดง,7.46,27.8,303.0,6.57,3.66,27.7,0.414,2.146,1.088,10254,3079,74.3,B (ดี)
896,2024-01-14,2567,1,ฤดูแล้ง,NHK09,หนองหาร (Lake),เหล่าปอแดง,7.13,24.0,239.0,6.38,1.09,4.0,0.157,0.623,0.384,4722,1052,83.5,A (ดีมาก)
897,2025-12-09,2568,12,ฤดูแล้ง,NHK06,หนองหาร (Lake),บ้านแป้น,7.56,24.0,262.0,8.14,0.6,4.0,0.269,1.51,0.181,2092,1230,88.7,A (ดีมาก)
898,2025-05-02,2568,5,ฤดูแล้ง,NHK08,หนองหาร (Lake),นาตงวัฒนา,7.17,33.1,163.0,6.6,2.6,10.9,0.265,0.822,0.27,5564,2783,83.7,A (ดีมาก)
899,2024-07-01,2567,7,ฤดูฝน,BNH07,ลำห้วย (Tributary),งิ้วด่อน,7.28,31.0,340.0,6.34,4.72,18.3,0.556,2.79,1.72,8432,2526,67.1,B (ดี)
900,2025-01-18,2568,1,ฤดูแล้ง,BNH08,ลำห้วย (Tributary),เมืองสกลนคร,6.99,24.7,325.0,2.14,7.68,38.8,1.929,4.648,2.206,18625,9361,32.0,D (เสื่อมโทรม)
901,2024-11-30,2567,11,ฤดูแล้ง,BNH05,ลำห้วย (Tributary),ม่วงลาย,7.24,27.6,311.0,5.25,3.41,17.7,0.917,2.093,1.337,7356,1793,64.4,B (ดี)
902,2025-10-07,2568,10,ฤดูฝน,BNH05,ลำห้วย (Tributary),ม่วงลาย,7.41,28.1,382.0,6.21,5.18,30.0,0.784,2.022,1.092,25271,8120,70.9,B (ดี)
903,2024-05-29,2567,5,ฤดูแล้ง,BNH05,ลำห้วย (Tributary),ม่วงลาย,7.66,28.8,283.0,6.06,2.88,4.8,0.601,2.322,1.05,8929,2456,70.5,B (ดี)
904,2025-12-23,2568,12,ฤดูแล้ง,NHK04,หนองหาร (Lake),เชียงเครือ,7.22,23.5,160.0,6.07,2.29,12.7,0.15,0.78,0.653,8278,3638,80.2,A (ดีมาก)
905,2025-07-15,2568,7,ฤดูฝน,NHK05,หนองหาร (Lake),ท่าแร่,7.04,29.0,226.0,7.91,2.52,14.8,0.058,1.76,0.46,15356,3199,86.7,A (ดีมาก)
906,2025-08-14,2568,8,ฤดูฝน,NHK02,หนองหาร (Lake),ธาตุนาเวง,7.07,30.1,272.0,6.24,1.82,4.0,1.012,1.885,1.873,12849,4985,66.3,B (ดี)
907,2025-01-10,2568,1,ฤดูแล้ง,NHK02,หนองหาร (Lake),ธาตุนาเวง,6.81,24.0,255.0,5.5,5.47,24.2,1.018,2.062,1.262,17561,10487,65.5,B (ดี)
908,2025-01-08,2568,1,ฤดูแล้ง,BNH08,ลำห้วย (Tributary),เมืองสกลนคร,7.45,24.8,296.0,1.63,6.04,22.6,1.842,3.595,2.188,24884,14358,33.8,D (เสื่อมโทรม)
909,2024-12-04,2567,12,ฤดูแล้ง,NHK07,หนองหาร (Lake),บ้านแป้น,7.32,26.2,190.0,6.36,2.32,4.0,0.185,0.904,0.165,1452,304,83.4,A (ดีมาก)
910,2024-12-31,2567,12,ฤดูแล้ง,BNH06,ลำห้วย (Tributary),เหล่าปอแดง,7.04,25.0,215.0,4.4,4.09,16.6,0.615,2.314,1.188,8582,4940,62.4,B (ดี)
911,2025-01-08,2568,1,ฤดูแล้ง,NHK07,หนองหาร (Lake),บ้านแป้น,7.54,25.2,252.0,5.59,1.72,10.0,0.173,1.198,0.301,2304,791,78.4,B (ดี)
912,2025-11-20,2568,11,ฤดูแล้ง,NHK04,หนองหาร (Lake),เชียงเครือ,7.56,25.3,144.0,6.01,1.99,6.2,0.17,0.879,0.393,3116,1289,80.9,A (ดีมาก)
913,2024-05-24,2567,5,ฤดูแล้ง,BNH02,ลำห้วย (Tributary),เชียงเครือ,6.88,29.7,279.0,5.82,4.59,24.4,0.652,2.183,1.186,5925,2607,68.9,B (ดี)
914,2024-06-02,2567,6,ฤดูฝน,NHK10,หนองหาร (Lake),งิ้วด่อน,7.2,30.0,254.0,7.92,1.16,4.0,0.206,0.766,0.464,18555,5664,89.2,A (ดีมาก)
915,2024-12-26,2567,12,ฤดูแล้ง,BNH01,ลำห้วย (Tributary),ธาตุนาเวง,7.52,25.2,387.0,3.53,6.18,44.2,1.615,3.115,2.187,6626,3529,45.1,C (พอใช้)
916,2025-12-02,2568,12,ฤดูแล้ง,BNH08,ลำห้วย (Tributary),เมืองสกลนคร,6.62,24.5,417.0,3.03,6.27,26.9,1.599,4.182,2.286,74380,28187,39.0,D (เสื่อมโทรม)
917,2025-04-15,2568,4,ฤดูแล้ง,NHK01,หนองหาร (Lake),เมืองสกลนคร,6.66,28.2,261.0,6.97,2.27,9.1,0.143,0.638,0.725,5133,2157,84.4,A (ดีมาก)
918,2025-08-11,2568,8,ฤดูฝน,NHK03,หนองหาร (Lake),ฮางโฮง,6.79,28.6,240.0,8.13,0.3,4.0,0.01,0.626,0.369,7508,3327,92.1,A (ดีมาก)
919,2024-05-17,2567,5,ฤดูแล้ง,NHK04,หนองหาร (Lake),เชียงเครือ,7.5,28.3,290.0,6.51,2.33,11.0,0.399,1.914,0.365,6892,2763,78.4,B (ดี)
920,2025-08-13,2568,8,ฤดูฝน,NHK10,หนองหาร (Lake),งิ้วด่อน,7.18,31.8,237.0,7.7,0.3,4.0,0.026,0.658,0.434,3308,1869,89.7,A (ดีมาก)
921,2024-12-13,2567,12,ฤดูแล้ง,NHK09,หนองหาร (Lake),เหล่าปอแดง,7.16,25.9,217.0,6.35,1.0,5.5,0.479,1.234,1.034,3865,889,76.2,B (ดี)
922,2025-09-23,2568,9,ฤดูฝน,BNH02,ลำห้วย (Tributary),เชียงเครือ,7.21,29.6,316.0,6.52,3.95,16.6,0.7,2.343,1.918,10895,6080,67.6,B (ดี)
923,2024-12-07,2567,12,ฤดูแล้ง,NHK09,หนองหาร (Lake),เหล่าปอแดง,7.28,23.9,199.0,7.12,2.08,5.0,0.412,0.713,0.278,2854,662,85.5,A (ดีมาก)
924,2025-03-21,2568,3,ฤดูแล้ง,NHK04,หนองหาร (Lake),เชียงเครือ,7.54,27.4,196.0,6.07,2.17,4.0,0.142,0.664,0.772,2287,748,80.1,A (ดีมาก)
925,2025-02-11,2568,2,ฤดูแล้ง,NHK05,หนองหาร (Lake),ท่าแร่,7.29,25.9,278.0,5.9,1.83,6.2,0.475,0.756,0.622,6136,2576,77.9,B (ดี)
926,2024-07-11,2567,7,ฤดูฝน,BNH01,ลำห้วย (Tributary),ธาตุนาเวง,7.11,30.8,395.0,3.8,6.39,30.1,1.304,4.209,2.34,39380,11006,43.7,C (พอใช้)
927,2025-04-05,2568,4,ฤดูแล้ง,BNH05,ลำห้วย (Tributary),ม่วงลาย,7.59,28.9,319.0,5.92,5.32,14.7,0.749,1.926,1.467,14523,8531,68.3,B (ดี)
928,2024-03-24,2567,3,ฤดูแล้ง,NHK03,หนองหาร (Lake),ฮางโฮง,7.49,27.6,270.0,6.55,0.96,4.0,0.707,1.113,0.263,3913,1747,80.0,A (ดีมาก)
929,2025-12-28,2568,12,ฤดูแล้ง,NHK07,หนองหาร (Lake),บ้านแป้น,7.76,25.3,230.0,6.84,0.85,4.0,0.456,0.613,0.346,6113,3487,84.0,A (ดีมาก)
930,2025-01-26,2568,1,ฤดูแล้ง,NHK07,หนองหาร (Lake),บ้านแป้น,6.77,24.5,191.0,5.98,1.21,8.1,0.128,1.421,0.213,3302,978,80.0,A (ดีมาก)
931,2025-02-17,2568,2,ฤดูแล้ง,BNH02,ลำห้วย (Tributary),เชียงเครือ,7.6,23.7,366.0,6.56,3.11,20.2,0.643,2.279,1.089,9993,3585,72.4,B (ดี)
932,2024-05-24,2567,5,ฤดูแล้ง,NHK06,หนองหาร (Lake),บ้านแป้น,7.52,31.1,248.0,6.25,0.61,4.0,0.153,1.147,0.795,4178,1768,79.1,B (ดี)
933,2025-11-21,2568,11,ฤดูแล้ง,BNH01,ลำห้วย (Tributary),ธาตุนาเวง,7.07,28.4,397.0,4.03,8.39,31.6,1.524,3.131,2.161,39051,12539,48.0,C (พอใช้)
934,2024-05-31,2567,5,ฤดูแล้ง,NHK01,หนองหาร (Lake),เมืองสกลนคร,7.36,27.1,224.0,8.3,1.82,4.0,0.475,1.233,0.161,1421,420,89.2,A (ดีมาก)
935,2024-03-17,2567,3,ฤดูแล้ง,NHK09,หนองหาร (Lake),เหล่าปอแดง,6.77,25.6,233.0,6.11,2.11,10.7,0.234,0.876,0.243,1193,350,81.7,A (ดีมาก)
936,2025-06-25,2568,6,ฤดูฝน,NHK06,หนองหาร (Lake),บ้านแป้น,7.1,30.4,191.0,6.1,1.16,4.0,0.01,1.727,0.199,3497,1686,80.3,A (ดีมาก)
937,2024-11-01,2567,11,ฤดูแล้ง,NHK05,หนองหาร (Lake),ท่าแร่,7.22,28.5,244.0,6.82,2.06,10.6,0.25,0.821,1.094,6781,2474,80.7,A (ดีมาก)
938,2024-05-10,2567,5,ฤดูแล้ง,NHK08,หนองหาร (Lake),นาตงวัฒนา,7.04,29.9,200.0,6.97,2.4,4.0,0.101,1.115,0.467,6193,3571,84.4,A (ดีมาก)
939,2025-10-22,2568,10,ฤดูฝน,BNH08,ลำห้วย (Tributary),เมืองสกลนคร,7.27,27.6,284.0,4.3,4.69,4.2,1.306,3.881,2.911,21872,11736,44.2,C (พอใช้)
940,2025-08-08,2568,8,ฤดูฝน,NHK03,หนองหาร (Lake),ฮางโฮง,7.52,30.7,300.0,8.22,0.88,6.5,0.01,0.885,0.36,4307,1600,91.7,A (ดีมาก)
941,2024-04-01,2567,4,ฤดูแล้ง,NHK02,หนองหาร (Lake),ธาตุนาเวง,7.16,28.5,292.0,4.88,4.52,18.7,1.111,1.81,1.45,11805,2800,62.1,B (ดี)
942,2024-11-01,2567,11,ฤดูแล้ง,BNH06,ลำห้วย (Tributary),เหล่าปอแดง,7.06,25.2,299.0,4.73,4.08,17.9,0.684,2.651,1.554,18476,10048,60.5,B (ดี)
943,2024-05-01,2567,5,ฤดูแล้ง,NHK09,หนองหาร (Lake),เหล่าปอแดง,6.91,29.5,223.0,6.13,1.93,5.6,0.316,0.644,0.177,3136,1279,82.4,A (ดีมาก)
944,2025-05-10,2568,5,ฤดูแล้ง,BNH05,ลำห้วย (Tributary),ม่วงลาย,6.84,32.2,276.0,4.76,2.25,4.0,0.635,1.973,1.453,15133,7740,63.7,B (ดี)
945,2025-05-31,2568,5,ฤดูแล้ง,BNH07,ลำห้วย (Tributary),งิ้วด่อน,6.91,29.0,371.0,4.82,4.99,15.0,0.665,2.173,1.292,14741,4803,63.9,B (ดี)
946,2025-08-08,2568,8,ฤดูฝน,NHK03,หนองหาร (Lake),ฮางโฮง,7.05,30.5,236.0,7.72,0.3,4.0,0.092,0.894,0.647,8307,3569,87.6,A (ดีมาก)
947,2025-05-17,2568,5,ฤดูแล้ง,NHK09,หนองหาร (Lake),เหล่าปอแดง,7.61,27.8,304.0,6.53,2.13,17.5,0.363,2.146,0.256,6818,3911,78.5,B (ดี)
948,2024-03-05,2567,3,ฤดูแล้ง,NHK08,หนองหาร (Lake),นาตงวัฒนา,7.0,26.1,245.0,6.75,2.95,12.2,0.123,0.618,0.398,3615,925,85.2,A (ดีมาก)
949,2024-10-25,2567,10,ฤดูฝน,NHK09,หนองหาร (Lake),เหล่าปอแดง,7.5,27.3,255.0,7.45,1.85,16.4,0.01,1.017,0.478,4594,1848,87.3,A (ดีมาก)
950,2025-04-11,2568,4,ฤดูแล้ง,BNH04,ลำห้วย (Tributary),นาแก้ว,7.17,26.7,327.0,2.71,8.15,36.0,1.794,3.369,3.462,26568,12266,33.2,D (เสื่อมโทรม)
951,2025-09-17,2568,9,ฤดูฝน,NHK01,หนองหาร (Lake),เมืองสกลนคร,7.18,30.7,296.0,8.01,0.88,9.7,0.142,1.066,0.311,2028,881,89.7,A (ดีมาก)
952,2024-12-20,2567,12,ฤดูแล้ง,NHK06,หนองหาร (Lake),บ้านแป้น,6.96,26.1,192.0,6.3,0.78,4.0,0.219,1.714,0.435,12979,4539,78.9,B (ดี)
953,2024-05-02,2567,5,ฤดูแล้ง,BNH04,ลำห้วย (Tributary),นาแก้ว,7.45,30.4,342.0,2.7,5.99,39.5,1.622,3.112,2.742,186403,96597,38.7,D (เสื่อมโทรม)
954,2024-06-22,2567,6,ฤดูฝน,BNH08,ลำห้วย (Tributary),เมืองสกลนคร,6.26,29.6,385.0,3.46,5.47,16.8,1.398,3.747,2.191,69368,34704,44.0,C (พอใช้)
955,2024-11-14,2567,11,ฤดูแล้ง,NHK02,หนองหาร (Lake),ธาตุนาเวง,7.59,26.0,246.0,4.72,5.06,16.6,1.179,1.893,1.864,3612,1185,58.6,C (พอใช้)
956,2024-10-08,2567,10,ฤดูฝน,BNH04,ลำห้วย (Tributary),นาแก้ว,7.5,28.2,348.0,3.99,5.84,36.6,1.838,3.182,2.202,60533,33073,45.6,C (พอใช้)
957,2024-09-12,2567,9,ฤดูฝน,NHK06,หนองหาร (Lake),บ้านแป้น,6.67,30.3,245.0,7.31,1.41,4.0,0.01,0.802,0.493,3350,1481,87.3,A (ดีมาก)
958,2024-08-31,2567,8,ฤดูฝน,BNH01,ลำห้วย (Tributary),ธาตุนาเวง,6.97,28.7,343.0,4.06,5.59,14.8,1.473,3.225,2.376,25723,8121,47.0,C (พอใช้)
959,2025-09-13,2568,9,ฤดูฝน,BNH04,ลำห้วย (Tributary),นาแก้ว,7.26,29.3,341.0,4.5,6.35,39.4,1.569,3.44,2.497,87514,18295,47.1,C (พอใช้)
960,2025-09-19,2568,9,ฤดูฝน,NHK02,หนองหาร (Lake),ธาตุนาเวง,7.26,28.2,207.0,5.13,3.19,18.2,1.058,2.233,2.307,7634,3778,57.8,C (พอใช้)
961,2025-09-23,2568,9,ฤดูฝน,NHK04,หนองหาร (Lake),เชียงเครือ,7.22,31.0,188.0,8.73,0.3,4.0,0.38,0.763,0.357,3656,1295,92.3,A (ดีมาก)
962,2025-02-01,2568,2,ฤดูแล้ง,BNH08,ลำห้วย (Tributary),เมืองสกลนคร,7.23,22.6,461.0,3.85,6.11,21.1,1.606,4.155,2.197,155482,89296,43.1,C (พอใช้)
963,2025-05-06,2568,5,ฤดูแล้ง,BNH03,ลำห้วย (Tributary),ท่าแร่,7.1,30.9,427.0,1.38,7.57,38.5,1.516,3.866,2.707,53989,11629,31.0,D (เสื่อมโทรม)
964,2024-10-02,2567,10,ฤดูฝน,NHK08,หนองหาร (Lake),นาตงวัฒนา,6.97,26.3,296.0,8.96,0.59,4.0,0.01,1.257,0.598,6400,2868,92.6,A (ดีมาก)
965,2025-08-01,2568,8,ฤดูฝน,BNH05,ลำห้วย (Tributary),ม่วงลาย,6.94,32.6,330.0,6.69,4.69,17.8,0.43,2.043,1.17,8859,3967,74.6,B (ดี)
966,2025-10-07,2568,10,ฤดูฝน,NHK07,หนองหาร (Lake),บ้านแป้น,7.77,28.1,216.0,7.79,0.94,10.3,0.01,1.77,0.49,2961,1718,86.2,A (ดีมาก)
967,2025-08-06,2568,8,ฤดูฝน,BNH03,ลำห้วย (Tributary),ท่าแร่,7.55,31.0,397.0,4.89,7.17,26.5,1.308,3.55,2.386,21604,5593,50.5,C (พอใช้)
968,2024-01-21,2567,1,ฤดูแล้ง,NHK10,หนองหาร (Lake),งิ้วด่อน,7.58,25.0,235.0,6.15,1.73,15.9,0.147,1.427,0.195,5776,2307,80.8,A (ดีมาก)
969,2024-12-09,2567,12,ฤดูแล้ง,BNH06,ลำห้วย (Tributary),เหล่าปอแดง,6.89,24.1,297.0,5.03,2.91,19.0,0.618,2.509,1.584,9431,3516,62.6,B (ดี)
970,2024-05-15,2567,5,ฤดูแล้ง,BNH07,ลำห้วย (Tributary),งิ้วด่อน,7.05,29.5,315.0,5.08,2.73,19.9,0.95,2.711,1.059,6269,2384,62.8,B (ดี)
971,2025-08-11,2568,8,ฤดูฝน,BNH04,ลำห้วย (Tributary),นาแก้ว,6.96,31.5,359.0,3.31,7.05,30.8,1.651,4.178,2.235,83719,30903,40.2,C (พอใช้)
972,2024-11-20,2567,11,ฤดูแล้ง,BNH08,ลำห้วย (Tributary),เมืองสกลนคร,7.18,26.7,381.0,2.38,7.85,36.2,1.61,3.201,2.354,97013,35599,39.0,D (เสื่อมโทรม)
973,2025-12-25,2568,12,ฤดูแล้ง,BNH08,ลำห้วย (Tributary),เมืองสกลนคร,7.34,26.0,352.0,3.19,4.86,25.4,1.712,3.113,2.278,38459,16480,42.6,C (พอใช้)
974,2024-02-10,2567,2,ฤดูแล้ง,NHK02,หนองหาร (Lake),ธาตุนาเวง,7.01,23.1,288.0,5.18,3.38,15.2,1.115,3.646,1.649,18099,6823,56.3,C (พอใช้)
975,2025-08-03,2568,8,ฤดูฝน,NHK07,หนองหาร (Lake),บ้านแป้น,7.18,29.3,226.0,8.55,1.35,4.0,0.061,0.601,0.229,2784,1056,94.5,A (ดีมาก)
976,2025-08-16,2568,8,ฤดูฝน,NHK06,หนองหาร (Lake),บ้านแป้น,7.57,30.8,191.0,8.88,1.82,9.9,0.01,0.773,0.215,1041,355,95.7,A (ดีมาก)
977,2024-10-31,2567,10,ฤดูฝน,NHK03,หนองหาร (Lake),ฮางโฮง,7.1,28.2,239.0,7.7,0.3,7.5,0.01,1.042,0.156,2832,606,89.9,A (ดีมาก)
978,2025-11-11,2568,11,ฤดูแล้ง,NHK03,หนองหาร (Lake),ฮางโฮง,7.0,25.8,216.0,6.78,2.71,9.6,0.166,0.932,0.197,6918,3452,85.1,A (ดีมาก)
979,2024-06-04,2567,6,ฤดูฝน,BNH03,ลำห้วย (Tributary),ท่าแร่,6.61,31.7,439.0,4.46,5.68,22.1,1.577,3.328,2.171,59930,31581,48.9,C (พอใช้)
980,2024-05-17,2567,5,ฤดูแล้ง,BNH02,ลำห้วย (Tributary),เชียงเครือ,7.31,28.4,260.0,5.07,4.29,10.8,0.666,2.351,1.358,28264,8187,64.1,B (ดี)
981,2025-03-27,2568,3,ฤดูแล้ง,NHK10,หนองหาร (Lake),งิ้วด่อน,7.5,26.8,211.0,6.53,0.58,4.0,0.651,0.604,0.251,8519,3292,82.0,A (ดีมาก)
982,2025-10-17,2568,10,ฤดูฝน,BNH05,ลำห้วย (Tributary),ม่วงลาย,7.5,26.5,358.0,5.66,2.02,4.0,0.468,2.044,1.071,15762,6967,70.3,B (ดี)
983,2025-02-04,2568,2,ฤดูแล้ง,NHK07,หนองหาร (Lake),บ้านแป้น,7.8,24.5,199.0,6.44,0.3,4.0,0.177,0.825,0.232,4085,1466,83.7,A (ดีมาก)
984,2024-10-20,2567,10,ฤดูฝน,NHK05,หนองหาร (Lake),ท่าแร่,6.82,28.6,275.0,6.58,0.67,4.0,0.359,1.255,0.294,5061,1044,81.6,A (ดีมาก)
985,2025-06-02,2568,6,ฤดูฝน,BNH03,ลำห้วย (Tributary),ท่าแร่,6.91,34.7,356.0,3.61,5.38,24.5,1.44,3.465,2.27,52284,29934,44.9,C (พอใช้)
986,2025-07-01,2568,7,ฤดูฝน,NHK07,หนองหาร (Lake),บ้านแป้น,7.26,29.7,234.0,6.87,0.3,4.0,0.01,0.991,0.157,4718,2058,86.4,A (ดีมาก)
987,2025-03-21,2568,3,ฤดูแล้ง,NHK02,หนองหาร (Lake),ธาตุนาเวง,7.24,25.0,283.0,4.11,4.83,24.2,1.21,1.957,1.488,28626,5920,57.4,C (พอใช้)
988,2025-11-14,2568,11,ฤดูแล้ง,BNH08,ลำห้วย (Tributary),เมืองสกลนคร,7.23,27.5,435.0,3.5,6.55,25.1,1.582,3.376,2.291,25223,14183,43.8,C (พอใช้)
989,2024-03-29,2567,3,ฤดูแล้ง,BNH08,ลำห้วย (Tributary),เมืองสกลนคร,7.24,24.7,411.0,3.89,7.85,24.1,1.55,3.234,2.202,118019,66219,46.7,C (พอใช้)
990,2024-06-27,2567,6,ฤดูฝน,BNH04,ลำห้วย (Tributary),นาแก้ว,6.93,30.7,398.0,4.49,5.48,21.2,1.314,4.402,2.533,104935,31828,45.1,C (พอใช้)
991,2025-11-12,2568,11,ฤดูแล้ง,BNH03,ลำห้วย (Tributary),ท่าแร่,6.58,25.0,395.0,3.85,6.73,29.7,1.663,3.188,2.181,49584,23483,46.1,C (พอใช้)
992,2024-07-23,2567,7,ฤดูฝน,BNH03,ลำห้วย (Tributary),ท่าแร่,6.83,30.1,416.0,3.53,5.44,18.6,1.975,3.259,2.178,8191,3268,42.6,C (พอใช้)
993,2024-09-01,2567,9,ฤดูฝน,NHK06,หนองหาร (Lake),บ้านแป้น,7.66,31.5,186.0,7.31,1.5,4.2,0.166,0.845,0.395,5051,1576,86.7,A (ดีมาก)
994,2025-02-15,2568,2,ฤดูแล้ง,NHK09,หนองหาร (Lake),เหล่าปอแดง,7.23,26.1,260.0,6.95,1.12,10.7,0.159,0.616,0.347,5011,2856,86.2,A (ดีมาก)
995,2025-08-05,2568,8,ฤดูฝน,NHK08,หนองหาร (Lake),นาตงวัฒนา,7.09,30.5,208.0,7.82,0.98,9.7,0.137,0.984,0.209,11741,4248,89.6,A (ดีมาก)
996,2024-08-15,2567,8,ฤดูฝน,NHK07,หนองหาร (Lake),บ้านแป้น,7.0,29.8,162.0,7.37,0.3,8.7,0.082,1.167,0.282,6924,3557,87.0,A (ดีมาก)
997,2024-05-19,2567,5,ฤดูแล้ง,BNH05,ลำห้วย (Tributary),ม่วงลาย,7.09,29.2,308.0,3.71,3.68,9.7,1.329,2.563,1.172,7317,1797,54.5,C (พอใช้)
998,2024-12-09,2567,12,ฤดูแล้ง,BNH03,ลำห้วย (Tributary),ท่าแร่,7.08,23.1,383.0,3.73,6.83,32.0,1.649,3.103,2.427,68845,25684,44.7,C (พอใช้)
999,2024-06-14,2567,6,ฤดูฝน,NHK09,หนองหาร (Lake),เหล่าปอแดง,7.23,30.5,249.0,8.73,1.26,7.2,0.01,0.645,0.165,1580,579,95.8,A (ดีมาก)
1000,2024-02-21,2567,2,ฤดูแล้ง,NHK08,หนองหาร (Lake),นาตงวัฒนา,6.92,24.8,239.0,6.5,2.27,12.1,0.253,0.722,0.533,9164,2539,82.4,A (ดีมาก)
1001,2024-10-19,2567,10,ฤดูฝน,NHK10,หนองหาร (Lake),งิ้วด่อน,6.29,27.0,257.0,7.92,1.7,8.8,0.129,0.708,0.671,1741,960,88.7,A (ดีมาก)
1002,2024-12-31,2567,12,ฤดูแล้ง,BNH05,ลำห้วย (Tributary),ม่วงลาย,6.85,26.4,319.0,5.47,4.54,16.7,0.92,2.192,1.076,8642,2677,66.4,B (ดี)
1003,2025-09-26,2568,9,ฤดูฝน,NHK07,หนองหาร (Lake),บ้านแป้น,6.98,28.0,169.0,7.37,2.53,4.4,0.445,0.64,0.587,5530,2578,85.1,A (ดีมาก)
1004,2024-02-22,2567,2,ฤดูแล้ง,NHK06,หนองหาร (Lake),บ้านแป้น,7.32,23.9,324.0,6.51,0.3,4.0,0.137,0.632,0.469,6389,3069,83.7,A (ดีมาก)
1005,2024-07-30,2567,7,ฤดูฝน,BNH07,ลำห้วย (Tributary),งิ้วด่อน,7.97,29.9,285.0,6.25,2.78,14.4,0.401,3.119,1.834,8188,4715,65.9,B (ดี)
1006,2025-06-03,2568,6,ฤดูฝน,NHK10,หนองหาร (Lake),งิ้วด่อน,7.02,30.7,225.0,8.36,0.3,9.4,0.154,1.933,0.235,3416,1095,88.7,A (ดีมาก)
1007,2024-03-10,2567,3,ฤดูแล้ง,BNH04,ลำห้วย (Tributary),นาแก้ว,7.22,25.0,401.0,4.03,7.84,37.9,1.626,3.279,2.571,24338,13097,44.8,C (พอใช้)
1008,2024-03-04,2567,3,ฤดูแล้ง,NHK04,หนองหาร (Lake),เชียงเครือ,7.66,24.5,211.0,6.96,0.3,11.3,0.288,1.183,0.494,3095,1188,82.9,A (ดีมาก)
1009,2024-04-27,2567,4,ฤดูแล้ง,NHK07,หนองหาร (Lake),บ้านแป้น,7.32,28.8,211.0,7.48,0.3,4.0,0.101,0.665,0.903,4015,1794,85.9,A (ดีมาก)
1010,2024-01-30,2567,1,ฤดูแล้ง,BNH03,ลำห้วย (Tributary),ท่าแร่,7.27,24.5,438.0,2.48,6.18,37.1,1.52,3.217,2.241,17254,6700,40.4,C (พอใช้)
1011,2025-05-30,2568,5,ฤดูแล้ง,NHK09,หนองหาร (Lake),เหล่าปอแดง,7.24,30.0,253.0,6.75,1.65,16.1,0.316,0.677,0.222,3291,1188,84.8,A (ดีมาก)
1012,2025-07-04,2568,7,ฤดูฝน,NHK07,หนองหาร (Lake),บ้านแป้น,7.5,32.6,248.0,8.56,2.0,8.3,0.051,0.63,0.172,673,151,94.8,A (ดีมาก)
1013,2024-10-13,2567,10,ฤดูฝน,NHK06,หนองหาร (Lake),บ้านแป้น,7.21,26.8,183.0,7.34,1.57,18.3,0.01,0.979,0.263,1749,579,88.0,A (ดีมาก)
1014,2025-05-28,2568,5,ฤดูแล้ง,NHK07,หนองหาร (Lake),บ้านแป้น,7.26,29.2,236.0,6.43,0.54,5.3,0.239,0.718,0.371,7099,3596,83.0,A (ดีมาก)
1015,2024-04-13,2567,4,ฤดูแล้ง,BNH05,ลำห้วย (Tributary),ม่วงลาย,6.99,27.3,324.0,4.69,2.7,17.5,0.709,3.423,1.414,23195,13693,58.3,C (พอใช้)
1016,2024-12-29,2567,12,ฤดูแล้ง,NHK01,หนองหาร (Lake),เมืองสกลนคร,8.01,25.4,254.0,6.7,1.33,9.4,0.281,0.946,0.822,4350,1069,80.9,A (ดีมาก)
1017,2025-04-10,2568,4,ฤดูแล้ง,NHK10,หนองหาร (Lake),งิ้วด่อน,7.39,27.1,208.0,6.58,2.54,8.0,0.148,0.747,0.311,5260,2618,84.3,A (ดีมาก)
1018,2025-01-04,2568,1,ฤดูแล้ง,NHK07,หนองหาร (Lake),บ้านแป้น,7.08,24.3,220.0,6.28,2.57,12.5,0.19,0.839,0.508,3538,837,81.5,A (ดีมาก)
1019,2024-12-03,2567,12,ฤดูแล้ง,NHK03,หนองหาร (Lake),ฮางโฮง,7.13,24.9,239.0,6.43,1.33,4.0,0.519,0.789,0.449,8394,2204,80.7,A (ดีมาก)
1020,2024-02-20,2567,2,ฤดูแล้ง,BNH05,ลำห้วย (Tributary),ม่วงลาย,7.29,24.3,271.0,5.54,2.51,15.8,0.627,1.923,1.385,12150,6668,67.7,B (ดี)
1021,2024-02-20,2567,2,ฤดูแล้ง,NHK10,หนองหาร (Lake),งิ้วด่อน,7.38,25.5,245.0,6.4,0.5,4.0,0.206,0.636,0.954,2008,1005,80.4,A (ดีมาก)
1022,2025-12-02,2568,12,ฤดูแล้ง,NHK04,หนองหาร (Lake),เชียงเครือ,7.22,22.8,226.0,7.02,3.31,4.1,0.121,0.686,0.279,2819,1148,86.8,A (ดีมาก)
1023,2024-02-09,2567,2,ฤดูแล้ง,NHK05,หนองหาร (Lake),ท่าแร่,6.97,26.9,253.0,6.44,2.56,4.2,0.286,1.041,0.501,5022,1725,81.0,A (ดีมาก)
1024,2025-07-25,2568,7,ฤดูฝน,NHK02,หนองหาร (Lake),ธาตุนาเวง,7.15,28.6,180.0,5.91,3.52,4.0,1.012,1.816,1.596,11633,3047,66.4,B (ดี)
1025,2024-03-29,2567,3,ฤดูแล้ง,NHK04,หนองหาร (Lake),เชียงเครือ,6.94,25.0,275.0,7.42,1.94,8.2,0.211,0.63,0.473,5060,1657,87.3,A (ดีมาก)
1026,2025-08-29,2568,8,ฤดูฝน,BNH07,ลำห้วย (Tributary),งิ้วด่อน,7.32,30.2,263.0,6.54,2.33,9.8,0.587,1.94,1.291,3293,1312,72.8,B (ดี)
1027,2024-04-27,2567,4,ฤดูแล้ง,NHK06,หนองหาร (Lake),บ้านแป้น,7.06,28.2,151.0,6.65,2.42,18.5,0.118,0.974,0.165,3459,1573,84.8,A (ดีมาก)
1028,2024-12-07,2567,12,ฤดูแล้ง,NHK08,หนองหาร (Lake),นาตงวัฒนา,6.85,25.7,261.0,5.95,1.46,8.2,0.306,0.964,0.589,5767,2373,78.6,B (ดี)
1029,2025-10-22,2568,10,ฤดูฝน,NHK05,หนองหาร (Lake),ท่าแร่,7.01,29.7,225.0,7.02,1.42,8.3,0.092,0.82,0.734,1955,711,84.3,A (ดีมาก)
1030,2025-02-01,2568,2,ฤดูแล้ง,NHK05,หนองหาร (Lake),ท่าแร่,7.64,24.9,206.0,7.66,1.92,10.2,0.305,1.082,0.372,2441,1360,86.8,A (ดีมาก)
1031,2025-06-05,2568,6,ฤดูฝน,BNH08,ลำห้วย (Tributary),เมืองสกลนคร,7.24,30.9,428.0,3.45,6.06,27.5,1.331,3.434,2.178,108012,42923,45.4,C (พอใช้)
1032,2025-07-26,2568,7,ฤดูฝน,BNH06,ลำห้วย (Tributary),เหล่าปอแดง,7.2,32.0,233.0,6.81,3.6,15.4,0.498,2.61,1.096,16196,5222,73.2,B (ดี)
1033,2025-05-27,2568,5,ฤดูแล้ง,NHK09,หนองหาร (Lake),เหล่าปอแดง,7.16,27.9,227.0,7.0,0.3,10.6,0.143,0.709,0.444,3049,919,85.7,A (ดีมาก)
1034,2024-06-09,2567,6,ฤดูฝน,BNH04,ลำห้วย (Tributary),นาแก้ว,7.32,30.7,402.0,4.28,6.48,31.2,1.301,3.871,2.445,36462,12096,46.4,C (พอใช้)
1035,2025-06-05,2568,6,ฤดูฝน,BNH08,ลำห้วย (Tributary),เมืองสกลนคร,6.92,31.5,404.0,3.79,6.31,27.0,1.535,3.213,2.269,61771,23473,46.0,C (พอใช้)
1036,2024-01-12,2567,1,ฤดูแล้ง,NHK10,หนองหาร (Lake),งิ้วด่อน,7.31,26.9,264.0,7.5,0.3,4.4,0.186,1.764,0.245,2453,1003,85.2,A (ดีมาก)
1037,2025-02-07,2568,2,ฤดูแล้ง,BNH06,ลำห้วย (Tributary),เหล่าปอแดง,6.61,24.5,332.0,5.76,4.77,24.2,0.823,1.952,1.28,15643,7232,68.0,B (ดี)
1038,2024-11-21,2567,11,ฤดูแล้ง,BNH04,ลำห้วย (Tributary),นาแก้ว,6.77,25.8,424.0,3.12,6.01,33.1,1.651,3.635,2.383,30355,14749,40.4,C (พอใช้)
1039,2025-03-04,2568,3,ฤดูแล้ง,NHK08,หนองหาร (Lake),นาตงวัฒนา,7.13,27.6,220.0,6.68,1.04,4.0,0.123,0.607,1.028,2798,1233,81.8,A (ดีมาก)
1040,2025-01-25,2568,1,ฤดูแล้ง,NHK07,หนองหาร (Lake),บ้านแป้น,7.09,25.0,272.0,6.98,1.76,4.0,0.112,0.627,0.387,7930,4035,86.4,A (ดีมาก)
1041,2025-01-28,2568,1,ฤดูแล้ง,NHK02,หนองหาร (Lake),ธาตุนาเวง,6.32,24.5,307.0,5.04,4.94,12.4,1.378,2.172,1.273,27713,15547,60.9,B (ดี)
1042,2024-02-17,2567,2,ฤดูแล้ง,NHK08,หนองหาร (Lake),นาตงวัฒนา,7.07,26.0,283.0,7.74,1.67,7.3,0.168,0.982,0.199,3810,2038,89.2,A (ดีมาก)
1043,2025-10-06,2568,10,ฤดูฝน,NHK07,หนองหาร (Lake),บ้านแป้น,7.59,27.0,239.0,8.18,0.3,4.0,0.017,0.933,0.304,7403,3694,91.6,A (ดีมาก)
1044,2024-05-28,2567,5,ฤดูแล้ง,NHK06,หนองหาร (Lake),บ้านแป้น,7.16,31.6,254.0,6.08,1.14,18.4,0.355,0.763,0.277,2135,662,81.1,A (ดีมาก)
1045,2025-07-06,2568,7,ฤดูฝน,NHK04,หนองหาร (Lake),เชียงเครือ,7.34,32.4,337.0,7.85,0.6,4.0,0.01,1.459,0.545,8997,5210,87.2,A (ดีมาก)
1046,2024-09-28,2567,9,ฤดูฝน,BNH06,ลำห้วย (Tributary),เหล่าปอแดง,7.59,29.7,290.0,5.77,3.48,13.4,0.428,1.94,1.541,6613,2900,69.0,B (ดี)
1047,2025-11-14,2568,11,ฤดูแล้ง,NHK09,หนองหาร (Lake),เหล่าปอแดง,7.22,27.0,185.0,8.39,0.61,10.7,0.103,0.801,0.213,2184,803,93.0,A (ดีมาก)
1048,2025-06-12,2568,6,ฤดูฝน,NHK05,หนองหาร (Lake),ท่าแร่,7.15,29.8,263.0,7.57,0.3,5.5,0.01,0.735,0.318,3358,1078,89.6,A (ดีมาก)
1049,2025-08-16,2568,8,ฤดูฝน,NHK07,หนองหาร (Lake),บ้านแป้น,6.9,29.8,175.0,8.16,1.13,4.0,0.01,0.719,0.448,3822,2262,91.6,A (ดีมาก)
1050,2024-04-25,2567,4,ฤดูแล้ง,NHK08,หนองหาร (Lake),นาตงวัฒนา,7.24,27.0,245.0,7.23,2.29,18.8,0.132,2.048,0.25,4691,1163,83.3,A (ดีมาก)
1051,2024-11-30,2567,11,ฤดูแล้ง,NHK05,หนองหาร (Lake),ท่าแร่,7.25,27.0,244.0,7.11,3.8,21.4,0.132,1.016,0.247,6456,2454,86.2,A (ดีมาก)
1052,2024-01-17,2567,1,ฤดูแล้ง,NHK07,หนองหาร (Lake),บ้านแป้น,7.69,25.0,256.0,7.38,2.04,15.6,0.207,0.81,0.612,1415,366,85.8,A (ดีมาก)
1053,2024-02-10,2567,2,ฤดูแล้ง,NHK09,หนองหาร (Lake),เหล่าปอแดง,7.91,25.0,250.0,6.64,2.74,14.7,0.223,1.304,0.529,2288,907,81.2,A (ดีมาก)
1054,2025-11-13,2568,11,ฤดูแล้ง,BNH01,ลำห้วย (Tributary),ธาตุนาเวง,7.37,26.4,322.0,3.19,7.26,29.0,1.649,3.282,2.433,78718,46876,41.7,C (พอใช้)
1055,2024-10-22,2567,10,ฤดูฝน,BNH07,ลำห้วย (Tributary),งิ้วด่อน,7.2,26.5,326.0,7.02,3.34,8.7,0.551,2.435,1.343,6982,3537,73.2,B (ดี)
1056,2024-10-03,2567,10,ฤดูฝน,NHK09,หนองหาร (Lake),เหล่าปอแดง,7.73,29.0,219.0,8.17,0.3,12.0,0.01,1.0,0.375,1823,1026,91.0,A (ดีมาก)
1057,2025-06-08,2568,6,ฤดูฝน,NHK01,หนองหาร (Lake),เมืองสกลนคร,7.48,31.4,220.0,8.21,0.3,9.4,0.062,1.101,0.334,4595,1278,90.8,A (ดีมาก)
1058,2024-11-13,2567,11,ฤดูแล้ง,NHK09,หนองหาร (Lake),เหล่าปอแดง,7.41,26.5,231.0,6.53,2.87,8.3,0.118,1.228,0.184,8753,1928,83.3,A (ดีมาก)
1059,2024-09-11,2567,9,ฤดูฝน,BNH02,ลำห้วย (Tributary),เชียงเครือ,7.36,29.4,274.0,5.61,2.13,4.4,0.612,2.003,1.185,16162,8633,68.8,B (ดี)
1060,2025-07-16,2568,7,ฤดูฝน,BNH02,ลำห้วย (Tributary),เชียงเครือ,7.02,31.7,363.0,5.88,2.88,19.8,0.543,2.143,1.174,11026,4962,70.0,B (ดี)
1061,2025-03-22,2568,3,ฤดูแล้ง,BNH05,ลำห้วย (Tributary),ม่วงลาย,7.3,27.9,334.0,5.27,4.49,30.5,0.73,2.52,1.431,39931,15090,63.7,B (ดี)
1062,2024-09-13,2567,9,ฤดูฝน,NHK01,หนองหาร (Lake),เมืองสกลนคร,7.21,28.6,277.0,8.32,0.3,4.0,0.066,0.675,0.55,4898,2655,91.6,A (ดีมาก)
1063,2025-01-25,2568,1,ฤดูแล้ง,NHK05,หนองหาร (Lake),ท่าแร่,6.94,26.9,263.0,6.18,3.12,11.7,0.279,0.813,0.242,3904,2249,82.0,A (ดีมาก)
1064,2024-01-06,2567,1,ฤดูแล้ง,BNH01,ลำห้วย (Tributary),ธาตุนาเวง,6.71,25.7,360.0,4.51,6.91,34.3,2.526,3.905,2.687,10946,5611,39.2,D (เสื่อมโทรม)
1065,2025-06-12,2568,6,ฤดูฝน,NHK10,หนองหาร (Lake),งิ้วด่อน,7.71,31.3,261.0,6.11,0.59,9.4,0.046,0.868,0.293,9802,2461,82.5,A (ดีมาก)
1066,2024-06-04,2567,6,ฤดูฝน,NHK02,หนองหาร (Lake),ธาตุนาเวง,6.99,31.1,342.0,5.34,4.33,19.2,1.032,2.247,1.86,8810,3933,61.0,B (ดี)
1067,2025-07-16,2568,7,ฤดูฝน,NHK04,หนองหาร (Lake),เชียงเครือ,7.63,31.4,286.0,7.88,0.62,4.0,0.046,1.695,0.46,10462,5238,86.8,A (ดีมาก)
1068,2024-11-09,2567,11,ฤดูแล้ง,NHK03,หนองหาร (Lake),ฮางโฮง,7.58,26.6,236.0,8.47,0.53,6.8,0.102,0.768,0.201,1206,621,93.5,A (ดีมาก)
1069,2025-11-09,2568,11,ฤดูแล้ง,NHK04,หนองหาร (Lake),เชียงเครือ,7.51,28.0,222.0,5.52,1.34,7.3,0.33,4.166,0.288,1899,967,67.3,B (ดี)
1070,2025-06-22,2568,6,ฤดูฝน,BNH03,ลำห้วย (Tributary),ท่าแร่,6.78,31.9,335.0,2.59,6.28,21.0,1.839,3.182,2.151,92314,55368,39.6,D (เสื่อมโทรม)
1071,2024-12-31,2567,12,ฤดูแล้ง,BNH08,ลำห้วย (Tributary),เมืองสกลนคร,7.24,25.9,378.0,3.24,6.0,19.8,1.744,3.216,2.855,17848,4286,39.4,D (เสื่อมโทรม)
1072,2025-11-29,2568,11,ฤดูแล้ง,BNH04,ลำห้วย (Tributary),นาแก้ว,6.77,26.8,396.0,2.95,6.94,38.7,1.721,3.855,2.246,27453,13204,39.2,D (เสื่อมโทรม)
1073,2025-07-12,2568,7,ฤดูฝน,NHK06,หนองหาร (Lake),บ้านแป้น,6.74,32.8,235.0,8.11,0.42,4.0,0.031,1.56,0.399,1946,636,88.7,A (ดีมาก)
1074,2024-12-31,2567,12,ฤดูแล้ง,BNH08,ลำห้วย (Tributary),เมืองสกลนคร,6.42,26.0,436.0,1.25,6.68,18.6,1.654,3.232,2.865,32575,16643,31.0,D (เสื่อมโทรม)
1075,2024-09-27,2567,9,ฤดูฝน,NHK08,หนองหาร (Lake),นาตงวัฒนา,7.42,30.2,244.0,6.74,1.5,8.0,0.112,0.942,0.253,6248,2974,84.9,A (ดีมาก)
1076,2025-08-24,2568,8,ฤดูฝน,NHK09,หนองหาร (Lake),เหล่าปอแดง,7.29,32.1,208.0,7.01,1.89,4.0,0.01,0.739,0.327,1045,390,87.0,A (ดีมาก)
1077,2025-10-19,2568,10,ฤดูฝน,NHK05,หนองหาร (Lake),ท่าแร่,7.07,27.5,178.0,8.8,1.56,12.2,0.01,0.604,0.216,7351,1665,96.0,A (ดีมาก)
1078,2024-11-01,2567,11,ฤดูแล้ง,BNH05,ลำห้วย (Tributary),ม่วงลาย,7.59,25.9,307.0,4.73,3.89,22.4,0.605,1.944,1.169,7549,2370,65.2,B (ดี)
1079,2024-09-12,2567,9,ฤดูฝน,NHK04,หนองหาร (Lake),เชียงเครือ,7.72,30.3,343.0,8.31,0.3,7.3,0.139,0.818,0.395,6542,2800,91.4,A (ดีมาก)
1080,2025-08-01,2568,8,ฤดูฝน,BNH04,ลำห้วย (Tributary),นาแก้ว,7.22,30.3,370.0,3.91,7.22,27.7,1.592,3.114,2.267,45281,16636,46.6,C (พอใช้)
1081,2025-09-10,2568,9,ฤดูฝน,NHK10,หนองหาร (Lake),งิ้วด่อน,7.36,28.1,223.0,6.92,1.34,12.7,0.01,0.987,0.415,2862,1328,85.3,A (ดีมาก)
1082,2024-08-31,2567,8,ฤดูฝน,NHK01,หนองหาร (Lake),เมืองสกลนคร,7.34,32.2,220.0,7.19,0.3,4.0,0.01,0.85,0.208,1365,277,88.0,A (ดีมาก)
1083,2025-07-27,2568,7,ฤดูฝน,NHK08,หนองหาร (Lake),นาตงวัฒนา,8.25,30.9,161.0,8.03,0.3,4.0,0.01,0.823,0.498,1339,514,90.4,A (ดีมาก)
1084,2025-12-29,2568,12,ฤดูแล้ง,NHK07,หนองหาร (Lake),บ้านแป้น,6.97,25.0,132.0,7.59,2.67,8.3,0.136,1.358,0.617,2741,1203,85.3,A (ดีมาก)
1085,2025-07-03,2568,7,ฤดูฝน,NHK05,หนองหาร (Lake),ท่าแร่,7.79,29.1,213.0,8.11,2.48,9.8,0.01,0.628,0.179,1779,625,93.0,A (ดีมาก)
1086,2025-12-17,2568,12,ฤดูแล้ง,BNH04,ลำห้วย (Tributary),นาแก้ว,7.04,23.3,418.0,2.8,6.81,29.3,1.559,3.232,2.173,55962,24467,41.9,C (พอใช้)
1087,2024-01-13,2567,1,ฤดูแล้ง,BNH06,ลำห้วย (Tributary),เหล่าปอแดง,6.99,24.5,270.0,6.49,4.97,26.5,0.602,1.918,1.254,7284,2881,72.7,B (ดี)
1088,2024-12-28,2567,12,ฤดูแล้ง,NHK03,หนองหาร (Lake),ฮางโฮง,6.93,24.1,145.0,6.74,0.44,4.0,0.136,1.289,0.316,6879,2091,83.3,A (ดีมาก)
1089,2024-03-19,2567,3,ฤดูแล้ง,BNH04,ลำห้วย (Tributary),นาแก้ว,6.75,26.8,371.0,3.62,7.01,30.8,1.571,3.25,2.203,52463,22591,45.3,C (พอใช้)
1090,2025-08-15,2568,8,ฤดูฝน,NHK09,หนองหาร (Lake),เหล่าปอแดง,6.77,31.5,271.0,7.25,0.3,4.6,0.01,0.789,0.34,2681,1220,87.8,A (ดีมาก)
1091,2024-09-22,2567,9,ฤดูฝน,BNH04,ลำห้วย (Tributary),นาแก้ว,7.23,29.4,332.0,3.16,5.89,35.0,1.314,3.887,2.443,41853,16270,41.3,C (พอใช้)
1092,2024-10-03,2567,10,ฤดูฝน,NHK07,หนองหาร (Lake),บ้านแป้น,6.94,28.5,271.0,7.09,0.54,4.0,0.174,0.703,0.362,2348,1377,86.4,A (ดีมาก)
1093,2024-08-20,2567,8,ฤดูฝน,NHK08,หนองหาร (Lake),นาตงวัฒนา,7.23,32.7,257.0,7.96,0.99,4.0,0.01,0.784,0.461,5088,1476,90.4,A (ดีมาก)
1094,2025-10-06,2568,10,ฤดูฝน,BNH01,ลำห้วย (Tributary),ธาตุนาเวง,7.0,29.6,361.0,2.86,6.15,19.4,1.957,3.207,2.293,120500,68632,39.4,D (เสื่อมโทรม)
1095,2024-11-30,2567,11,ฤดูแล้ง,NHK02,หนองหาร (Lake),ธาตุนาเวง,6.95,24.9,385.0,5.65,5.06,31.2,1.226,2.005,1.553,44924,10658,63.7,B (ดี)
1096,2025-02-04,2568,2,ฤดูแล้ง,NHK05,หนองหาร (Lake),ท่าแร่,7.03,24.6,239.0,7.48,1.96,9.2,0.264,0.675,0.507,2530,763,87.0,A (ดีมาก)
1097,2025-04-02,2568,4,ฤดูแล้ง,BNH02,ลำห้วย (Tributary),เชียงเครือ,7.55,27.6,304.0,4.36,4.95,30.4,0.768,2.076,1.161,28780,7376,62.3,B (ดี)
1098,2025-10-22,2568,10,ฤดูฝน,BNH03,ลำห้วย (Tributary),ท่าแร่,7.34,24.4,391.0,2.71,5.84,33.3,1.569,3.653,2.467,88821,28401,38.6,D (เสื่อมโทรม)
1099,2025-11-23,2568,11,ฤดูแล้ง,NHK02,หนองหาร (Lake),ธาตุนาเวง,6.82,27.3,325.0,3.96,4.89,19.6,1.068,2.135,1.896,28869,10597,54.9,C (พอใช้)
1100,2025-07-13,2568,7,ฤดูฝน,BNH04,ลำห้วย (Tributary),นาแก้ว,6.63,32.0,336.0,4.67,5.63,26.7,1.367,3.353,2.734,24160,10246,48.1,C (พอใช้)
1101,2024-05-01,2567,5,ฤดูแล้ง,NHK02,หนองหาร (Lake),ธาตุนาเวง,6.87,29.9,307.0,2.98,3.96,13.7,1.015,1.992,1.473,29692,15051,53.4,C (พอใช้)
1102,2025-02-25,2568,2,ฤดูแล้ง,NHK05,หนองหาร (Lake),ท่าแร่,6.6,26.1,243.0,5.63,1.93,16.3,0.131,1.069,0.325,7616,2080,79.1,B (ดี)
1103,2025-10-15,2568,10,ฤดูฝน,BNH08,ลำห้วย (Tributary),เมืองสกลนคร,7.41,29.3,303.0,3.88,6.48,21.9,1.906,3.328,2.605,51869,22667,42.2,C (พอใช้)
1104,2025-02-15,2568,2,ฤดูแล้ง,NHK07,หนองหาร (Lake),บ้านแป้น,7.1,23.7,266.0,6.52,1.83,8.2,0.127,0.847,0.821,5642,1332,81.3,A (ดีมาก)
1105,2025-04-13,2568,4,ฤดูแล้ง,BNH05,ลำห้วย (Tributary),ม่วงลาย,7.4,26.8,358.0,3.9,2.59,22.8,0.699,1.961,1.423,2703,1544,59.7,C (พอใช้)
1106,2025-02-11,2568,2,ฤดูแล้ง,NHK04,หนองหาร (Lake),เชียงเครือ,7.24,26.5,212.0,7.33,0.83,8.9,0.121,0.76,1.178,1870,887,83.4,A (ดีมาก)
1107,2025-04-26,2568,4,ฤดูแล้ง,NHK05,หนองหาร (Lake),ท่าแร่,7.15,27.7,263.0,6.66,0.56,14.2,0.37,0.708,0.267,8932,4975,83.8,A (ดีมาก)
1108,2025-09-20,2568,9,ฤดูฝน,BNH03,ลำห้วย (Tributary),ท่าแร่,7.11,30.2,364.0,2.23,6.37,27.9,1.38,3.314,2.415,45857,25425,38.9,D (เสื่อมโทรม)
1109,2025-04-30,2568,4,ฤดูแล้ง,NHK07,หนองหาร (Lake),บ้านแป้น,7.16,30.3,290.0,5.75,1.73,4.0,0.211,0.757,0.43,6345,3710,79.7,B (ดี)
1110,2025-07-12,2568,7,ฤดูฝน,NHK07,หนองหาร (Lake),บ้านแป้น,6.89,30.1,302.0,7.84,0.75,4.2,0.01,1.472,0.166,6754,3998,89.0,A (ดีมาก)
1111,2025-06-16,2568,6,ฤดูฝน,NHK02,หนองหาร (Lake),ธาตุนาเวง,6.99,30.6,255.0,5.2,4.7,4.0,1.139,2.186,1.869,21419,10793,60.0,C (พอใช้)
1112,2025-10-18,2568,10,ฤดูฝน,NHK10,หนองหาร (Lake),งิ้วด่อน,6.85,27.8,252.0,7.34,0.3,4.0,0.01,1.853,0.158,2463,1318,85.6,A (ดีมาก)
1113,2024-06-23,2567,6,ฤดูฝน,BNH03,ลำห้วย (Tributary),ท่าแร่,7.11,30.7,482.0,5.11,7.76,29.4,1.384,3.315,2.458,71435,25505,51.4,C (พอใช้)
1114,2025-09-08,2568,9,ฤดูฝน,NHK05,หนองหาร (Lake),ท่าแร่,7.09,29.6,288.0,7.0,0.3,4.0,0.125,0.863,0.179,1421,789,86.6,A (ดีมาก)
1115,2024-12-31,2567,12,ฤดูแล้ง,NHK03,หนองหาร (Lake),ฮางโฮง,6.84,23.8,220.0,7.38,1.55,4.0,0.271,1.812,0.522,2456,630,82.6,A (ดีมาก)
1116,2024-03-19,2567,3,ฤดูแล้ง,NHK03,หนองหาร (Lake),ฮางโฮง,7.01,26.6,171.0,7.37,1.43,4.0,0.628,1.023,0.316,1062,624,84.2,A (ดีมาก)
1117,2025-04-14,2568,4,ฤดูแล้ง,BNH01,ลำห้วย (Tributary),ธาตุนาเวง,7.01,28.1,358.0,2.28,5.95,25.3,1.637,4.001,2.497,36223,15616,35.0,D (เสื่อมโทรม)
1118,2024-11-25,2567,11,ฤดูแล้ง,BNH04,ลำห้วย (Tributary),นาแก้ว,6.61,26.4,414.0,3.09,6.7,45.9,1.561,3.51,2.27,26737,13939,41.8,C (พอใช้)
1119,2024-08-28,2567,8,ฤดูฝน,BNH07,ลำห้วย (Tributary),งิ้วด่อน,7.18,31.5,286.0,6.17,4.0,13.6,0.68,1.92,1.149,9612,3328,71.4,B (ดี)
1120,2025-01-12,2568,1,ฤดูแล้ง,NHK10,หนองหาร (Lake),งิ้วด่อน,7.1,24.5,272.0,6.66,2.13,12.8,0.676,1.252,0.669,4419,2299,78.2,B (ดี)
1121,2024-08-03,2567,8,ฤดูฝน,NHK05,หนองหาร (Lake),ท่าแร่,7.47,29.1,288.0,7.81,3.01,12.5,0.022,0.769,0.242,9458,4456,90.8,A (ดีมาก)
1122,2024-12-07,2567,12,ฤดูแล้ง,NHK02,หนองหาร (Lake),ธาตุนาเวง,6.85,24.7,282.0,3.94,4.1,20.1,1.064,1.919,1.272,5039,2390,58.7,C (พอใช้)
1123,2024-02-28,2567,2,ฤดูแล้ง,NHK05,หนองหาร (Lake),ท่าแร่,7.13,25.9,198.0,6.68,2.69,11.9,0.114,0.706,0.565,4981,1766,83.8,A (ดีมาก)
1124,2024-02-02,2567,2,ฤดูแล้ง,NHK09,หนองหาร (Lake),เหล่าปอแดง,7.08,27.9,199.0,7.29,2.14,4.0,0.197,0.685,0.517,1252,477,86.4,A (ดีมาก)
1125,2025-12-26,2568,12,ฤดูแล้ง,NHK10,หนองหาร (Lake),งิ้วด่อน,7.34,23.9,244.0,6.59,1.91,4.0,0.3,0.601,0.183,1973,663,84.7,A (ดีมาก)
1126,2025-10-27,2568,10,ฤดูฝน,NHK09,หนองหาร (Lake),เหล่าปอแดง,7.52,27.2,274.0,6.98,1.22,4.0,0.206,1.148,0.206,7865,3531,85.0,A (ดีมาก)
1127,2025-07-15,2568,7,ฤดูฝน,NHK06,หนองหาร (Lake),บ้านแป้น,7.93,29.3,260.0,5.73,2.18,4.0,0.09,1.249,0.284,3601,1986,79.4,B (ดี)
1128,2025-08-18,2568,8,ฤดูฝน,NHK07,หนองหาร (Lake),บ้านแป้น,6.81,29.6,221.0,6.49,0.7,4.0,0.01,2.82,0.429,7393,4392,77.3,B (ดี)
1129,2025-06-29,2568,6,ฤดูฝน,BNH05,ลำห้วย (Tributary),ม่วงลาย,7.78,32.0,313.0,5.92,2.71,5.7,0.414,2.132,1.099,19910,11872,71.3,B (ดี)
1130,2024-04-08,2567,4,ฤดูแล้ง,BNH07,ลำห้วย (Tributary),งิ้วด่อน,6.71,25.6,247.0,5.58,4.9,11.0,0.747,3.057,1.23,53673,31077,64.2,B (ดี)
1131,2024-11-01,2567,11,ฤดูแล้ง,NHK08,หนองหาร (Lake),นาตงวัฒนา,6.82,28.3,193.0,6.6,0.58,6.2,0.36,1.17,0.451,6412,1484,81.1,A (ดีมาก)
1132,2025-04-25,2568,4,ฤดูแล้ง,NHK02,หนองหาร (Lake),ธาตุนาเวง,6.71,28.5,312.0,4.17,4.46,16.4,1.01,2.063,1.456,15558,3585,58.6,C (พอใช้)
1133,2025-10-29,2568,10,ฤดูฝน,NHK10,หนองหาร (Lake),งิ้วด่อน,7.38,28.2,217.0,7.09,0.64,7.4,0.033,0.916,0.259,4518,2221,87.0,A (ดีมาก)
1134,2025-06-19,2568,6,ฤดูฝน,NHK09,หนองหาร (Lake),เหล่าปอแดง,7.39,30.4,207.0,8.1,0.3,4.0,0.01,0.603,0.402,2978,738,91.9,A (ดีมาก)
1135,2024-11-12,2567,11,ฤดูแล้ง,NHK10,หนองหาร (Lake),งิ้วด่อน,7.06,26.0,212.0,8.26,1.12,4.3,0.541,0.673,0.372,14232,6916,89.5,A (ดีมาก)
1136,2025-08-14,2568,8,ฤดูฝน,BNH02,ลำห้วย (Tributary),เชียงเครือ,7.48,30.3,293.0,6.94,3.59,14.9,0.485,2.091,1.126,7192,4216,75.5,B (ดี)
1137,2024-11-20,2567,11,ฤดูแล้ง,NHK08,หนองหาร (Lake),นาตงวัฒนา,7.24,24.5,335.0,5.17,0.96,4.0,0.109,1.005,0.302,1695,868,77.5,B (ดี)
1138,2024-06-17,2567,6,ฤดูฝน,BNH01,ลำห้วย (Tributary),ธาตุนาเวง,7.26,30.5,402.0,3.64,6.0,17.6,1.611,3.546,2.227,127508,50100,44.0,C (พอใช้)
1139,2024-06-13,2567,6,ฤดูฝน,NHK07,หนองหาร (Lake),บ้านแป้น,7.53,32.2,279.0,6.63,0.3,4.0,0.01,1.272,0.316,1255,419,83.6,A (ดีมาก)
1140,2025-10-28,2568,10,ฤดูฝน,BNH06,ลำห้วย (Tributary),เหล่าปอแดง,7.09,27.3,357.0,6.98,3.9,13.9,0.419,1.926,1.161,5623,3291,76.4,B (ดี)
1141,2024-11-03,2567,11,ฤดูแล้ง,BNH03,ลำห้วย (Tributary),ท่าแร่,6.62,25.3,342.0,1.86,5.62,12.0,1.623,3.623,2.182,118883,45234,36.0,D (เสื่อมโทรม)
1142,2025-03-31,2568,3,ฤดูแล้ง,NHK10,หนองหาร (Lake),งิ้วด่อน,7.12,24.4,259.0,7.62,1.45,6.9,0.245,0.619,0.554,4990,1529,87.6,A (ดีมาก)
1143,2024-04-13,2567,4,ฤดูแล้ง,NHK07,หนองหาร (Lake),บ้านแป้น,7.36,29.8,233.0,6.69,1.65,4.0,0.113,1.067,0.467,2219,1106,83.2,A (ดีมาก)
1144,2025-06-24,2568,6,ฤดูฝน,BNH07,ลำห้วย (Tributary),งิ้วด่อน,7.24,31.1,337.0,5.45,4.51,22.7,0.498,2.69,1.148,19042,4228,66.6,B (ดี)
1145,2024-05-26,2567,5,ฤดูแล้ง,NHK03,หนองหาร (Lake),ฮางโฮง,7.08,31.1,234.0,7.63,0.72,4.0,0.127,0.913,0.216,11051,4035,89.0,A (ดีมาก)
1146,2024-05-05,2567,5,ฤดูแล้ง,BNH08,ลำห้วย (Tributary),เมืองสกลนคร,6.79,28.4,335.0,2.85,6.37,23.8,1.782,3.507,2.428,98615,31309,38.7,D (เสื่อมโทรม)
1147,2025-05-02,2568,5,ฤดูแล้ง,BNH03,ลำห้วย (Tributary),ท่าแร่,7.51,27.4,316.0,3.53,7.93,33.2,1.525,3.177,2.175,56340,19359,45.5,C (พอใช้)
1148,2024-05-16,2567,5,ฤดูแล้ง,BNH03,ลำห้วย (Tributary),ท่าแร่,7.23,30.3,373.0,2.55,5.62,24.7,1.64,3.197,2.711,10625,5583,37.7,D (เสื่อมโทรม)
1149,2025-07-22,2568,7,ฤดูฝน,BNH02,ลำห้วย (Tributary),เชียงเครือ,7.09,33.0,335.0,6.14,3.52,12.9,0.442,2.247,1.283,11457,3482,70.9,B (ดี)
1150,2025-07-18,2568,7,ฤดูฝน,BNH04,ลำห้วย (Tributary),นาแก้ว,7.06,31.1,376.0,3.36,4.42,15.8,1.401,3.203,2.324,24939,9819,44.6,C (พอใช้)
1151,2025-11-18,2568,11,ฤดูแล้ง,NHK05,หนองหาร (Lake),ท่าแร่,7.69,25.7,245.0,6.73,1.11,4.8,0.166,0.86,0.172,8426,4461,85.2,A (ดีมาก)
1152,2025-01-29,2568,1,ฤดูแล้ง,NHK05,หนองหาร (Lake),ท่าแร่,7.57,23.8,264.0,6.93,1.76,5.4,0.153,0.703,0.455,3765,1304,85.3,A (ดีมาก)
1153,2024-01-18,2567,1,ฤดูแล้ง,NHK07,หนองหาร (Lake),บ้านแป้น,7.37,24.9,309.0,6.52,1.33,4.0,0.235,0.973,0.484,1454,858,82.0,A (ดีมาก)
1154,2025-05-26,2568,5,ฤดูแล้ง,NHK02,หนองหาร (Lake),ธาตุนาเวง,7.31,28.2,292.0,5.09,5.77,26.3,1.053,2.36,1.754,11329,5240,60.0,C (พอใช้)
1155,2025-04-17,2568,4,ฤดูแล้ง,BNH02,ลำห้วย (Tributary),เชียงเครือ,7.39,27.8,336.0,5.13,3.21,13.2,0.899,1.947,1.161,18073,9722,65.4,B (ดี)
1156,2025-06-29,2568,6,ฤดูฝน,NHK06,หนองหาร (Lake),บ้านแป้น,7.93,32.2,238.0,8.74,1.3,18.6,0.01,1.304,0.211,4920,1510,93.4,A (ดีมาก)
1157,2024-06-29,2567,6,ฤดูฝน,NHK05,หนองหาร (Lake),ท่าแร่,6.88,32.5,229.0,8.27,0.3,4.0,0.01,0.962,0.29,846,301,92.0,A (ดีมาก)
1158,2024-05-24,2567,5,ฤดูแล้ง,NHK08,หนองหาร (Lake),นาตงวัฒนา,7.3,27.7,237.0,6.07,2.98,17.8,0.152,0.606,0.208,6214,1477,83.0,A (ดีมาก)
1159,2025-12-12,2568,12,ฤดูแล้ง,NHK08,หนองหาร (Lake),นาตงวัฒนา,7.8,24.9,234.0,6.64,2.38,5.5,0.131,0.857,0.187,12170,4738,85.0,A (ดีมาก)
1160,2024-04-28,2567,4,ฤดูแล้ง,BNH05,ลำห้วย (Tributary),ม่วงลาย,7.21,28.6,360.0,5.37,3.44,8.1,0.707,1.922,1.209,9305,3183,67.4,B (ดี)
1161,2024-05-15,2567,5,ฤดูแล้ง,NHK07,หนองหาร (Lake),บ้านแป้น,6.56,27.9,199.0,7.18,1.12,10.4,0.265,0.989,0.185,9702,2501,86.2,A (ดีมาก)
1162,2025-02-22,2568,2,ฤดูแล้ง,BNH08,ลำห้วย (Tributary),เมืองสกลนคร,7.41,24.8,352.0,4.36,6.26,26.7,1.724,3.295,2.33,68740,37783,46.9,C (พอใช้)
1163,2025-12-14,2568,12,ฤดูแล้ง,NHK07,หนองหาร (Lake),บ้านแป้น,7.49,28.0,259.0,6.29,1.63,4.0,0.165,1.227,0.578,2245,1080,80.0,A (ดีมาก)
1164,2024-05-20,2567,5,ฤดูแล้ง,BNH04,ลำห้วย (Tributary),นาแก้ว,6.94,28.0,392.0,4.45,6.4,33.2,1.584,4.325,2.194,39149,18291,45.3,C (พอใช้)
1165,2024-07-22,2567,7,ฤดูฝน,NHK07,หนองหาร (Lake),บ้านแป้น,7.47,28.7,178.0,8.16,1.16,10.3,0.021,0.686,0.235,4563,2399,92.7,A (ดีมาก)
1166,2024-07-22,2567,7,ฤดูฝน,NHK05,หนองหาร (Lake),ท่าแร่,7.8,30.0,254.0,6.76,1.53,4.0,0.058,0.876,0.305,4080,1595,85.3,A (ดีมาก)
1167,2025-07-15,2568,7,ฤดูฝน,NHK07,หนองหาร (Lake),บ้านแป้น,6.91,31.1,224.0,6.57,0.9,4.0,0.01,0.652,0.331,1912,425,85.3,A (ดีมาก)
1168,2025-11-12,2568,11,ฤดูแล้ง,BNH08,ลำห้วย (Tributary),เมืองสกลนคร,6.98,28.5,445.0,3.11,5.8,29.8,1.58,3.253,2.674,32332,11613,40.6,C (พอใช้)
1169,2025-11-04,2568,11,ฤดูแล้ง,BNH04,ลำห้วย (Tributary),นาแก้ว,6.73,24.7,340.0,2.12,7.09,20.6,1.534,3.504,2.517,68551,27099,36.4,D (เสื่อมโทรม)
1170,2025-06-02,2568,6,ฤดูฝน,BNH06,ลำห้วย (Tributary),เหล่าปอแดง,7.27,31.2,302.0,5.61,4.89,25.5,0.526,2.097,1.449,25589,9473,67.7,B (ดี)
1171,2025-04-10,2568,4,ฤดูแล้ง,NHK02,หนองหาร (Lake),ธาตุนาเวง,6.71,27.1,274.0,3.98,4.6,31.6,1.01,2.25,1.419,29143,11370,57.3,C (พอใช้)
1172,2024-12-25,2567,12,ฤดูแล้ง,NHK07,หนองหาร (Lake),บ้านแป้น,7.47,26.6,226.0,6.75,0.7,4.0,0.182,0.925,0.395,2384,535,83.9,A (ดีมาก)
1173,2025-08-18,2568,8,ฤดูฝน,BNH06,ลำห้วย (Tributary),เหล่าปอแดง,7.4,30.6,305.0,6.19,2.24,22.5,0.902,2.861,1.066,10969,2564,67.5,B (ดี)
1174,2024-11-10,2567,11,ฤดูแล้ง,NHK06,หนองหาร (Lake),บ้านแป้น,6.95,26.8,266.0,8.18,1.79,16.5,0.406,0.612,0.251,19205,5869,90.8,A (ดีมาก)
1175,2025-10-04,2568,10,ฤดูฝน,BNH05,ลำห้วย (Tributary),ม่วงลาย,7.21,26.5,206.0,5.77,3.12,15.8,0.496,2.472,1.951,13338,8000,64.8,B (ดี)
1176,2024-10-10,2567,10,ฤดูฝน,BNH03,ลำห้วย (Tributary),ท่าแร่,6.74,26.3,443.0,2.89,6.45,23.6,1.357,3.998,2.462,27249,15699,39.5,D (เสื่อมโทรม)
1177,2024-10-15,2567,10,ฤดูฝน,NHK06,หนองหาร (Lake),บ้านแป้น,7.7,27.7,177.0,8.88,0.3,4.0,0.01,0.639,0.205,2579,1304,96.3,A (ดีมาก)
1178,2024-03-06,2567,3,ฤดูแล้ง,NHK10,หนองหาร (Lake),งิ้วด่อน,7.62,24.3,248.0,7.37,1.86,10.8,0.302,0.941,0.6,2546,1086,84.9,A (ดีมาก)
1179,2025-03-18,2568,3,ฤดูแล้ง,NHK03,หนองหาร (Lake),ฮางโฮง,7.2,26.1,259.0,6.95,1.29,4.0,0.156,0.771,0.672,3081,926,84.1,A (ดีมาก)
1180,2025-10-11,2568,10,ฤดูฝน,BNH01,ลำห้วย (Tributary),ธาตุนาเวง,7.6,27.9,344.0,3.96,5.42,23.1,1.309,3.354,2.317,22579,10126,47.3,C (พอใช้)
1181,2024-08-28,2567,8,ฤดูฝน,NHK09,หนองหาร (Lake),เหล่าปอแดง,6.86,31.2,188.0,7.16,0.3,4.0,0.01,0.719,0.452,4496,917,87.1,A (ดีมาก)
1182,2025-04-16,2568,4,ฤดูแล้ง,BNH08,ลำห้วย (Tributary),เมืองสกลนคร,6.85,26.6,390.0,3.66,7.74,29.2,1.641,3.523,2.264,114447,50203,43.8,C (พอใช้)
1183,2025-08-19,2568,8,ฤดูฝน,NHK05,หนองหาร (Lake),ท่าแร่,7.77,31.0,329.0,7.96,0.83,4.0,0.133,0.826,0.349,1711,377,90.1,A (ดีมาก)
1184,2024-07-01,2567,7,ฤดูฝน,BNH08,ลำห้วย (Tributary),เมืองสกลนคร,7.63,31.6,346.0,3.63,6.68,28.7,1.397,3.174,2.193,52748,27011,46.6,C (พอใช้)
1185,2025-05-25,2568,5,ฤดูแล้ง,BNH03,ลำห้วย (Tributary),ท่าแร่,7.06,30.1,408.0,1.76,5.7,29.0,1.858,3.424,2.383,84297,30460,33.9,D (เสื่อมโทรม)
1186,2024-10-29,2567,10,ฤดูฝน,BNH01,ลำห้วย (Tributary),ธาตุนาเวง,7.04,28.6,389.0,3.97,6.17,25.6,1.34,3.609,2.451,69825,39947,45.7,C (พอใช้)
1187,2025-12-21,2568,12,ฤดูแล้ง,NHK09,หนองหาร (Lake),เหล่าปอแดง,7.57,24.6,219.0,7.25,3.34,18.0,0.116,0.904,0.177,7041,2279,87.7,A (ดีมาก)
1188,2024-06-24,2567,6,ฤดูฝน,BNH06,ลำห้วย (Tributary),เหล่าปอแดง,6.71,31.7,354.0,5.68,2.39,13.8,0.56,2.294,1.842,9608,4335,65.2,B (ดี)
1189,2025-08-13,2568,8,ฤดูฝน,BNH04,ลำห้วย (Tributary),นาแก้ว,6.37,30.5,386.0,4.61,7.45,40.4,1.623,3.247,2.443,39474,15058,48.2,C (พอใช้)
1190,2024-08-06,2567,8,ฤดูฝน,NHK03,หนองหาร (Lake),ฮางโฮง,6.63,30.8,212.0,7.01,1.14,4.0,0.019,0.881,0.753,6603,2707,84.3,A (ดีมาก)
1191,2024-03-03,2567,3,ฤดูแล้ง,BNH02,ลำห้วย (Tributary),เชียงเครือ,6.77,24.8,316.0,5.21,3.55,21.2,0.62,1.913,1.133,10226,3606,67.6,B (ดี)
1192,2024-08-24,2567,8,ฤดูฝน,NHK03,หนองหาร (Lake),ฮางโฮง,6.99,30.5,220.0,8.5,2.86,9.9,0.383,0.669,0.284,1725,453,92.0,A (ดีมาก)
1193,2024-06-24,2567,6,ฤดูฝน,NHK03,หนองหาร (Lake),ฮางโฮง,8.22,31.0,213.0,8.17,0.3,5.4,0.372,0.729,0.318,6925,2121,90.2,A (ดีมาก)
1194,2025-05-04,2568,5,ฤดูแล้ง,NHK04,หนองหาร (Lake),เชียงเครือ,7.77,28.8,210.0,6.98,0.81,12.3,0.918,0.796,1.419,4851,2001,76.0,B (ดี)
1195,2025-04-24,2568,4,ฤดูแล้ง,NHK03,หนองหาร (Lake),ฮางโฮง,7.49,27.7,240.0,6.94,1.19,4.0,0.398,0.674,0.57,4673,1911,83.5,A (ดีมาก)
1196,2025-03-30,2568,3,ฤดูแล้ง,NHK10,หนองหาร (Lake),งิ้วด่อน,7.33,25.7,220.0,7.49,0.9,4.0,0.136,0.839,0.281,2619,919,88.3,A (ดีมาก)
1197,2025-07-22,2568,7,ฤดูฝน,BNH05,ลำห้วย (Tributary),ม่วงลาย,6.9,28.2,350.0,7.65,2.55,18.9,0.514,1.943,1.234,45594,18511,78.4,B (ดี)
1198,2024-10-31,2567,10,ฤดูฝน,BNH03,ลำห้วย (Tributary),ท่าแร่,6.16,26.4,443.0,4.15,5.54,26.9,1.313,3.341,2.211,49945,11866,48.8,C (พอใช้)
1199,2025-04-24,2568,4,ฤดูแล้ง,NHK01,หนองหาร (Lake),เมืองสกลนคร,7.22,27.6,161.0,6.43,0.84,10.1,0.219,0.682,0.196,1799,441,84.1,A (ดีมาก)
1200,2024-01-13,2567,1,ฤดูแล้ง,NHK03,หนองหาร (Lake),ฮางโฮง,6.95,23.0,241.0,6.38,1.71,20.6,0.205,0.634,0.662,1902,975,81.8,A (ดีมาก)
1201,2025-03-05,2568,3,ฤดูแล้ง,BNH01,ลำห้วย (Tributary),ธาตุนาเวง,7.24,26.8,330.0,2.42,6.47,37.7,1.695,3.63,3.009,137577,78373,33.9,D (เสื่อมโทรม)
1202,2025-01-11,2568,1,ฤดูแล้ง,NHK08,หนองหาร (Lake),นาตงวัฒนา,8.15,22.7,245.0,6.63,0.91,23.2,0.516,1.325,0.485,2793,733,79.7,B (ดี)
1203,2024-08-24,2567,8,ฤดูฝน,BNH02,ลำห้วย (Tributary),เชียงเครือ,7.1,30.5,371.0,4.77,3.28,8.7,0.796,2.29,1.226,11324,6579,62.9,B (ดี)
1204,2024-05-06,2567,5,ฤดูแล้ง,NHK08,หนองหาร (Lake),นาตงวัฒนา,6.67,28.2,219.0,6.22,0.65,4.0,0.343,1.331,0.446,2432,677,79.0,B (ดี)
1205,2025-05-25,2568,5,ฤดูแล้ง,NHK02,หนองหาร (Lake),ธาตุนาเวง,7.16,28.8,242.0,4.54,3.97,15.1,1.178,2.01,2.276,8368,4836,55.4,C (พอใช้)
1206,2024-11-26,2567,11,ฤดูแล้ง,NHK07,หนองหาร (Lake),บ้านแป้น,7.16,23.8,279.0,6.75,2.3,11.9,0.107,1.058,0.16,5747,2379,85.1,A (ดีมาก)
1207,2025-09-23,2568,9,ฤดูฝน,BNH04,ลำห้วย (Tributary),นาแก้ว,7.18,29.7,398.0,5.48,5.35,24.1,1.309,3.162,2.18,118899,53117,55.4,C (พอใช้)
1208,2025-04-27,2568,4,ฤดูแล้ง,NHK02,หนองหาร (Lake),ธาตุนาเวง,7.33,27.5,280.0,5.04,4.56,20.9,1.257,2.147,1.312,19037,9517,61.5,B (ดี)
1209,2025-10-28,2568,10,ฤดูฝน,NHK09,หนองหาร (Lake),เหล่าปอแดง,7.4,28.5,125.0,6.71,1.77,18.6,0.01,0.641,0.162,6593,3578,86.8,A (ดีมาก)
1210,2025-03-24,2568,3,ฤดูแล้ง,BNH02,ลำห้วย (Tributary),เชียงเครือ,6.91,27.0,308.0,5.79,3.86,23.4,0.703,2.585,1.236,9287,3180,66.9,B (ดี)
1211,2024-12-16,2567,12,ฤดูแล้ง,BNH02,ลำห้วย (Tributary),เชียงเครือ,7.52,26.1,338.0,4.86,5.02,17.8,0.671,2.35,1.448,22208,11100,62.7,B (ดี)
1212,2025-05-08,2568,5,ฤดูแล้ง,BNH04,ลำห้วย (Tributary),นาแก้ว,7.4,29.7,387.0,2.97,6.9,43.8,1.504,3.619,2.257,117254,36172,41.3,C (พอใช้)
1213,2024-10-21,2567,10,ฤดูฝน,NHK06,หนองหาร (Lake),บ้านแป้น,7.31,27.6,213.0,7.61,0.92,6.2,0.01,1.186,0.395,8397,3372,87.8,A (ดีมาก)
1214,2025-11-09,2568,11,ฤดูแล้ง,NHK03,หนองหาร (Lake),ฮางโฮง,6.72,26.7,177.0,6.09,0.3,6.2,0.477,0.611,0.241,1373,678,81.1,A (ดีมาก)
1215,2025-10-04,2568,10,ฤดูฝน,BNH01,ลำห้วย (Tributary),ธาตุนาเวง,6.46,27.9,302.0,4.25,7.14,39.2,1.314,3.376,2.158,22204,6088,49.3,C (พอใช้)
1216,2025-03-27,2568,3,ฤดูแล้ง,BNH03,ลำห้วย (Tributary),ท่าแร่,7.27,22.9,366.0,2.99,6.94,29.2,1.653,3.168,2.33,27434,14297,41.6,C (พอใช้)
1217,2024-03-20,2567,3,ฤดูแล้ง,BNH06,ลำห้วย (Tributary),เหล่าปอแดง,6.78,28.3,247.0,5.01,2.37,12.0,0.762,2.419,1.147,11778,5709,64.1,B (ดี)
1218,2025-02-14,2568,2,ฤดูแล้ง,NHK03,หนองหาร (Lake),ฮางโฮง,6.9,26.3,267.0,6.13,1.35,4.0,0.175,0.824,0.182,1021,243,82.6,A (ดีมาก)
1219,2025-08-08,2568,8,ฤดูฝน,BNH06,ลำห้วย (Tributary),เหล่าปอแดง,6.91,30.0,271.0,7.39,2.33,14.3,0.403,2.012,2.572,8202,2023,71.0,B (ดี)
1220,2024-03-25,2567,3,ฤดูแล้ง,BNH08,ลำห้วย (Tributary),เมืองสกลนคร,6.94,25.5,409.0,3.06,7.38,33.7,1.585,4.143,2.381,32758,18365,38.8,D (เสื่อมโทรม)
1221,2024-03-06,2567,3,ฤดูแล้ง,NHK10,หนองหาร (Lake),งิ้วด่อน,7.41,26.4,250.0,7.43,2.54,16.4,0.225,1.409,0.204,5747,2284,86.0,A (ดีมาก)
1222,2025-10-30,2568,10,ฤดูฝน,BNH03,ลำห้วย (Tributary),ท่าแร่,7.21,28.8,439.0,3.1,6.24,34.4,1.513,3.274,2.172,26135,6296,43.4,C (พอใช้)
1223,2024-10-07,2567,10,ฤดูฝน,NHK01,หนองหาร (Lake),เมืองสกลนคร,7.07,26.8,333.0,7.3,0.42,4.0,0.01,0.737,0.276,1260,752,88.5,A (ดีมาก)
1224,2024-08-29,2567,8,ฤดูฝน,BNH06,ลำห้วย (Tributary),เหล่าปอแดง,8.03,30.0,238.0,5.44,2.8,9.5,0.444,2.092,1.147,18595,6480,69.0,B (ดี)
1225,2024-03-23,2567,3,ฤดูแล้ง,NHK05,หนองหาร (Lake),ท่าแร่,7.34,27.0,239.0,6.45,2.41,19.6,0.333,1.154,0.318,3848,1904,81.3,A (ดีมาก)
1226,2024-06-01,2567,6,ฤดูฝน,NHK10,หนองหาร (Lake),งิ้วด่อน,7.38,32.1,181.0,7.41,0.3,4.5,0.331,0.681,0.265,3088,1643,87.5,A (ดีมาก)
1227,2025-08-11,2568,8,ฤดูฝน,BNH06,ลำห้วย (Tributary),เหล่าปอแดง,7.59,30.3,338.0,4.61,3.75,24.0,0.794,2.468,1.224,11815,4870,61.6,B (ดี)
1228,2024-01-11,2567,1,ฤดูแล้ง,NHK03,หนองหาร (Lake),ฮางโฮง,7.14,24.7,151.0,7.0,1.42,14.7,0.11,0.865,0.153,3747,1249,86.8,A (ดีมาก)
1229,2025-10-19,2568,10,ฤดูฝน,NHK05,หนองหาร (Lake),ท่าแร่,7.7,25.8,225.0,7.86,2.36,15.5,0.01,0.99,0.58,2805,909,88.7,A (ดีมาก)
1230,2024-10-18,2567,10,ฤดูฝน,NHK07,หนองหาร (Lake),บ้านแป้น,7.28,28.5,196.0,6.57,1.39,5.9,0.01,1.01,0.318,6283,1500,84.2,A (ดีมาก)
1231,2025-04-19,2568,4,ฤดูแล้ง,NHK02,หนองหาร (Lake),ธาตุนาเวง,6.6,28.4,335.0,4.02,4.13,6.7,1.035,1.804,1.27,21397,5852,59.6,C (พอใช้)
1232,2025-02-24,2568,2,ฤดูแล้ง,BNH06,ลำห้วย (Tributary),เหล่าปอแดง,7.22,24.8,302.0,6.66,5.51,21.5,0.767,3.026,1.243,23412,8285,68.9,B (ดี)
1233,2024-12-29,2567,12,ฤดูแล้ง,BNH06,ลำห้วย (Tributary),เหล่าปอแดง,7.37,23.7,335.0,5.87,3.89,23.2,0.609,2.552,1.17,23285,6742,68.2,B (ดี)
1234,2024-03-22,2567,3,ฤดูแล้ง,NHK03,หนองหาร (Lake),ฮางโฮง,7.26,24.9,286.0,5.47,1.66,14.0,0.356,1.317,0.245,2904,888,76.6,B (ดี)
1235,2025-06-23,2568,6,ฤดูฝน,BNH08,ลำห้วย (Tributary),เมืองสกลนคร,7.09,33.0,315.0,5.02,6.26,46.3,1.35,3.266,2.169,14364,8303,52.9,C (พอใช้)
1236,2025-10-25,2568,10,ฤดูฝน,BNH01,ลำห้วย (Tributary),ธาตุนาเวง,6.7,27.7,347.0,4.26,5.62,32.9,1.4,3.443,2.194,49910,10550,48.5,C (พอใช้)
1237,2024-10-09,2567,10,ฤดูฝน,NHK09,หนองหาร (Lake),เหล่าปอแดง,7.41,26.8,235.0,8.54,0.5,4.5,0.01,0.628,0.154,4588,2639,95.0,A (ดีมาก)
1238,2025-01-11,2568,1,ฤดูแล้ง,NHK05,หนองหาร (Lake),ท่าแร่,6.73,26.2,258.0,7.53,1.7,4.0,0.115,0.998,0.577,2210,945,86.6,A (ดีมาก)
1239,2025-03-26,2568,3,ฤดูแล้ง,BNH08,ลำห้วย (Tributary),เมืองสกลนคร,7.18,24.2,425.0,2.63,7.45,24.2,1.526,3.602,2.274,38633,8310,39.6,D (เสื่อมโทรม)
1240,2025-11-02,2568,11,ฤดูแล้ง,NHK06,หนองหาร (Lake),บ้านแป้น,7.73,25.7,227.0,6.86,2.29,13.3,0.123,0.627,0.166,3663,958,86.9,A (ดีมาก)
1241,2024-07-06,2567,7,ฤดูฝน,NHK02,หนองหาร (Lake),ธาตุนาเวง,7.67,31.7,274.0,5.12,3.22,22.1,0.878,1.848,1.86,5296,1677,62.3,B (ดี)
1242,2024-02-03,2567,2,ฤดูแล้ง,BNH01,ลำห้วย (Tributary),ธาตุนาเวง,7.48,25.2,278.0,2.28,8.73,35.3,1.68,3.105,2.699,58675,34193,36.7,D (เสื่อมโทรม)
1243,2025-12-10,2568,12,ฤดูแล้ง,NHK06,หนองหาร (Lake),บ้านแป้น,7.18,26.6,220.0,6.62,1.99,7.0,0.226,0.615,0.32,843,323,84.5,A (ดีมาก)
1244,2024-09-19,2567,9,ฤดูฝน,NHK04,หนองหาร (Lake),เชียงเครือ,7.56,28.7,239.0,7.78,0.3,7.1,0.014,0.93,0.178,3479,714,90.5,A (ดีมาก)
1245,2024-05-13,2567,5,ฤดูแล้ง,BNH03,ลำห้วย (Tributary),ท่าแร่,6.95,31.4,412.0,3.67,7.25,26.6,1.505,3.43,2.572,149578,55854,43.4,C (พอใช้)
1246,2025-10-19,2568,10,ฤดูฝน,BNH04,ลำห้วย (Tributary),นาแก้ว,7.29,27.0,356.0,2.93,6.51,29.1,1.388,3.321,2.177,57522,13368,43.1,C (พอใช้)
1247,2024-07-02,2567,7,ฤดูฝน,NHK05,หนองหาร (Lake),ท่าแร่,6.87,30.9,175.0,8.15,0.3,5.8,0.411,1.447,0.214,1819,998,88.0,A (ดีมาก)
1248,2024-11-14,2567,11,ฤดูแล้ง,NHK07,หนองหาร (Lake),บ้านแป้น,6.96,23.8,206.0,5.85,1.86,9.8,0.244,0.92,0.21,1319,512,80.5,A (ดีมาก)
1249,2024-03-28,2567,3,ฤดูแล้ง,BNH07,ลำห้วย (Tributary),งิ้วด่อน,6.92,26.9,294.0,5.46,2.69,15.3,0.867,1.933,1.335,16170,9201,66.2,B (ดี)
1250,2025-10-05,2568,10,ฤดูฝน,NHK10,หนองหาร (Lake),งิ้วด่อน,7.06,27.7,250.0,8.45,2.17,4.0,0.01,0.635,1.314,3606,2030,88.8,A (ดีมาก)
1251,2025-02-02,2568,2,ฤดูแล้ง,BNH04,ลำห้วย (Tributary),นาแก้ว,7.08,23.5,385.0,3.17,7.46,37.4,1.756,3.111,2.604,42215,13131,40.7,C (พอใช้)
1252,2025-06-06,2568,6,ฤดูฝน,BNH05,ลำห้วย (Tributary),ม่วงลาย,7.98,30.8,307.0,6.42,2.17,13.8,0.559,2.868,1.658,7655,4538,67.5,B (ดี)
1253,2024-05-21,2567,5,ฤดูแล้ง,BNH06,ลำห้วย (Tributary),เหล่าปอแดง,6.98,29.1,319.0,6.15,3.35,22.9,0.673,2.501,2.345,10001,5175,63.4,B (ดี)
1254,2024-09-09,2567,9,ฤดูฝน,NHK01,หนองหาร (Lake),เมืองสกลนคร,6.97,29.3,201.0,6.54,0.59,6.4,0.083,0.971,0.288,3579,1226,83.9,A (ดีมาก)
1255,2024-04-26,2567,4,ฤดูแล้ง,NHK09,หนองหาร (Lake),เหล่าปอแดง,7.37,28.8,201.0,6.49,1.08,4.0,0.326,1.559,0.164,4733,1975,80.9,A (ดีมาก)
1256,2024-04-06,2567,4,ฤดูแล้ง,NHK07,หนองหาร (Lake),บ้านแป้น,7.89,29.4,253.0,6.02,2.4,15.9,0.183,0.642,0.312,10774,2341,82.0,A (ดีมาก)
1257,2024-07-03,2567,7,ฤดูฝน,BNH07,ลำห้วย (Tributary),งิ้วด่อน,7.5,32.6,283.0,5.44,2.82,18.2,0.43,2.199,1.154,10514,3720,68.6,B (ดี)
1258,2024-03-05,2567,3,ฤดูแล้ง,NHK05,หนองหาร (Lake),ท่าแร่,6.99,27.8,256.0,7.31,1.72,7.9,0.113,0.997,0.334,8425,4204,86.9,A (ดีมาก)
1259,2025-10-10,2568,10,ฤดูฝน,BNH05,ลำห้วย (Tributary),ม่วงลาย,7.31,28.7,266.0,4.8,4.28,25.8,0.746,1.907,1.069,6287,1674,65.4,B (ดี)
1260,2025-09-06,2568,9,ฤดูฝน,NHK09,หนองหาร (Lake),เหล่าปอแดง,7.01,30.4,257.0,8.4,0.3,4.0,0.01,1.015,0.225,1402,464,92.8,A (ดีมาก)
1261,2025-03-10,2568,3,ฤดูแล้ง,NHK01,หนองหาร (Lake),เมืองสกลนคร,7.03,27.5,276.0,6.6,0.3,4.0,0.519,1.272,0.192,4558,1922,81.2,A (ดีมาก)
1262,2024-02-08,2567,2,ฤดูแล้ง,NHK04,หนองหาร (Lake),เชียงเครือ,7.16,26.0,234.0,6.23,2.02,4.0,0.726,1.017,0.669,4017,1208,76.8,B (ดี)
1263,2025-04-01,2568,4,ฤดูแล้ง,NHK06,หนองหาร (Lake),บ้านแป้น,7.05,28.8,180.0,7.49,0.89,4.5,0.719,1.168,0.179,2248,1339,84.4,A (ดีมาก)
1264,2024-08-22,2567,8,ฤดูฝน,NHK05,หนองหาร (Lake),ท่าแร่,7.48,30.9,261.0,7.5,1.92,9.4,0.09,0.683,0.212,3612,1197,89.5,A (ดีมาก)
1265,2025-02-24,2568,2,ฤดูแล้ง,NHK08,หนองหาร (Lake),นาตงวัฒนา,6.85,25.8,203.0,6.28,2.31,9.6,0.225,1.342,0.425,4961,2230,80.0,A (ดีมาก)
1266,2025-05-31,2568,5,ฤดูแล้ง,BNH07,ลำห้วย (Tributary),งิ้วด่อน,7.08,29.8,386.0,4.0,3.39,28.7,0.789,2.201,1.12,29192,16668,60.3,B (ดี)
1267,2024-08-16,2567,8,ฤดูฝน,BNH05,ลำห้วย (Tributary),ม่วงลาย,7.19,30.9,269.0,6.19,2.43,4.2,0.495,2.457,1.177,7898,1756,70.6,B (ดี)
1268,2025-02-22,2568,2,ฤดูแล้ง,NHK03,หนองหาร (Lake),ฮางโฮง,6.94,25.9,280.0,8.14,2.43,18.6,0.242,1.285,0.243,2123,816,89.3,A (ดีมาก)
1269,2024-12-08,2567,12,ฤดูแล้ง,BNH02,ลำห้วย (Tributary),เชียงเครือ,7.24,23.4,299.0,5.3,4.51,24.0,0.935,1.982,1.161,19081,5391,65.8,B (ดี)
1270,2024-01-10,2567,1,ฤดูแล้ง,NHK06,หนองหาร (Lake),บ้านแป้น,7.74,23.9,268.0,7.07,1.65,4.0,0.281,0.62,0.871,21289,5603,83.4,A (ดีมาก)
1271,2025-12-10,2568,12,ฤดูแล้ง,BNH03,ลำห้วย (Tributary),ท่าแร่,6.89,25.1,401.0,3.86,6.78,28.4,1.507,3.327,2.387,118725,29135,45.5,C (พอใช้)
1272,2024-02-23,2567,2,ฤดูแล้ง,BNH03,ลำห้วย (Tributary),ท่าแร่,6.93,24.7,349.0,1.85,7.66,31.1,1.645,3.118,2.255,89508,47091,37.2,D (เสื่อมโทรม)
1273,2024-01-13,2567,1,ฤดูแล้ง,NHK02,หนองหาร (Lake),ธาตุนาเวง,6.78,25.1,318.0,4.64,2.92,12.2,1.156,2.063,1.284,3929,1827,60.7,B (ดี)
1274,2024-08-26,2567,8,ฤดูฝน,BNH04,ลำห้วย (Tributary),นาแก้ว,7.13,30.8,323.0,4.57,5.76,30.4,1.328,3.887,2.227,31521,6321,48.6,C (พอใช้)
1275,2025-01-20,2568,1,ฤดูแล้ง,NHK10,หนองหาร (Lake),งิ้วด่อน,7.49,27.1,254.0,7.27,2.39,13.4,0.162,0.704,0.246,3609,728,87.8,A (ดีมาก)
1276,2025-08-10,2568,8,ฤดูฝน,NHK07,หนองหาร (Lake),บ้านแป้น,7.5,32.5,222.0,7.43,1.0,12.6,0.319,1.986,0.196,7196,2928,83.6,A (ดีมาก)
1277,2025-01-04,2568,1,ฤดูแล้ง,BNH01,ลำห้วย (Tributary),ธาตุนาเวง,6.97,24.9,396.0,3.25,5.08,22.1,1.608,3.354,2.262,18756,8654,42.7,C (พอใช้)
1278,2024-03-01,2567,3,ฤดูแล้ง,NHK01,หนองหาร (Lake),เมืองสกลนคร,7.43,26.8,269.0,7.03,0.87,5.3,0.353,0.693,0.24,3936,2019,85.7,A (ดีมาก)
1279,2025-07-02,2568,7,ฤดูฝน,BNH05,ลำห้วย (Tributary),ม่วงลาย,7.33,29.6,338.0,5.93,2.75,15.0,0.536,2.068,1.224,17712,9319,70.3,B (ดี)
1280,2024-10-04,2567,10,ฤดูฝน,NHK08,หนองหาร (Lake),นาตงวัฒนา,7.18,29.1,248.0,7.45,0.3,4.5,0.085,1.658,0.429,4075,2439,85.0,A (ดีมาก)
1281,2025-01-31,2568,1,ฤดูแล้ง,NHK03,หนองหาร (Lake),ฮางโฮง,7.62,26.1,218.0,6.15,1.13,4.0,0.115,0.705,0.404,1713,826,82.3,A (ดีมาก)
1282,2025-05-28,2568,5,ฤดูแล้ง,NHK06,หนองหาร (Lake),บ้านแป้น,6.99,30.1,231.0,6.75,2.37,6.7,0.165,0.792,0.424,1283,677,84.3,A (ดีมาก)
1283,2024-10-15,2567,10,ฤดูฝน,NHK05,หนองหาร (Lake),ท่าแร่,7.31,27.9,282.0,8.39,0.42,9.5,0.01,1.005,0.692,1785,432,90.4,A (ดีมาก)
1284,2025-08-11,2568,8,ฤดูฝน,NHK06,หนองหาร (Lake),บ้านแป้น,7.19,31.5,202.0,8.92,0.36,4.0,0.136,0.876,0.653,979,456,92.7,A (ดีมาก)
1285,2025-12-19,2568,12,ฤดูแล้ง,BNH01,ลำห้วย (Tributary),ธาตุนาเวง,7.01,25.5,393.0,3.58,6.54,28.8,1.616,3.282,2.471,133517,46872,43.4,C (พอใช้)
1286,2025-04-23,2568,4,ฤดูแล้ง,BNH07,ลำห้วย (Tributary),งิ้วด่อน,7.09,28.4,376.0,5.13,3.38,11.7,0.668,1.957,1.146,3886,2316,66.7,B (ดี)
1287,2024-08-16,2567,8,ฤดูฝน,BNH05,ลำห้วย (Tributary),ม่วงลาย,7.48,31.5,347.0,6.53,3.42,14.7,0.522,1.96,1.075,11073,5513,74.1,B (ดี)
1288,2024-06-05,2567,6,ฤดูฝน,BNH05,ลำห้วย (Tributary),ม่วงลาย,7.88,31.3,339.0,5.31,3.74,19.0,0.41,1.988,2.191,31757,12262,63.7,B (ดี)
1289,2024-05-22,2567,5,ฤดูแล้ง,NHK07,หนองหาร (Lake),บ้านแป้น,7.72,28.1,200.0,5.29,2.15,6.0,0.178,0.61,0.309,6105,2492,78.9,B (ดี)
1290,2025-01-07,2568,1,ฤดูแล้ง,NHK04,หนองหาร (Lake),เชียงเครือ,7.65,24.6,213.0,5.55,2.13,15.8,0.415,0.604,0.463,1580,316,78.0,B (ดี)
1291,2024-11-15,2567,11,ฤดูแล้ง,NHK10,หนองหาร (Lake),งิ้วด่อน,6.85,24.2,237.0,6.96,2.19,10.6,0.153,0.632,0.318,2047,1125,86.4,A (ดีมาก)
1292,2025-03-17,2568,3,ฤดูแล้ง,NHK06,หนองหาร (Lake),บ้านแป้น,7.34,24.3,237.0,6.75,2.13,6.1,0.199,1.017,0.397,4169,1729,83.5,A (ดีมาก)
1293,2025-09-03,2568,9,ฤดูฝน,NHK09,หนองหาร (Lake),เหล่าปอแดง,7.08,30.9,272.0,8.1,0.3,4.0,0.03,0.832,1.08,2819,1453,87.7,A (ดีมาก)
1294,2025-05-03,2568,5,ฤดูแล้ง,NHK02,หนองหาร (Lake),ธาตุนาเวง,7.34,29.3,225.0,4.3,5.5,27.5,1.346,2.219,1.262,4024,2387,57.7,C (พอใช้)
1295,2025-10-17,2568,10,ฤดูฝน,BNH05,ลำห้วย (Tributary),ม่วงลาย,7.49,28.2,354.0,7.02,3.68,15.2,0.554,1.917,1.692,26914,9226,73.2,B (ดี)
1296,2024-12-06,2567,12,ฤดูแล้ง,BNH04,ลำห้วย (Tributary),นาแก้ว,7.29,27.3,405.0,2.73,7.13,31.0,1.761,3.216,2.289,65224,37334,39.9,D (เสื่อมโทรม)
1297,2025-01-13,2568,1,ฤดูแล้ง,NHK03,หนองหาร (Lake),ฮางโฮง,7.26,27.3,254.0,6.28,1.23,8.8,0.426,1.039,0.469,13625,3378,79.7,B (ดี)
1298,2024-04-14,2567,4,ฤดูแล้ง,BNH01,ลำห้วย (Tributary),ธาตุนาเวง,6.65,28.6,460.0,2.83,4.94,17.0,1.683,3.111,2.188,15556,9258,41.7,C (พอใช้)
1299,2025-12-03,2568,12,ฤดูแล้ง,NHK04,หนองหาร (Lake),เชียงเครือ,6.79,24.3,217.0,6.51,1.45,4.0,0.194,1.748,1.068,7371,3416,76.7,B (ดี)
1300,2025-02-12,2568,2,ฤดูแล้ง,BNH08,ลำห้วย (Tributary),เมืองสกลนคร,7.07,27.2,445.0,3.52,6.93,36.1,1.509,3.331,2.388,19241,11004,44.0,C (พอใช้)
1301,2024-07-26,2567,7,ฤดูฝน,NHK08,หนองหาร (Lake),นาตงวัฒนา,7.01,30.7,202.0,7.95,0.74,4.0,0.01,0.846,0.296,4337,1692,91.0,A (ดีมาก)
1302,2025-05-30,2568,5,ฤดูแล้ง,BNH04,ลำห้วย (Tributary),นาแก้ว,7.67,28.1,341.0,4.16,6.89,24.7,1.531,3.39,2.396,66472,27334,46.5,C (พอใช้)
1303,2025-10-06,2568,10,ฤดูฝน,NHK02,หนองหาร (Lake),ธาตุนาเวง,6.97,27.4,288.0,5.13,3.84,16.2,1.127,2.014,1.508,25099,14331,62.1,B (ดี)
1304,2025-07-24,2568,7,ฤดูฝน,NHK05,หนองหาร (Lake),ท่าแร่,7.31,30.3,171.0,8.32,1.51,7.3,0.01,1.075,0.438,1526,354,91.1,A (ดีมาก)
1305,2024-11-20,2567,11,ฤดูแล้ง,BNH05,ลำห้วย (Tributary),ม่วงลาย,6.86,27.0,278.0,5.04,3.92,15.4,1.217,1.94,1.088,5621,2432,63.6,B (ดี)
1306,2024-08-27,2567,8,ฤดูฝน,NHK05,หนองหาร (Lake),ท่าแร่,6.82,29.7,246.0,8.52,0.67,4.0,0.01,0.988,0.206,3870,2285,93.5,A (ดีมาก)
1307,2025-11-07,2568,11,ฤดูแล้ง,NHK08,หนองหาร (Lake),นาตงวัฒนา,6.91,27.3,224.0,7.07,1.4,4.0,0.135,0.753,0.172,6022,1575,87.3,A (ดีมาก)
1308,2024-07-15,2567,7,ฤดูฝน,NHK06,หนองหาร (Lake),บ้านแป้น,7.77,30.5,257.0,7.18,0.3,4.0,0.01,1.457,1.211,5657,2538,80.9,A (ดีมาก)
1309,2025-05-27,2568,5,ฤดูแล้ง,BNH08,ลำห้วย (Tributary),เมืองสกลนคร,6.52,29.4,371.0,3.14,6.4,30.3,1.541,3.582,2.429,225645,100363,41.1,C (พอใช้)
1310,2024-10-02,2567,10,ฤดูฝน,NHK04,หนองหาร (Lake),เชียงเครือ,7.1,26.1,289.0,7.58,0.83,9.0,0.01,0.644,0.247,2301,570,90.2,A (ดีมาก)
1311,2025-12-09,2568,12,ฤดูแล้ง,NHK07,หนองหาร (Lake),บ้านแป้น,7.08,24.7,207.0,6.11,1.27,5.6,0.149,0.704,0.539,1170,326,81.3,A (ดีมาก)
1312,2024-12-29,2567,12,ฤดูแล้ง,NHK06,หนองหาร (Lake),บ้านแป้น,7.02,27.0,225.0,6.8,1.32,9.4,0.235,0.687,0.151,1256,539,85.8,A (ดีมาก)
1313,2024-09-08,2567,9,ฤดูฝน,NHK05,หนองหาร (Lake),ท่าแร่,6.63,28.9,190.0,8.15,0.63,4.0,0.01,1.253,0.622,3378,1383,88.9,A (ดีมาก)
1314,2024-01-23,2567,1,ฤดูแล้ง,NHK07,หนองหาร (Lake),บ้านแป้น,7.63,22.8,243.0,7.09,1.46,9.2,0.197,0.703,0.276,1416,452,86.7,A (ดีมาก)
1315,2025-03-27,2568,3,ฤดูแล้ง,NHK10,หนองหาร (Lake),งิ้วด่อน,7.0,26.1,189.0,5.65,0.87,18.2,0.137,0.635,0.194,20270,12014,81.2,A (ดีมาก)
1316,2025-09-22,2568,9,ฤดูฝน,NHK05,หนองหาร (Lake),ท่าแร่,6.79,28.1,256.0,7.13,0.3,4.0,0.351,1.021,0.159,1570,549,85.5,A (ดีมาก)
1317,2024-01-13,2567,1,ฤดูแล้ง,NHK03,หนองหาร (Lake),ฮางโฮง,6.83,24.8,177.0,7.32,2.44,4.0,0.131,0.683,0.177,2697,997,88.6,A (ดีมาก)
1318,2024-03-02,2567,3,ฤดูแล้ง,NHK05,หนองหาร (Lake),ท่าแร่,7.32,25.4,182.0,7.86,1.5,12.9,0.104,0.621,0.285,13252,7570,90.8,A (ดีมาก)
1319,2025-08-01,2568,8,ฤดูฝน,NHK05,หนองหาร (Lake),ท่าแร่,6.5,30.8,263.0,6.4,0.3,8.3,0.18,2.403,1.312,7127,1474,72.8,B (ดี)
1320,2025-05-15,2568,5,ฤดูแล้ง,NHK08,หนองหาร (Lake),นาตงวัฒนา,7.04,29.3,239.0,7.59,2.92,9.4,0.463,1.016,0.19,6001,1393,86.8,A (ดีมาก)
1321,2025-04-02,2568,4,ฤดูแล้ง,BNH02,ลำห้วย (Tributary),เชียงเครือ,7.17,27.3,369.0,5.55,3.85,13.9,0.93,2.036,1.5,6586,2958,65.1,B (ดี)
1322,2024-12-07,2567,12,ฤดูแล้ง,NHK01,หนองหาร (Lake),เมืองสกลนคร,7.31,26.2,168.0,6.8,1.86,13.5,0.224,0.622,0.501,14518,3066,84.4,A (ดีมาก)
1323,2024-06-13,2567,6,ฤดูฝน,BNH07,ลำห้วย (Tributary),งิ้วด่อน,7.7,31.1,375.0,7.12,4.38,19.4,0.6,2.139,1.121,9053,3686,75.5,B (ดี)
1324,2025-12-15,2568,12,ฤดูแล้ง,BNH01,ลำห้วย (Tributary),ธาตุนาเวง,7.48,24.8,341.0,2.15,6.93,23.7,2.213,3.796,2.472,55508,27302,31.9,D (เสื่อมโทรม)
1325,2025-03-16,2568,3,ฤดูแล้ง,NHK01,หนองหาร (Lake),เมืองสกลนคร,7.45,25.8,204.0,7.66,0.48,9.0,0.721,0.84,0.239,7187,3846,85.9,A (ดีมาก)
1326,2025-03-19,2568,3,ฤดูแล้ง,NHK01,หนองหาร (Lake),เมืองสกลนคร,6.85,26.3,273.0,6.74,2.26,5.8,0.135,0.909,0.363,13710,5820,84.3,A (ดีมาก)
1327,2024-10-05,2567,10,ฤดูฝน,NHK05,หนองหาร (Lake),ท่าแร่,7.02,26.6,212.0,5.45,0.3,4.0,0.014,0.763,0.533,2967,1591,79.0,B (ดี)
1328,2025-04-23,2568,4,ฤดูแล้ง,NHK04,หนองหาร (Lake),เชียงเครือ,7.04,28.9,241.0,6.29,0.3,8.2,0.56,1.007,1.331,665,161,74.7,B (ดี)
1329,2024-11-12,2567,11,ฤดูแล้ง,BNH01,ลำห้วย (Tributary),ธาตุนาเวง,7.31,25.8,347.0,2.29,6.77,31.3,1.562,3.141,2.242,51507,20426,39.6,D (เสื่อมโทรม)
1330,2025-12-18,2568,12,ฤดูแล้ง,NHK05,หนองหาร (Lake),ท่าแร่,7.17,25.0,191.0,6.54,1.03,4.0,0.204,0.81,0.491,2317,941,82.7,A (ดีมาก)
1331,2024-12-20,2567,12,ฤดูแล้ง,NHK02,หนองหาร (Lake),ธาตุนาเวง,7.37,25.3,245.0,4.84,5.63,26.0,1.012,2.519,1.538,31351,6681,59.6,C (พอใช้)
1332,2024-08-04,2567,8,ฤดูฝน,BNH07,ลำห้วย (Tributary),งิ้วด่อน,7.34,31.8,352.0,6.3,3.86,13.6,0.463,2.441,1.079,12134,2466,71.8,B (ดี)
1333,2025-04-05,2568,4,ฤดูแล้ง,NHK01,หนองหาร (Lake),เมืองสกลนคร,7.51,28.6,214.0,5.45,1.37,4.0,0.159,0.739,0.179,3957,838,80.0,B (ดี)
1334,2024-07-10,2567,7,ฤดูฝน,NHK09,หนองหาร (Lake),เหล่าปอแดง,7.04,30.4,180.0,7.32,1.53,4.0,0.045,0.798,0.299,2659,791,88.1,A (ดีมาก)
1335,2025-11-06,2568,11,ฤดูแล้ง,BNH06,ลำห้วย (Tributary),เหล่าปอแดง,7.49,26.5,357.0,4.51,5.03,25.2,0.679,2.361,1.454,8946,4304,61.0,B (ดี)
1336,2025-12-16,2568,12,ฤดูแล้ง,NHK06,หนองหาร (Lake),บ้านแป้น,7.35,24.7,233.0,8.1,0.67,10.2,0.178,0.749,0.364,2692,1293,90.7,A (ดีมาก)
1337,2024-08-25,2567,8,ฤดูฝน,NHK05,หนองหาร (Lake),ท่าแร่,6.67,31.7,184.0,7.99,1.27,5.9,0.115,0.649,0.171,3519,983,91.8,A (ดีมาก)
1338,2025-06-08,2568,6,ฤดูฝน,NHK05,หนองหาร (Lake),ท่าแร่,7.64,30.4,211.0,8.83,0.3,4.0,0.01,0.828,0.351,2728,772,94.7,A (ดีมาก)
1339,2025-06-27,2568,6,ฤดูฝน,BNH02,ลำห้วย (Tributary),เชียงเครือ,7.44,30.6,295.0,6.69,2.07,4.0,0.413,2.082,1.157,44680,13460,74.6,B (ดี)
1340,2025-09-30,2568,9,ฤดูฝน,NHK05,หนองหาร (Lake),ท่าแร่,6.53,29.6,246.0,7.94,0.3,5.1,0.01,0.68,0.187,1442,620,92.0,A (ดีมาก)
1341,2025-03-25,2568,3,ฤดูแล้ง,BNH01,ลำห้วย (Tributary),ธาตุนาเวง,7.01,27.1,355.0,3.79,6.82,35.3,1.539,5.393,2.429,19309,9612,37.9,D (เสื่อมโทรม)
1342,2025-09-28,2568,9,ฤดูฝน,NHK03,หนองหาร (Lake),ฮางโฮง,7.28,30.9,166.0,7.24,2.13,14.7,0.01,0.618,0.212,1726,661,89.0,A (ดีมาก)
1343,2025-06-28,2568,6,ฤดูฝน,NHK09,หนองหาร (Lake),เหล่าปอแดง,7.64,29.6,157.0,7.14,0.63,4.0,0.203,0.725,0.155,2053,1163,87.4,A (ดีมาก)
1344,2024-08-29,2567,8,ฤดูฝน,NHK05,หนองหาร (Lake),ท่าแร่,7.26,30.9,226.0,9.11,0.92,11.4,0.01,1.102,0.364,1328,730,94.9,A (ดีมาก)
1345,2024-06-18,2567,6,ฤดูฝน,BNH06,ลำห้วย (Tributary),เหล่าปอแดง,7.19,30.0,378.0,6.73,3.94,8.5,0.797,2.255,2.4,16532,3948,65.9,B (ดี)
1346,2024-11-17,2567,11,ฤดูแล้ง,NHK03,หนองหาร (Lake),ฮางโฮง,7.3,27.0,203.0,7.39,1.57,9.9,0.42,0.823,0.23,2255,1296,86.6,A (ดีมาก)
1347,2025-01-07,2568,1,ฤดูแล้ง,NHK03,หนองหาร (Lake),ฮางโฮง,6.58,25.3,233.0,6.58,1.55,4.5,0.278,1.02,0.359,5547,2440,82.5,A (ดีมาก)
1348,2024-12-11,2567,12,ฤดูแล้ง,BNH06,ลำห้วย (Tributary),เหล่าปอแดง,7.08,22.8,322.0,5.7,3.81,14.2,0.814,2.791,1.104,17328,8483,65.9,B (ดี)
1349,2024-09-14,2567,9,ฤดูฝน,NHK05,หนองหาร (Lake),ท่าแร่,7.4,31.2,253.0,7.29,0.3,13.9,0.01,0.659,0.513,7286,1919,87.6,A (ดีมาก)
1350,2024-11-01,2567,11,ฤดูแล้ง,NHK06,หนองหาร (Lake),บ้านแป้น,7.13,26.6,233.0,8.15,0.4,4.7,0.147,0.745,0.181,4725,2770,92.0,A (ดีมาก)
1351,2024-11-26,2567,11,ฤดูแล้ง,BNH03,ลำห้วย (Tributary),ท่าแร่,7.28,26.8,485.0,2.38,6.13,34.2,1.812,3.677,3.059,42711,23765,32.7,D (เสื่อมโทรม)
1352,2024-06-22,2567,6,ฤดูฝน,BNH02,ลำห้วย (Tributary),เชียงเครือ,7.29,30.6,340.0,5.43,4.07,18.0,0.492,1.931,1.226,13187,6438,68.7,B (ดี)
1353,2025-07-02,2568,7,ฤดูฝน,BNH08,ลำห้วย (Tributary),เมืองสกลนคร,7.12,32.6,359.0,4.55,6.71,28.0,1.366,3.211,2.333,61100,15165,50.1,C (พอใช้)
1354,2025-12-19,2568,12,ฤดูแล้ง,BNH01,ลำห้วย (Tributary),ธาตุนาเวง,6.68,26.3,379.0,3.1,8.44,46.8,1.939,3.276,2.358,78049,36579,40.0,D (เสื่อมโทรม)
1355,2024-02-27,2567,2,ฤดูแล้ง,BNH03,ลำห้วย (Tributary),ท่าแร่,6.63,26.0,409.0,1.36,8.51,37.3,1.538,3.477,2.163,229027,94832,34.8,D (เสื่อมโทรม)
1356,2025-06-21,2568,6,ฤดูฝน,NHK09,หนองหาร (Lake),เหล่าปอแดง,7.28,28.8,268.0,8.04,1.25,4.0,0.01,0.891,0.202,2409,1261,91.7,A (ดีมาก)
1357,2024-02-15,2567,2,ฤดูแล้ง,NHK09,หนองหาร (Lake),เหล่าปอแดง,6.94,27.9,215.0,6.78,1.67,14.9,0.375,0.959,0.264,1112,331,83.5,A (ดีมาก)
1358,2024-09-25,2567,9,ฤดูฝน,NHK09,หนองหาร (Lake),เหล่าปอแดง,6.48,29.9,259.0,6.94,2.19,4.0,0.161,0.753,0.196,2275,758,86.4,A (ดีมาก)
1359,2024-05-29,2567,5,ฤดูแล้ง,BNH04,ลำห้วย (Tributary),นาแก้ว,6.99,28.2,446.0,3.25,5.78,20.7,1.615,3.286,3.078,140941,56606,38.9,D (เสื่อมโทรม)
1360,2025-10-26,2568,10,ฤดูฝน,NHK06,หนองหาร (Lake),บ้านแป้น,6.98,28.3,203.0,8.46,1.89,7.7,0.261,0.758,0.239,8606,2688,92.4,A (ดีมาก)
1361,2024-08-14,2567,8,ฤดูฝน,NHK09,หนองหาร (Lake),เหล่าปอแดง,6.71,30.8,185.0,8.48,1.12,4.0,0.01,0.685,0.268,3097,1031,94.0,A (ดีมาก)
1362,2024-12-05,2567,12,ฤดูแล้ง,BNH02,ลำห้วย (Tributary),เชียงเครือ,7.18,26.5,307.0,5.3,3.07,16.5,0.626,2.058,1.159,13594,4584,67.3,B (ดี)
1363,2024-06-14,2567,6,ฤดูฝน,NHK08,หนองหาร (Lake),นาตงวัฒนา,7.04,31.7,131.0,7.42,0.3,4.6,0.05,0.735,0.584,9547,3198,87.3,A (ดีมาก)
1364,2024-05-25,2567,5,ฤดูแล้ง,BNH07,ลำห้วย (Tributary),งิ้วด่อน,7.82,31.6,372.0,5.86,4.9,21.0,0.822,1.91,1.062,9940,4063,69.7,B (ดี)
1365,2025-04-19,2568,4,ฤดูแล้ง,NHK10,หนองหาร (Lake),งิ้วด่อน,7.15,27.2,238.0,6.88,1.56,9.5,0.126,1.129,0.3,10688,6316,84.6,A (ดีมาก)
1366,2024-06-22,2567,6,ฤดูฝน,NHK04,หนองหาร (Lake),เชียงเครือ,7.39,29.9,214.0,7.22,1.09,7.4,0.01,0.869,0.276,2791,592,87.8,A (ดีมาก)
1367,2025-07-08,2568,7,ฤดูฝน,NHK05,หนองหาร (Lake),ท่าแร่,6.99,30.3,252.0,6.37,0.3,4.0,0.01,1.072,0.209,3854,1528,83.6,A (ดีมาก)
1368,2025-06-19,2568,6,ฤดูฝน,NHK09,หนองหาร (Lake),เหล่าปอแดง,7.59,30.7,203.0,7.81,0.3,4.0,0.136,0.733,0.559,3491,1049,88.7,A (ดีมาก)
1369,2025-12-09,2568,12,ฤดูแล้ง,BNH03,ลำห้วย (Tributary),ท่าแร่,7.45,22.9,301.0,3.62,6.76,33.3,1.51,3.838,2.786,122044,64943,40.7,C (พอใช้)
1370,2025-05-10,2568,5,ฤดูแล้ง,NHK06,หนองหาร (Lake),บ้านแป้น,7.67,29.0,172.0,7.8,1.4,4.0,0.192,1.007,0.207,1639,732,89.2,A (ดีมาก)
1371,2025-06-06,2568,6,ฤดูฝน,NHK10,หนองหาร (Lake),งิ้วด่อน,7.4,31.6,229.0,6.59,2.33,8.1,0.01,0.681,0.341,5617,3149,85.2,A (ดีมาก)
1372,2024-04-02,2567,4,ฤดูแล้ง,BNH04,ลำห้วย (Tributary),นาแก้ว,7.32,28.2,375.0,2.9,8.25,32.7,1.645,3.347,2.45,33440,19710,40.1,C (พอใช้)
1373,2024-01-23,2567,1,ฤดูแล้ง,NHK01,หนองหาร (Lake),เมืองสกลนคร,7.01,26.5,322.0,5.46,1.97,7.4,0.184,0.971,0.697,2180,707,76.5,B (ดี)
1374,2025-03-25,2568,3,ฤดูแล้ง,BNH05,ลำห้วย (Tributary),ม่วงลาย,7.81,26.4,374.0,6.01,4.29,15.3,0.614,1.906,1.22,12003,6228,70.7,B (ดี)
1375,2025-03-29,2568,3,ฤดูแล้ง,BNH08,ลำห้วย (Tributary),เมืองสกลนคร,7.22,25.4,426.0,3.1,6.49,30.2,1.727,3.375,2.288,63973,28940,41.2,C (พอใช้)
1376,2024-03-09,2567,3,ฤดูแล้ง,BNH05,ลำห้วย (Tributary),ม่วงลาย,7.88,28.0,318.0,5.64,5.03,18.2,0.604,2.297,1.12,19218,5246,68.4,B (ดี)
1377,2025-03-06,2568,3,ฤดูแล้ง,BNH03,ลำห้วย (Tributary),ท่าแร่,6.98,25.4,297.0,2.74,8.14,42.0,1.539,3.353,2.625,55796,27151,39.1,D (เสื่อมโทรม)
1378,2024-09-08,2567,9,ฤดูฝน,BNH06,ลำห้วย (Tributary),เหล่าปอแดง,6.82,32.0,297.0,6.41,3.55,12.5,0.511,2.225,1.27,30185,11659,71.8,B (ดี)
1379,2025-01-21,2568,1,ฤดูแล้ง,BNH07,ลำห้วย (Tributary),งิ้วด่อน,6.96,24.5,323.0,4.87,2.91,18.5,0.761,2.971,1.402,2564,1243,60.4,B (ดี)
1380,2024-07-20,2567,7,ฤดูฝน,BNH03,ลำห้วย (Tributary),ท่าแร่,6.6,30.4,339.0,3.44,6.79,21.0,1.42,3.331,2.173,86083,39249,45.2,C (พอใช้)
1381,2025-11-24,2568,11,ฤดูแล้ง,BNH02,ลำห้วย (Tributary),เชียงเครือ,7.61,26.8,281.0,5.01,3.7,20.7,0.635,1.933,1.121,18639,5788,66.6,B (ดี)
1382,2025-04-23,2568,4,ฤดูแล้ง,NHK04,หนองหาร (Lake),เชียงเครือ,7.62,28.0,285.0,6.41,1.13,4.0,0.135,0.663,0.206,2135,727,84.5,A (ดีมาก)
1383,2025-06-03,2568,6,ฤดูฝน,BNH08,ลำห้วย (Tributary),เมืองสกลนคร,6.83,30.3,362.0,3.77,5.81,18.3,1.527,3.599,2.171,35994,20612,45.2,C (พอใช้)
1384,2025-08-25,2568,8,ฤดูฝน,BNH04,ลำห้วย (Tributary),นาแก้ว,7.42,30.9,360.0,4.67,6.83,34.2,1.679,3.355,2.862,28164,16166,45.7,C (พอใช้)
1385,2024-01-30,2567,1,ฤดูแล้ง,BNH04,ลำห้วย (Tributary),นาแก้ว,6.68,25.0,414.0,2.6,5.84,27.7,1.665,4.466,2.168,157638,78130,36.3,D (เสื่อมโทรม)
1386,2024-03-30,2567,3,ฤดูแล้ง,NHK05,หนองหาร (Lake),ท่าแร่,7.04,24.8,243.0,7.3,0.45,4.0,0.433,0.994,0.848,4114,2312,82.4,A (ดีมาก)
1387,2024-07-05,2567,7,ฤดูฝน,BNH02,ลำห้วย (Tributary),เชียงเครือ,6.85,31.8,312.0,5.29,3.39,18.5,0.482,2.163,1.187,15400,4478,67.6,B (ดี)
1388,2024-12-01,2567,12,ฤดูแล้ง,BNH05,ลำห้วย (Tributary),ม่วงลาย,7.24,25.6,294.0,4.8,3.44,17.9,0.68,2.227,1.112,12896,3232,64.5,B (ดี)
1389,2025-10-02,2568,10,ฤดูฝน,BNH05,ลำห้วย (Tributary),ม่วงลาย,7.49,29.0,315.0,7.53,2.55,9.4,0.463,2.165,1.191,9902,5157,77.6,B (ดี)
1390,2025-06-24,2568,6,ฤดูฝน,NHK01,หนองหาร (Lake),เมืองสกลนคร,6.58,29.7,263.0,6.23,0.57,4.0,0.107,1.562,0.31,420,195,80.3,A (ดีมาก)
1391,2024-12-31,2567,12,ฤดูแล้ง,BNH07,ลำห้วย (Tributary),งิ้วด่อน,8.44,23.4,270.0,4.85,5.93,19.1,0.783,2.394,1.322,5624,1794,62.5,B (ดี)
1392,2024-10-06,2567,10,ฤดูฝน,NHK07,หนองหาร (Lake),บ้านแป้น,6.95,28.0,259.0,6.97,0.3,4.0,0.01,1.217,1.398,11015,3014,79.9,B (ดี)
1393,2024-08-23,2567,8,ฤดูฝน,BNH08,ลำห้วย (Tributary),เมืองสกลนคร,7.19,30.1,369.0,4.39,6.06,27.6,1.308,3.372,2.255,48018,28400,49.5,C (พอใช้)
1394,2025-12-07,2568,12,ฤดูแล้ง,NHK04,หนองหาร (Lake),เชียงเครือ,7.02,24.6,262.0,6.96,0.3,4.0,0.163,0.635,1.306,7958,3731,81.4,A (ดีมาก)
1395,2025-04-26,2568,4,ฤดูแล้ง,BNH02,ลำห้วย (Tributary),เชียงเครือ,7.59,27.6,307.0,5.89,5.15,30.4,0.649,2.019,1.858,10548,2375,66.4,B (ดี)
1396,2024-03-22,2567,3,ฤดูแล้ง,BNH08,ลำห้วย (Tributary),เมืองสกลนคร,7.12,28.9,354.0,3.19,7.46,37.2,1.606,4.165,2.382,40857,10871,39.2,D (เสื่อมโทรม)
1397,2024-09-21,2567,9,ฤดูฝน,BNH05,ลำห้วย (Tributary),ม่วงลาย,7.13,29.5,324.0,5.94,3.36,18.7,0.864,2.74,1.217,40810,24352,66.3,B (ดี)
1398,2024-01-16,2567,1,ฤดูแล้ง,NHK02,หนองหาร (Lake),ธาตุนาเวง,7.34,25.2,282.0,4.85,4.83,15.7,1.358,1.881,1.947,6212,1547,57.8,C (พอใช้)
1399,2025-11-30,2568,11,ฤดูแล้ง,NHK08,หนองหาร (Lake),นาตงวัฒนา,7.52,27.2,203.0,6.1,1.88,9.0,0.241,0.906,0.339,1459,320,81.0,A (ดีมาก)
1400,2024-06-06,2567,6,ฤดูฝน,NHK02,หนองหาร (Lake),ธาตุนาเวง,6.69,31.0,284.0,5.33,4.02,11.7,0.946,1.843,1.901,70478,23488,62.6,B (ดี)
1401,2024-08-26,2567,8,ฤดูฝน,NHK10,หนองหาร (Lake),งิ้วด่อน,7.93,32.1,216.0,7.87,1.25,4.0,0.01,0.745,0.303,6066,1947,90.9,A (ดีมาก)
1402,2025-12-28,2568,12,ฤดูแล้ง,BNH01,ลำห้วย (Tributary),ธาตุนาเวง,7.16,26.7,370.0,3.06,6.34,40.3,1.62,3.4,2.288,42942,16222,41.6,C (พอใช้)
1403,2024-05-06,2567,5,ฤดูแล้ง,BNH02,ลำห้วย (Tributary),เชียงเครือ,6.99,29.2,322.0,4.64,2.44,4.0,0.634,2.225,1.154,8470,1960,63.8,B (ดี)
1404,2025-06-20,2568,6,ฤดูฝน,BNH04,ลำห้วย (Tributary),นาแก้ว,6.89,33.2,426.0,3.94,4.58,15.3,1.519,3.179,2.183,41865,9557,47.3,C (พอใช้)
1405,2025-09-06,2568,9,ฤดูฝน,BNH03,ลำห้วย (Tributary),ท่าแร่,7.46,27.4,408.0,4.14,5.41,26.5,1.595,3.232,2.387,102513,59281,46.6,C (พอใช้)
1406,2025-03-07,2568,3,ฤดูแล้ง,BNH04,ลำห้วย (Tributary),นาแก้ว,7.44,25.1,402.0,1.48,7.54,32.9,1.519,3.224,2.282,11782,4819,35.7,D (เสื่อมโทรม)
1407,2025-12-17,2568,12,ฤดูแล้ง,BNH08,ลำห้วย (Tributary),เมืองสกลนคร,7.03,24.5,394.0,3.77,7.94,27.8,1.509,3.324,2.353,47424,27456,45.3,C (พอใช้)
1408,2025-07-06,2568,7,ฤดูฝน,BNH08,ลำห้วย (Tributary),เมืองสกลนคร,6.9,32.5,423.0,3.5,7.03,30.3,1.453,3.141,2.202,18447,9526,45.8,C (พอใช้)
1409,2025-10-01,2568,10,ฤดูฝน,BNH03,ลำห้วย (Tributary),ท่าแร่,7.15,28.9,360.0,3.89,6.71,35.4,1.421,3.29,2.456,100930,20219,45.9,C (พอใช้)
1410,2025-10-04,2568,10,ฤดูฝน,NHK07,หนองหาร (Lake),บ้านแป้น,7.3,31.5,249.0,7.74,1.18,4.0,0.245,0.969,0.371,1991,499,87.9,A (ดีมาก)
1411,2024-07-03,2567,7,ฤดูฝน,NHK07,หนองหาร (Lake),บ้านแป้น,7.49,31.5,298.0,8.12,1.54,4.0,0.01,0.619,0.875,7491,2891,89.6,A (ดีมาก)
1412,2024-06-04,2567,6,ฤดูฝน,BNH07,ลำห้วย (Tributary),งิ้วด่อน,7.47,31.7,348.0,5.44,3.54,23.8,0.472,2.06,1.08,24127,12800,69.2,B (ดี)
1413,2024-07-04,2567,7,ฤดูฝน,NHK03,หนองหาร (Lake),ฮางโฮง,7.43,30.8,227.0,7.34,0.3,4.0,0.086,1.418,0.228,5767,1361,86.3,A (ดีมาก)
1414,2024-01-17,2567,1,ฤดูแล้ง,NHK10,หนองหาร (Lake),งิ้วด่อน,7.17,25.2,255.0,5.99,2.11,4.0,0.144,0.87,0.19,2714,1043,82.0,A (ดีมาก)
1415,2024-07-11,2567,7,ฤดูฝน,NHK06,หนองหาร (Lake),บ้านแป้น,7.24,32.5,230.0,8.18,0.36,4.0,0.01,0.768,0.315,4918,2271,92.2,A (ดีมาก)
1416,2025-02-24,2568,2,ฤดูแล้ง,BNH02,ลำห้วย (Tributary),เชียงเครือ,6.99,27.6,338.0,5.85,3.92,12.0,0.655,2.263,1.705,5409,2333,66.2,B (ดี)
1417,2025-10-21,2568,10,ฤดูฝน,NHK10,หนองหาร (Lake),งิ้วด่อน,7.98,27.9,266.0,7.67,0.67,4.0,0.502,0.707,0.302,9150,5152,87.4,A (ดีมาก)
1418,2024-10-26,2567,10,ฤดูฝน,BNH05,ลำห้วย (Tributary),ม่วงลาย,7.57,27.4,361.0,5.77,3.11,4.0,0.505,2.464,1.668,8873,3120,66.2,B (ดี)
1419,2025-12-02,2568,12,ฤดูแล้ง,BNH06,ลำห้วย (Tributary),เหล่าปอแดง,7.15,23.9,276.0,6.16,2.76,18.2,0.687,1.909,1.121,13832,5293,71.5,B (ดี)
1420,2024-09-01,2567,9,ฤดูฝน,BNH07,ลำห้วย (Tributary),งิ้วด่อน,7.15,28.4,288.0,5.92,2.6,13.4,0.466,2.316,1.488,14048,6649,68.5,B (ดี)
1421,2024-09-26,2567,9,ฤดูฝน,BNH07,ลำห้วย (Tributary),งิ้วด่อน,7.49,30.2,309.0,6.03,1.44,10.6,0.812,3.025,1.082,32289,17591,66.7,B (ดี)
1422,2024-02-09,2567,2,ฤดูแล้ง,NHK04,หนองหาร (Lake),เชียงเครือ,7.4,25.5,211.0,6.39,1.05,4.0,0.643,0.707,0.293,2407,763,80.9,A (ดีมาก)
1423,2024-06-04,2567,6,ฤดูฝน,NHK08,หนองหาร (Lake),นาตงวัฒนา,7.48,30.7,287.0,7.13,0.71,12.6,0.01,0.905,0.153,5931,2102,87.8,A (ดีมาก)
1424,2025-02-09,2568,2,ฤดูแล้ง,NHK07,หนองหาร (Lake),บ้านแป้น,7.25,26.1,215.0,6.24,2.9,6.7,0.307,0.68,0.206,2306,1121,82.7,A (ดีมาก)
1425,2024-06-04,2567,6,ฤดูฝน,BNH08,ลำห้วย (Tributary),เมืองสกลนคร,7.3,29.2,399.0,5.02,5.72,23.9,1.53,3.219,2.29,134103,55518,51.4,C (พอใช้)
1426,2024-02-28,2567,2,ฤดูแล้ง,NHK02,หนองหาร (Lake),ธาตุนาเวง,7.27,24.5,285.0,4.35,4.1,21.1,1.151,1.86,1.493,4601,1063,59.1,C (พอใช้)
1427,2024-08-15,2567,8,ฤดูฝน,NHK06,หนองหาร (Lake),บ้านแป้น,7.1,30.9,191.0,9.13,0.5,5.3,0.231,1.307,0.42,5819,2090,92.8,A (ดีมาก)
1428,2024-08-11,2567,8,ฤดูฝน,BNH08,ลำห้วย (Tributary),เมืองสกลนคร,6.95,32.0,339.0,2.77,6.74,25.3,1.436,3.573,2.759,134856,47380,38.4,D (เสื่อมโทรม)
1429,2025-07-25,2568,7,ฤดูฝน,NHK09,หนองหาร (Lake),เหล่าปอแดง,7.03,31.0,211.0,6.86,2.08,15.7,0.129,0.604,0.208,871,176,86.7,A (ดีมาก)
1430,2025-12-21,2568,12,ฤดูแล้ง,NHK01,หนองหาร (Lake),เมืองสกลนคร,7.3,24.2,196.0,7.18,1.85,4.0,0.848,1.009,0.365,2428,927,81.9,A (ดีมาก)
1431,2025-05-27,2568,5,ฤดูแล้ง,NHK02,หนองหาร (Lake),ธาตุนาเวง,6.78,31.1,289.0,4.8,5.08,28.3,1.067,1.921,1.597,13690,4277,60.9,B (ดี)
1432,2024-07-27,2567,7,ฤดูฝน,BNH03,ลำห้วย (Tributary),ท่าแร่,6.8,30.9,316.0,3.4,5.75,21.0,1.365,3.119,2.43,71167,18273,44.7,C (พอใช้)
1433,2025-01-06,2568,1,ฤดูแล้ง,NHK04,หนองหาร (Lake),เชียงเครือ,6.78,24.8,174.0,7.04,1.72,8.1,0.271,0.906,0.741,6728,2450,83.0,A (ดีมาก)
1434,2024-06-04,2567,6,ฤดูฝน,NHK05,หนองหาร (Lake),ท่าแร่,6.96,29.0,249.0,8.09,0.85,4.0,0.01,0.64,0.266,1083,552,92.4,A (ดีมาก)
1435,2025-11-02,2568,11,ฤดูแล้ง,NHK07,หนองหาร (Lake),บ้านแป้น,7.53,28.0,270.0,5.49,1.79,7.9,0.383,0.645,0.192,2945,1712,79.1,B (ดี)
1436,2024-10-11,2567,10,ฤดูฝน,NHK07,หนองหาร (Lake),บ้านแป้น,6.51,28.2,229.0,8.41,2.11,6.5,0.546,1.562,0.572,5669,3298,86.2,A (ดีมาก)
1437,2025-12-26,2568,12,ฤดูแล้ง,NHK05,หนองหาร (Lake),ท่าแร่,7.01,26.6,193.0,6.93,2.32,9.7,0.284,0.695,0.154,2895,1290,86.1,A (ดีมาก)
1438,2025-08-05,2568,8,ฤดูฝน,BNH05,ลำห้วย (Tributary),ม่วงลาย,7.44,29.9,346.0,6.69,3.36,14.0,0.497,2.048,1.354,15515,3636,73.3,B (ดี)
1439,2025-09-14,2568,9,ฤดูฝน,NHK08,หนองหาร (Lake),นาตงวัฒนา,7.38,30.4,264.0,7.87,1.18,12.8,0.237,0.693,0.438,3527,1525,89.1,A (ดีมาก)
1440,2025-07-01,2568,7,ฤดูฝน,NHK02,หนองหาร (Lake),ธาตุนาเวง,7.05,30.8,266.0,4.79,2.96,15.2,0.82,2.912,1.521,2910,700,59.3,C (พอใช้)
1441,2024-05-15,2567,5,ฤดูแล้ง,NHK01,หนองหาร (Lake),เมืองสกลนคร,6.99,29.7,197.0,6.92,1.24,4.0,0.284,1.446,0.847,6345,1512,80.1,A (ดีมาก)
1442,2024-03-31,2567,3,ฤดูแล้ง,NHK07,หนองหาร (Lake),บ้านแป้น,7.44,27.0,281.0,6.46,1.28,4.0,0.135,0.817,0.274,7422,3285,83.9,A (ดีมาก)
1443,2025-01-01,2568,1,ฤดูแล้ง,NHK04,หนองหาร (Lake),เชียงเครือ,7.86,23.4,277.0,5.99,1.91,15.6,0.131,1.491,0.258,4016,2321,79.6,B (ดี)
1444,2025-01-26,2568,1,ฤดูแล้ง,NHK08,หนองหาร (Lake),นาตงวัฒนา,6.84,24.7,243.0,7.38,1.17,13.9,0.16,0.818,0.195,1986,820,88.2,A (ดีมาก)
1445,2025-08-28,2568,8,ฤดูฝน,NHK09,หนองหาร (Lake),เหล่าปอแดง,7.05,31.7,227.0,8.2,0.3,13.0,0.01,1.285,0.202,3363,918,91.1,A (ดีมาก)
1446,2025-04-30,2568,4,ฤดูแล้ง,NHK10,หนองหาร (Lake),งิ้วด่อน,6.87,28.9,282.0,7.06,0.56,4.0,0.288,1.179,0.392,3008,1612,83.8,A (ดีมาก)
1447,2024-02-29,2567,2,ฤดูแล้ง,BNH06,ลำห้วย (Tributary),เหล่าปอแดง,7.94,24.1,378.0,5.3,4.43,26.3,0.709,2.081,1.142,41910,21514,66.9,B (ดี)
1448,2024-06-13,2567,6,ฤดูฝน,BNH01,ลำห้วย (Tributary),ธาตุนาเวง,6.61,30.1,388.0,3.86,6.21,23.5,1.334,3.151,2.296,112423,46578,47.5,C (พอใช้)
1449,2025-08-26,2568,8,ฤดูฝน,BNH05,ลำห้วย (Tributary),ม่วงลาย,7.18,30.6,307.0,7.25,3.68,14.9,0.631,3.045,2.067,16074,7954,68.1,B (ดี)
1450,2024-01-14,2567,1,ฤดูแล้ง,NHK06,หนองหาร (Lake),บ้านแป้น,7.53,25.2,204.0,7.84,1.51,5.5,0.17,0.665,0.315,1240,498,90.1,A (ดีมาก)
1451,2025-09-09,2568,9,ฤดูฝน,NHK03,หนองหาร (Lake),ฮางโฮง,6.99,29.5,195.0,7.88,0.51,12.9,0.257,0.863,0.4,2302,1122,88.7,A (ดีมาก)
1452,2025-01-22,2568,1,ฤดูแล้ง,NHK08,หนองหาร (Lake),นาตงวัฒนา,7.77,25.7,260.0,6.81,1.82,14.7,0.337,0.663,0.156,2493,838,85.4,A (ดีมาก)
1453,2024-08-22,2567,8,ฤดูฝน,NHK05,หนองหาร (Lake),ท่าแร่,7.74,30.5,304.0,8.05,0.3,4.0,0.024,0.867,0.394,4671,1545,90.8,A (ดีมาก)
1454,2024-08-27,2567,8,ฤดูฝน,BNH07,ลำห้วย (Tributary),งิ้วด่อน,7.1,29.2,325.0,5.52,4.08,15.9,0.507,1.906,1.211,8771,4486,69.2,B (ดี)
1455,2024-06-12,2567,6,ฤดูฝน,BNH01,ลำห้วย (Tributary),ธาตุนาเวง,6.78,27.8,400.0,4.55,4.34,20.5,1.332,3.921,2.773,38297,14968,45.7,C (พอใช้)
1456,2025-11-12,2568,11,ฤดูแล้ง,BNH03,ลำห้วย (Tributary),ท่าแร่,7.56,26.6,404.0,4.19,8.78,37.6,1.66,3.308,2.297,58885,22565,46.6,C (พอใช้)
1457,2024-11-03,2567,11,ฤดูแล้ง,NHK01,หนองหาร (Lake),เมืองสกลนคร,7.05,24.8,268.0,7.39,1.41,7.8,0.107,0.803,0.197,12837,2577,88.6,A (ดีมาก)
1458,2025-05-01,2568,5,ฤดูแล้ง,BNH02,ลำห้วย (Tributary),เชียงเครือ,7.06,29.8,314.0,3.86,3.82,20.0,1.024,2.299,1.572,16854,5041,55.8,C (พอใช้)
1459,2024-02-16,2567,2,ฤดูแล้ง,BNH05,ลำห้วย (Tributary),ม่วงลาย,7.68,26.2,324.0,5.48,3.44,20.0,0.711,2.352,1.129,5131,2812,66.8,B (ดี)
1460,2025-08-29,2568,8,ฤดูฝน,NHK01,หนองหาร (Lake),เมืองสกลนคร,7.2,32.8,248.0,7.98,0.72,25.7,0.01,0.801,0.307,2293,1217,91.2,A (ดีมาก)
1461,2024-03-10,2567,3,ฤดูแล้ง,NHK09,หนองหาร (Lake),เหล่าปอแดง,6.76,23.9,246.0,6.87,1.63,6.4,0.11,0.935,0.24,2626,904,85.6,A (ดีมาก)
1462,2024-01-05,2567,1,ฤดูแล้ง,NHK10,หนองหาร (Lake),งิ้วด่อน,7.46,24.5,231.0,5.64,1.37,4.4,0.347,1.262,0.162,4401,1325,78.1,B (ดี)
1463,2025-06-18,2568,6,ฤดูฝน,BNH03,ลำห้วย (Tributary),ท่าแร่,7.27,30.0,303.0,3.73,5.75,20.9,1.384,3.136,2.179,16195,9081,47.3,C (พอใช้)
1464,2024-02-06,2567,2,ฤดูแล้ง,NHK07,หนองหาร (Lake),บ้านแป้น,7.13,25.5,317.0,7.09,3.22,19.5,0.172,0.956,0.494,2860,1032,84.9,A (ดีมาก)
1465,2025-07-14,2568,7,ฤดูฝน,NHK09,หนองหาร (Lake),เหล่าปอแดง,7.29,31.2,257.0,6.8,1.14,10.9,0.096,2.001,0.828,3479,2052,78.9,B (ดี)
1466,2025-10-03,2568,10,ฤดูฝน,NHK08,หนองหาร (Lake),นาตงวัฒนา,7.84,29.8,257.0,7.97,2.22,12.2,0.01,0.951,0.485,4782,2138,89.8,A (ดีมาก)
1467,2024-10-22,2567,10,ฤดูฝน,NHK09,หนองหาร (Lake),เหล่าปอแดง,7.17,28.4,198.0,8.74,0.3,4.0,0.01,0.818,0.256,4132,2406,94.8,A (ดีมาก)
1468,2025-03-12,2568,3,ฤดูแล้ง,BNH01,ลำห้วย (Tributary),ธาตุนาเวง,6.92,25.1,410.0,2.83,8.2,32.7,1.533,3.852,2.368,29461,11275,39.1,D (เสื่อมโทรม)
1469,2025-09-10,2568,9,ฤดูฝน,BNH06,ลำห้วย (Tributary),เหล่าปอแดง,6.61,29.3,276.0,7.42,2.52,10.1,0.771,2.028,1.222,10307,5388,75.7,B (ดี)
1470,2025-08-23,2568,8,ฤดูฝน,NHK10,หนองหาร (Lake),งิ้วด่อน,7.1,30.8,217.0,7.73,0.82,4.0,0.01,0.833,0.313,1478,657,89.9,A (ดีมาก)
1471,2024-10-16,2567,10,ฤดูฝน,NHK08,หนองหาร (Lake),นาตงวัฒนา,7.21,27.3,220.0,7.87,0.3,4.0,0.062,0.746,0.2,12247,4756,91.1,A (ดีมาก)
1472,2024-12-26,2567,12,ฤดูแล้ง,BNH06,ลำห้วย (Tributary),เหล่าปอแดง,7.93,26.5,308.0,4.49,4.55,17.1,0.847,2.06,1.2,8314,2075,62.3,B (ดี)
1473,2025-01-05,2568,1,ฤดูแล้ง,BNH04,ลำห้วย (Tributary),นาแก้ว,6.97,25.8,354.0,5.14,6.37,31.6,1.647,3.646,2.515,37570,8422,48.7,C (พอใช้)
1474,2025-06-09,2568,6,ฤดูฝน,BNH08,ลำห้วย (Tributary),เมืองสกลนคร,6.9,30.6,377.0,3.38,5.23,23.6,1.418,3.109,2.565,9342,3949,43.7,C (พอใช้)
1475,2024-02-25,2567,2,ฤดูแล้ง,BNH05,ลำห้วย (Tributary),ม่วงลาย,7.38,24.6,362.0,4.74,3.39,12.7,0.611,1.919,1.095,9944,2914,65.7,B (ดี)
1476,2024-06-25,2567,6,ฤดูฝน,NHK10,หนองหาร (Lake),งิ้วด่อน,6.86,30.2,202.0,7.87,0.64,4.0,0.23,0.938,0.168,4956,2353,89.7,A (ดีมาก)
1477,2024-01-09,2567,1,ฤดูแล้ง,BNH05,ลำห้วย (Tributary),ม่วงลาย,7.37,24.4,280.0,4.92,3.47,21.8,0.678,2.244,1.231,19377,10490,64.4,B (ดี)
1478,2025-01-23,2568,1,ฤดูแล้ง,NHK07,หนองหาร (Lake),บ้านแป้น,7.24,22.7,284.0,6.21,0.7,4.0,0.22,1.489,0.696,8480,3372,77.9,B (ดี)
1479,2025-04-21,2568,4,ฤดูแล้ง,BNH05,ลำห้วย (Tributary),ม่วงลาย,7.13,29.1,310.0,5.22,3.52,16.7,0.824,2.574,1.231,7840,4042,63.8,B (ดี)
1480,2024-08-26,2567,8,ฤดูฝน,NHK07,หนองหาร (Lake),บ้านแป้น,7.44,28.3,184.0,8.26,1.01,4.0,0.01,0.625,0.416,3708,1800,92.5,A (ดีมาก)
1481,2025-07-19,2568,7,ฤดูฝน,BNH08,ลำห้วย (Tributary),เมืองสกลนคร,6.87,32.0,451.0,3.78,6.88,25.1,1.45,4.192,2.299,48631,20239,43.1,C (พอใช้)
1482,2024-04-17,2567,4,ฤดูแล้ง,NHK08,หนองหาร (Lake),นาตงวัฒนา,7.38,30.2,189.0,5.19,1.95,11.5,0.124,0.89,0.296,2403,734,77.9,B (ดี)
1483,2024-09-13,2567,9,ฤดูฝน,BNH03,ลำห้วย (Tributary),ท่าแร่,6.86,29.6,372.0,3.04,5.76,19.7,1.319,3.842,2.326,60788,27245,41.6,C (พอใช้)
1484,2024-07-16,2567,7,ฤดูฝน,NHK01,หนองหาร (Lake),เมืองสกลนคร,7.35,31.3,264.0,8.32,0.78,4.0,0.749,0.698,0.445,5266,2276,88.1,A (ดีมาก)
1485,2024-03-09,2567,3,ฤดูแล้ง,BNH01,ลำห้วย (Tributary),ธาตุนาเวง,6.66,27.5,332.0,3.21,6.99,42.8,1.673,3.763,2.654,49587,12061,38.9,D (เสื่อมโทรม)
1486,2024-06-21,2567,6,ฤดูฝน,BNH08,ลำห้วย (Tributary),เมืองสกลนคร,6.89,30.4,405.0,3.14,6.52,27.8,1.422,3.449,2.637,30612,17540,41.2,C (พอใช้)
1487,2024-06-04,2567,6,ฤดูฝน,BNH06,ลำห้วย (Tributary),เหล่าปอแดง,7.22,31.8,313.0,7.11,2.49,4.0,0.418,2.937,1.196,33053,16721,73.5,B (ดี)
1488,2025-01-09,2568,1,ฤดูแล้ง,NHK08,หนองหาร (Lake),นาตงวัฒนา,7.32,24.1,224.0,7.79,1.57,4.2,0.254,0.705,0.194,3493,1825,89.9,A (ดีมาก)
1489,2024-01-31,2567,1,ฤดูแล้ง,BNH08,ลำห้วย (Tributary),เมืองสกลนคร,7.4,25.3,301.0,3.94,7.2,27.9,1.7,3.473,2.227,51609,12117,45.1,C (พอใช้)
1490,2025-01-16,2568,1,ฤดูแล้ง,NHK08,หนองหาร (Lake),นาตงวัฒนา,7.23,25.2,221.0,7.0,0.35,4.0,0.165,1.286,0.221,4052,2233,84.8,A (ดีมาก)
1491,2025-10-29,2568,10,ฤดูฝน,BNH08,ลำห้วย (Tributary),เมืองสกลนคร,7.34,26.6,393.0,4.91,6.23,14.0,1.365,3.43,2.23,22297,5040,51.4,C (พอใช้)
1492,2025-01-19,2568,1,ฤดูแล้ง,NHK02,หนองหาร (Lake),ธาตุนาเวง,7.12,24.3,321.0,5.28,3.5,18.2,1.36,1.995,1.99,16866,3634,59.1,C (พอใช้)
1493,2025-08-21,2568,8,ฤดูฝน,NHK09,หนองหาร (Lake),เหล่าปอแดง,7.21,30.1,296.0,7.88,1.02,4.0,0.145,0.731,0.68,3143,1571,88.4,A (ดีมาก)
1494,2024-03-06,2567,3,ฤดูแล้ง,NHK03,หนองหาร (Lake),ฮางโฮง,7.18,26.9,251.0,6.34,0.46,4.0,0.278,0.687,0.308,5991,1812,82.8,A (ดีมาก)
1495,2025-07-01,2568,7,ฤดูฝน,NHK02,หนองหาร (Lake),ธาตุนาเวง,7.45,28.4,344.0,6.62,3.05,16.4,0.843,1.92,1.281,19576,5026,71.8,B (ดี)
1496,2024-09-14,2567,9,ฤดูฝน,BNH01,ลำห้วย (Tributary),ธาตุนาเวง,7.49,30.5,397.0,3.64,7.88,40.7,1.524,3.144,2.408,14780,6147,45.0,C (พอใช้)
1497,2024-09-29,2567,9,ฤดูฝน,NHK09,หนองหาร (Lake),เหล่าปอแดง,6.82,31.8,250.0,6.45,2.0,19.9,0.04,0.884,0.984,4825,1990,80.6,A (ดีมาก)
1498,2025-04-07,2568,4,ฤดูแล้ง,NHK01,หนองหาร (Lake),เมืองสกลนคร,7.36,27.9,118.0,6.88,1.23,4.0,0.221,0.64,0.211,2797,591,86.1,A (ดีมาก)
1499,2025-02-25,2568,2,ฤดูแล้ง,BNH08,ลำห้วย (Tributary),เมืองสกลนคร,7.33,23.9,311.0,3.56,8.32,39.0,1.5,4.397,2.419,32859,10049,40.5,C (พอใช้)
1500,2024-09-26,2567,9,ฤดูฝน,NHK10,หนองหาร (Lake),งิ้วด่อน,7.26,31.4,259.0,7.57,0.3,4.0,0.01,0.825,0.205,1627,855,89.8,A (ดีมาก)
1501,2024-02-22,2567,2,ฤดูแล้ง,BNH03,ลำห้วย (Tributary),ท่าแร่,7.22,25.6,340.0,2.21,6.05,23.1,1.514,4.188,2.435,82887,28344,35.0,D (เสื่อมโทรม)
1502,2024-02-09,2567,2,ฤดูแล้ง,NHK08,หนองหาร (Lake),นาตงวัฒนา,7.37,23.3,240.0,6.61,0.31,4.0,0.109,0.675,0.237,9770,3469,85.3,A (ดีมาก)
1503,2024-07-16,2567,7,ฤดูฝน,NHK06,หนองหาร (Lake),บ้านแป้น,7.27,31.4,238.0,7.44,0.64,4.0,0.01,1.075,0.364,5640,2822,87.6,A (ดีมาก)
1504,2024-05-02,2567,5,ฤดูแล้ง,BNH07,ลำห้วย (Tributary),งิ้วด่อน,7.67,27.4,285.0,4.67,4.73,30.7,0.688,2.059,1.134,6540,1511,64.3,B (ดี)
1505,2024-01-18,2567,1,ฤดูแล้ง,NHK06,หนองหาร (Lake),บ้านแป้น,7.6,25.2,232.0,6.16,1.88,8.3,0.432,1.201,0.446,2880,1158,78.7,B (ดี)
1506,2025-09-04,2568,9,ฤดูฝน,NHK09,หนองหาร (Lake),เหล่าปอแดง,7.18,31.2,253.0,8.09,1.1,12.0,0.067,0.688,0.306,5328,2378,91.7,A (ดีมาก)
1507,2024-09-04,2567,9,ฤดูฝน,BNH06,ลำห้วย (Tributary),เหล่าปอแดง,6.7,28.0,400.0,6.32,3.69,14.0,0.48,2.576,1.13,15286,4201,71.1,B (ดี)
1508,2025-10-08,2568,10,ฤดูฝน,NHK07,หนองหาร (Lake),บ้านแป้น,7.0,27.2,156.0,8.2,0.3,4.0,0.038,1.169,0.616,2768,1464,89.2,A (ดีมาก)
1509,2024-08-18,2567,8,ฤดูฝน,NHK04,หนองหาร (Lake),เชียงเครือ,7.23,32.0,244.0,7.0,0.3,4.3,0.01,0.925,0.257,956,283,86.7,A (ดีมาก)
1510,2025-09-19,2568,9,ฤดูฝน,BNH07,ลำห้วย (Tributary),งิ้วด่อน,7.42,30.4,346.0,7.06,3.16,4.0,0.461,1.965,1.051,40275,8156,76.9,B (ดี)
1511,2024-11-20,2567,11,ฤดูแล้ง,NHK08,หนองหาร (Lake),นาตงวัฒนา,7.49,26.9,203.0,6.58,0.3,4.0,0.308,0.821,0.289,1656,958,83.3,A (ดีมาก)
1512,2025-02-08,2568,2,ฤดูแล้ง,BNH07,ลำห้วย (Tributary),งิ้วด่อน,7.44,25.2,379.0,5.18,5.04,15.4,0.997,2.401,1.213,32455,18558,63.3,B (ดี)
1513,2024-09-12,2567,9,ฤดูฝน,BNH01,ลำห้วย (Tributary),ธาตุนาเวง,6.81,30.5,356.0,4.16,5.99,31.3,1.355,3.568,3.28,6857,3416,42.4,C (พอใช้)
1514,2025-05-28,2568,5,ฤดูแล้ง,NHK01,หนองหาร (Lake),เมืองสกลนคร,6.94,29.6,212.0,6.25,0.3,4.0,0.365,0.841,0.302,4242,1501,81.4,A (ดีมาก)
1515,2025-11-04,2568,11,ฤดูแล้ง,BNH07,ลำห้วย (Tributary),งิ้วด่อน,7.06,25.7,304.0,4.82,3.98,9.6,0.652,2.591,1.07,25246,14997,63.7,B (ดี)
1516,2025-04-27,2568,4,ฤดูแล้ง,BNH04,ลำห้วย (Tributary),นาแก้ว,6.65,27.0,416.0,3.63,7.15,32.6,1.596,3.307,2.171,31324,8612,45.1,C (พอใช้)
1517,2025-01-02,2568,1,ฤดูแล้ง,NHK03,หนองหาร (Lake),ฮางโฮง,6.8,23.6,247.0,6.53,3.48,6.6,0.116,0.656,0.527,7910,1949,83.6,A (ดีมาก)
1518,2025-06-04,2568,6,ฤดูฝน,BNH06,ลำห้วย (Tributary),เหล่าปอแดง,6.81,29.9,410.0,7.41,2.19,8.6,0.62,2.015,1.506,10982,5587,75.2,B (ดี)
1519,2025-05-11,2568,5,ฤดูแล้ง,NHK07,หนองหาร (Lake),บ้านแป้น,7.17,28.4,248.0,7.31,1.84,15.0,0.123,0.837,0.293,2869,1196,87.5,A (ดีมาก)
1520,2024-10-09,2567,10,ฤดูฝน,NHK06,หนองหาร (Lake),บ้านแป้น,7.04,27.6,156.0,7.34,0.3,4.0,0.01,0.696,0.567,1312,405,87.4,A (ดีมาก)
1521,2024-04-16,2567,4,ฤดูแล้ง,NHK01,หนองหาร (Lake),เมืองสกลนคร,7.33,29.4,208.0,6.02,2.65,7.9,0.531,1.008,0.16,3380,1230,79.6,B (ดี)
1522,2025-09-30,2568,9,ฤดูฝน,NHK05,หนองหาร (Lake),ท่าแร่,7.33,29.8,171.0,6.25,0.97,13.3,0.01,0.767,0.355,1298,518,83.4,A (ดีมาก)
1523,2025-04-25,2568,4,ฤดูแล้ง,NHK03,หนองหาร (Lake),ฮางโฮง,7.37,28.0,186.0,6.81,1.05,7.7,0.123,0.719,0.4,1045,398,85.2,A (ดีมาก)
1524,2025-12-16,2568,12,ฤดูแล้ง,NHK07,หนองหาร (Lake),บ้านแป้น,7.18,24.6,225.0,6.79,1.96,9.4,0.271,1.791,0.575,3661,2041,79.8,B (ดี)
1525,2025-08-22,2568,8,ฤดูฝน,NHK06,หนองหาร (Lake),บ้านแป้น,8.09,32.4,206.0,6.02,1.85,4.0,0.01,1.013,0.281,4901,2733,81.9,A (ดีมาก)
1526,2024-04-29,2567,4,ฤดูแล้ง,BNH04,ลำห้วย (Tributary),นาแก้ว,6.95,28.6,342.0,2.84,9.08,42.1,1.537,3.49,2.564,32768,18600,39.4,D (เสื่อมโทรม)
1527,2025-01-06,2568,1,ฤดูแล้ง,NHK09,หนองหาร (Lake),เหล่าปอแดง,7.84,24.4,197.0,6.87,2.61,12.8,0.407,0.845,0.837,2664,1212,81.2,A (ดีมาก)
1528,2025-05-03,2568,5,ฤดูแล้ง,NHK01,หนองหาร (Lake),เมืองสกลนคร,7.06,29.5,308.0,7.19,2.74,7.2,0.195,1.366,0.373,3479,1131,84.4,A (ดีมาก)
1529,2025-02-06,2568,2,ฤดูแล้ง,NHK04,หนองหาร (Lake),เชียงเครือ,7.07,27.0,205.0,7.57,1.75,11.9,0.176,0.932,0.309,2300,1302,88.0,A (ดีมาก)
1530,2024-06-12,2567,6,ฤดูฝน,NHK10,หนองหาร (Lake),งิ้วด่อน,7.07,33.4,258.0,6.18,2.02,11.8,0.053,0.987,0.632,1861,396,80.7,A (ดีมาก)
1531,2024-09-26,2567,9,ฤดูฝน,NHK07,หนองหาร (Lake),บ้านแป้น,6.91,28.0,242.0,6.72,0.3,4.0,0.033,2.445,0.156,3428,1449,80.7,A (ดีมาก)
1532,2025-06-23,2568,6,ฤดูฝน,BNH01,ลำห้วย (Tributary),ธาตุนาเวง,7.27,31.3,310.0,4.07,6.25,31.4,1.389,3.207,2.205,189877,106718,48.4,C (พอใช้)
1533,2025-04-12,2568,4,ฤดูแล้ง,NHK07,หนองหาร (Lake),บ้านแป้น,6.71,28.0,217.0,7.37,1.25,4.0,0.108,0.674,1.057,1976,811,84.6,A (ดีมาก)
1534,2024-07-15,2567,7,ฤดูฝน,BNH08,ลำห้วย (Tributary),เมืองสกลนคร,7.32,29.1,307.0,4.3,6.23,23.9,1.42,3.438,2.193,51090,18980,48.6,C (พอใช้)
1535,2025-09-09,2568,9,ฤดูฝน,BNH03,ลำห้วย (Tributary),ท่าแร่,7.21,29.1,374.0,4.48,6.91,29.8,1.341,3.216,2.256,85387,49369,50.2,C (พอใช้)
1536,2025-01-24,2568,1,ฤดูแล้ง,BNH08,ลำห้วย (Tributary),เมืองสกลนคร,6.94,26.1,436.0,2.93,7.24,32.5,1.699,3.53,2.18,31384,10303,40.6,C (พอใช้)
1537,2025-06-02,2568,6,ฤดูฝน,BNH08,ลำห้วย (Tributary),เมืองสกลนคร,6.39,31.4,367.0,4.36,6.41,25.9,1.534,3.526,2.469,20780,10607,46.5,C (พอใช้)
1538,2024-06-20,2567,6,ฤดูฝน,NHK05,หนองหาร (Lake),ท่าแร่,7.77,29.4,275.0,8.68,1.59,6.4,0.149,0.939,1.026,3383,1994,89.5,A (ดีมาก)
1539,2025-06-17,2568,6,ฤดูฝน,NHK06,หนองหาร (Lake),บ้านแป้น,7.12,29.5,241.0,8.05,2.22,10.1,0.01,0.884,0.328,5889,2355,91.1,A (ดีมาก)
1540,2024-06-01,2567,6,ฤดูฝน,NHK09,หนองหาร (Lake),เหล่าปอแดง,7.5,31.8,210.0,7.11,1.43,13.1,0.011,0.777,0.483,1098,522,86.5,A (ดีมาก)
1541,2025-08-07,2568,8,ฤดูฝน,NHK10,หนองหาร (Lake),งิ้วด่อน,7.18,29.9,175.0,6.49,0.86,4.0,0.04,1.523,0.653,591,160,80.3,A (ดีมาก)
1542,2024-07-15,2567,7,ฤดูฝน,NHK02,หนองหาร (Lake),ธาตุนาเวง,6.8,30.4,271.0,6.5,2.81,6.0,0.863,2.012,1.277,7670,3753,70.9,B (ดี)
1543,2024-06-17,2567,6,ฤดูฝน,BNH03,ลำห้วย (Tributary),ท่าแร่,7.34,30.9,363.0,5.3,5.88,33.8,1.384,3.22,2.506,44973,25438,52.4,C (พอใช้)
1544,2024-03-19,2567,3,ฤดูแล้ง,BNH02,ลำห้วย (Tributary),เชียงเครือ,7.0,24.9,225.0,5.49,3.56,21.7,0.62,2.805,1.165,6336,1333,65.7,B (ดี)
1545,2024-01-04,2567,1,ฤดูแล้ง,NHK07,หนองหาร (Lake),บ้านแป้น,6.65,25.1,235.0,7.04,2.06,8.5,0.467,1.024,0.512,3203,700,82.6,A (ดีมาก)
1546,2024-01-06,2567,1,ฤดูแล้ง,BNH05,ลำห้วย (Tributary),ม่วงลาย,7.07,25.5,321.0,3.68,3.75,19.4,0.608,2.112,1.186,11720,4738,59.9,C (พอใช้)
1547,2025-12-01,2568,12,ฤดูแล้ง,NHK10,หนองหาร (Lake),งิ้วด่อน,7.34,25.4,214.0,6.78,1.09,9.2,0.522,1.294,0.651,7980,1928,79.6,B (ดี)
1548,2025-07-29,2568,7,ฤดูฝน,BNH06,ลำห้วย (Tributary),เหล่าปอแดง,6.93,31.6,367.0,5.56,3.26,18.7,0.586,2.509,1.112,33425,11154,67.5,B (ดี)
1549,2025-01-01,2568,1,ฤดูแล้ง,NHK09,หนองหาร (Lake),เหล่าปอแดง,8.01,25.3,253.0,6.33,0.97,4.0,0.22,0.819,0.182,2841,1119,83.2,A (ดีมาก)
1550,2024-07-03,2567,7,ฤดูฝน,NHK04,หนองหาร (Lake),เชียงเครือ,7.6,31.9,233.0,9.5,0.3,4.0,0.117,1.845,1.034,2744,1208,90.2,A (ดีมาก)
1551,2025-05-27,2568,5,ฤดูแล้ง,NHK10,หนองหาร (Lake),งิ้วด่อน,6.87,29.0,177.0,6.98,1.93,9.5,0.233,1.089,0.393,1540,588,84.1,A (ดีมาก)
1552,2025-09-05,2568,9,ฤดูฝน,NHK08,หนองหาร (Lake),นาตงวัฒนา,7.44,29.7,212.0,8.51,2.41,15.8,0.025,1.022,0.48,1601,497,91.9,A (ดีมาก)
1553,2025-04-15,2568,4,ฤดูแล้ง,NHK07,หนองหาร (Lake),บ้านแป้น,6.86,25.2,303.0,7.58,0.3,4.0,0.222,0.689,0.532,4678,1100,87.5,A (ดีมาก)
1554,2024-06-22,2567,6,ฤดูฝน,NHK08,หนองหาร (Lake),นาตงวัฒนา,7.41,30.5,193.0,7.38,0.3,4.0,0.01,0.895,0.741,2368,532,86.1,A (ดีมาก)
1555,2024-06-03,2567,6,ฤดูฝน,BNH08,ลำห้วย (Tributary),เมืองสกลนคร,7.22,30.1,360.0,4.9,5.51,28.3,1.321,3.539,2.294,61696,18103,51.0,C (พอใช้)
1556,2025-03-12,2568,3,ฤดูแล้ง,BNH03,ลำห้วย (Tributary),ท่าแร่,7.23,26.2,437.0,3.24,7.28,29.6,1.575,3.17,2.717,12478,5731,41.3,C (พอใช้)
1557,2024-10-30,2567,10,ฤดูฝน,NHK08,หนองหาร (Lake),นาตงวัฒนา,7.44,28.3,164.0,8.94,0.35,4.9,0.01,0.765,0.511,6999,1731,94.6,A (ดีมาก)
1558,2024-12-15,2567,12,ฤดูแล้ง,BNH05,ลำห้วย (Tributary),ม่วงลาย,8.12,27.4,360.0,5.55,3.98,11.1,0.833,3.547,1.195,8146,3683,62.1,B (ดี)
1559,2024-02-17,2567,2,ฤดูแล้ง,NHK10,หนองหาร (Lake),งิ้วด่อน,7.34,23.6,184.0,6.95,1.71,6.3,0.231,1.045,0.553,1469,501,83.3,A (ดีมาก)
1560,2025-12-12,2568,12,ฤดูแล้ง,BNH06,ลำห้วย (Tributary),เหล่าปอแดง,6.81,24.8,238.0,4.67,4.51,12.6,0.811,2.654,1.116,6358,3325,61.7,B (ดี)
1561,2024-08-13,2567,8,ฤดูฝน,NHK10,หนองหาร (Lake),งิ้วด่อน,7.54,29.7,270.0,9.5,0.3,4.0,0.117,0.842,0.19,6808,1475,97.8,A (ดีมาก)
1562,2025-06-19,2568,6,ฤดูฝน,BNH03,ลำห้วย (Tributary),ท่าแร่,6.74,29.5,371.0,3.68,7.46,35.2,1.43,3.434,2.367,69553,20723,44.9,C (พอใช้)
1563,2024-02-08,2567,2,ฤดูแล้ง,NHK01,หนองหาร (Lake),เมืองสกลนคร,8.14,26.0,182.0,6.41,2.04,9.3,0.156,0.843,0.777,2559,1324,80.9,A (ดีมาก)
1564,2025-09-17,2568,9,ฤดูฝน,NHK10,หนองหาร (Lake),งิ้วด่อน,7.02,29.8,209.0,8.14,0.81,4.0,0.016,0.861,0.354,3986,1732,91.4,A (ดีมาก)
1565,2025-04-04,2568,4,ฤดูแล้ง,NHK01,หนองหาร (Lake),เมืองสกลนคร,6.86,27.1,237.0,5.07,0.84,14.1,0.104,0.826,0.192,7670,4510,78.2,B (ดี)
1566,2025-01-25,2568,1,ฤดูแล้ง,BNH01,ลำห้วย (Tributary),ธาตุนาเวง,6.99,25.7,340.0,2.93,5.88,26.4,1.649,3.111,2.564,22061,5267,40.4,C (พอใช้)
1567,2025-09-08,2568,9,ฤดูฝน,BNH06,ลำห้วย (Tributary),เหล่าปอแดง,7.51,31.9,311.0,6.85,5.71,25.5,0.464,2.043,1.27,5833,3425,74.6,B (ดี)
1568,2024-09-23,2567,9,ฤดูฝน,NHK06,หนองหาร (Lake),บ้านแป้น,7.34,29.1,231.0,8.06,1.26,8.4,0.243,1.572,0.298,4198,2243,87.7,A (ดีมาก)
1569,2025-11-30,2568,11,ฤดูแล้ง,BNH02,ลำห้วย (Tributary),เชียงเครือ,7.23,26.0,296.0,4.81,4.76,13.6,0.691,2.98,1.27,35960,9870,61.2,B (ดี)
1570,2024-02-08,2567,2,ฤดูแล้ง,BNH03,ลำห้วย (Tributary),ท่าแร่,7.63,28.7,427.0,2.39,6.1,26.5,1.653,3.6,2.239,13820,5140,38.0,D (เสื่อมโทรม)
1571,2024-10-29,2567,10,ฤดูฝน,BNH07,ลำห้วย (Tributary),งิ้วด่อน,6.99,27.5,320.0,5.94,2.02,4.0,0.507,2.085,1.354,28101,11109,69.8,B (ดี)
1572,2024-12-18,2567,12,ฤดูแล้ง,NHK10,หนองหาร (Lake),งิ้วด่อน,6.78,26.3,270.0,6.44,2.37,22.7,0.4,0.769,0.187,8032,3417,82.8,A (ดีมาก)
1573,2025-12-04,2568,12,ฤดูแล้ง,BNH07,ลำห้วย (Tributary),งิ้วด่อน,6.7,27.7,274.0,4.07,4.48,20.1,0.793,2.324,1.082,8630,4208,60.4,B (ดี)
1574,2025-11-15,2568,11,ฤดูแล้ง,BNH05,ลำห้วย (Tributary),ม่วงลาย,6.95,25.9,298.0,4.45,2.91,4.7,0.681,1.974,1.967,13038,7722,59.5,C (พอใช้)
1575,2025-07-22,2568,7,ฤดูฝน,BNH03,ลำห้วย (Tributary),ท่าแร่,7.14,32.0,304.0,4.28,5.5,25.0,1.829,3.817,2.222,222686,100730,44.7,C (พอใช้)
1576,2025-12-26,2568,12,ฤดูแล้ง,NHK06,หนองหาร (Lake),บ้านแป้น,7.17,26.6,170.0,6.47,1.89,12.9,0.189,1.022,0.243,2981,712,83.0,A (ดีมาก)
1577,2024-09-24,2567,9,ฤดูฝน,BNH03,ลำห้วย (Tributary),ท่าแร่,7.51,28.4,424.0,3.99,5.98,34.7,1.316,3.1,2.434,64458,23163,47.7,C (พอใช้)
1578,2024-08-29,2567,8,ฤดูฝน,BNH03,ลำห้วย (Tributary),ท่าแร่,6.84,30.0,369.0,3.82,6.17,31.5,1.389,4.203,2.427,35763,10403,42.9,C (พอใช้)
1579,2025-11-14,2568,11,ฤดูแล้ง,NHK02,หนองหาร (Lake),ธาตุนาเวง,7.56,26.3,287.0,5.15,3.22,12.8,1.254,2.208,1.407,16368,8834,61.3,B (ดี)
1580,2024-07-20,2567,7,ฤดูฝน,BNH03,ลำห้วย (Tributary),ท่าแร่,7.42,29.1,416.0,5.16,4.21,29.7,1.776,3.172,2.195,132630,39957,51.2,C (พอใช้)
1581,2025-10-16,2568,10,ฤดูฝน,BNH01,ลำห้วย (Tributary),ธาตุนาเวง,7.57,29.2,392.0,3.0,6.53,19.2,1.366,3.401,2.244,16627,8946,43.0,C (พอใช้)
1582,2025-01-01,2568,1,ฤดูแล้ง,NHK09,หนองหาร (Lake),เหล่าปอแดง,7.44,23.2,242.0,7.27,2.14,7.7,0.258,0.644,0.26,11590,3756,87.4,A (ดีมาก)
1583,2024-10-15,2567,10,ฤดูฝน,NHK01,หนองหาร (Lake),เมืองสกลนคร,7.68,27.5,285.0,7.75,0.3,4.0,0.01,0.874,0.363,2090,1097,89.7,A (ดีมาก)
1584,2024-07-18,2567,7,ฤดูฝน,NHK08,หนองหาร (Lake),นาตงวัฒนา,6.86,32.9,166.0,6.49,2.08,18.4,0.039,0.891,0.248,1413,426,84.4,A (ดีมาก)
1585,2025-03-05,2568,3,ฤดูแล้ง,NHK01,หนองหาร (Lake),เมืองสกลนคร,7.07,27.3,230.0,6.88,0.45,6.4,0.109,0.677,0.483,3509,2068,85.3,A (ดีมาก)
1586,2024-10-28,2567,10,ฤดูฝน,NHK02,หนองหาร (Lake),ธาตุนาเวง,6.7,27.9,257.0,6.08,1.47,24.0,0.85,2.563,1.402,56654,21903,66.6,B (ดี)
1587,2024-03-17,2567,3,ฤดูแล้ง,NHK10,หนองหาร (Lake),งิ้วด่อน,7.18,25.7,291.0,6.15,2.62,7.6,0.228,1.019,0.847,5445,1905,78.4,B (ดี)
1588,2024-10-18,2567,10,ฤดูฝน,BNH08,ลำห้วย (Tributary),เมืองสกลนคร,7.71,28.1,385.0,3.0,6.57,27.4,1.818,3.347,2.196,65398,22541,40.8,C (พอใช้)
1589,2024-11-25,2567,11,ฤดูแล้ง,NHK01,หนองหาร (Lake),เมืองสกลนคร,7.49,27.9,224.0,5.94,0.92,4.0,0.205,0.765,0.311,3100,1127,81.1,A (ดีมาก)
1590,2024-09-24,2567,9,ฤดูฝน,NHK03,หนองหาร (Lake),ฮางโฮง,6.83,27.7,256.0,8.67,0.84,14.6,0.026,0.611,0.244,1118,227,95.1,A (ดีมาก)
1591,2024-03-19,2567,3,ฤดูแล้ง,NHK03,หนองหาร (Lake),ฮางโฮง,7.4,28.8,206.0,6.7,2.13,10.9,0.367,0.683,0.976,11241,3565,80.5,A (ดีมาก)
1592,2024-03-08,2567,3,ฤดูแล้ง,NHK05,หนองหาร (Lake),ท่าแร่,7.81,26.9,252.0,6.62,2.82,13.4,0.326,1.015,0.35,2281,1267,82.4,A (ดีมาก)
1593,2024-03-23,2567,3,ฤดูแล้ง,BNH02,ลำห้วย (Tributary),เชียงเครือ,7.19,27.7,316.0,5.32,3.93,4.0,0.623,1.988,1.175,9499,5171,67.6,B (ดี)
1594,2024-03-09,2567,3,ฤดูแล้ง,BNH06,ลำห้วย (Tributary),เหล่าปอแดง,7.1,27.0,392.0,5.0,5.22,17.8,0.637,2.228,1.201,12044,6103,65.1,B (ดี)
1595,2025-12-30,2568,12,ฤดูแล้ง,NHK04,หนองหาร (Lake),เชียงเครือ,6.74,26.1,226.0,6.99,1.92,4.0,0.125,0.776,0.743,3852,2250,84.1,A (ดีมาก)
1596,2025-03-23,2568,3,ฤดูแล้ง,BNH02,ลำห้วย (Tributary),เชียงเครือ,7.19,27.0,305.0,5.85,4.52,23.4,0.692,1.979,1.291,13416,3031,69.0,B (ดี)
1597,2024-01-04,2567,1,ฤดูแล้ง,BNH01,ลำห้วย (Tributary),ธาตุนาเวง,7.3,23.4,356.0,3.37,7.84,35.0,1.643,3.192,2.187,64255,22604,44.0,C (พอใช้)
1598,2024-06-14,2567,6,ฤดูฝน,NHK10,หนองหาร (Lake),งิ้วด่อน,6.93,30.5,283.0,8.0,0.3,4.0,0.042,1.126,0.297,695,291,90.1,A (ดีมาก)
1599,2024-03-07,2567,3,ฤดูแล้ง,NHK01,หนองหาร (Lake),เมืองสกลนคร,7.54,29.2,283.0,8.16,1.01,4.0,0.143,1.018,0.251,5249,1431,90.8,A (ดีมาก)
1600,2024-08-05,2567,8,ฤดูฝน,NHK06,หนองหาร (Lake),บ้านแป้น,7.42,31.3,216.0,8.78,0.3,4.0,0.375,1.023,0.994,3690,1300,88.5,A (ดีมาก)
1601,2025-07-04,2568,7,ฤดูฝน,BNH01,ลำห้วย (Tributary),ธาตุนาเวง,6.47,30.2,402.0,2.93,7.16,33.6,1.504,3.219,3.276,32890,6736,37.3,D (เสื่อมโทรม)
1602,2024-04-26,2567,4,ฤดูแล้ง,NHK07,หนองหาร (Lake),บ้านแป้น,7.04,26.5,219.0,7.55,1.73,4.0,0.211,1.34,0.404,3014,1187,85.9,A (ดีมาก)
1603,2025-12-16,2568,12,ฤดูแล้ง,BNH06,ลำห้วย (Tributary),เหล่าปอแดง,7.03,24.9,324.0,5.1,4.37,13.1,0.63,1.95,1.196,5359,3163,66.6,B (ดี)
1604,2024-02-26,2567,2,ฤดูแล้ง,NHK01,หนองหาร (Lake),เมืองสกลนคร,6.82,23.5,254.0,6.84,2.53,13.9,0.259,0.901,0.835,3242,1196,81.8,A (ดีมาก)
1605,2025-04-23,2568,4,ฤดูแล้ง,BNH02,ลำห้วย (Tributary),เชียงเครือ,7.37,29.6,298.0,4.93,3.05,12.1,0.952,2.259,1.288,19202,7315,62.5,B (ดี)
1606,2025-10-15,2568,10,ฤดูฝน,NHK03,หนองหาร (Lake),ฮางโฮง,6.61,26.1,153.0,6.85,0.3,4.0,0.262,1.217,0.894,1293,462,80.4,A (ดีมาก)
1607,2024-09-24,2567,9,ฤดูฝน,BNH01,ลำห้วย (Tributary),ธาตุนาเวง,6.59,31.4,352.0,4.35,4.34,16.2,1.304,3.342,2.672,30583,7191,47.4,C (พอใช้)
1608,2024-06-01,2567,6,ฤดูฝน,NHK10,หนองหาร (Lake),งิ้วด่อน,7.44,31.9,285.0,7.26,1.19,4.0,0.01,1.528,0.151,5427,1953,86.3,A (ดีมาก)
1609,2025-06-11,2568,6,ฤดูฝน,BNH03,ลำห้วย (Tributary),ท่าแร่,7.49,32.9,393.0,3.86,4.57,26.5,1.452,3.426,2.552,73180,43345,44.7,C (พอใช้)
1610,2025-06-02,2568,6,ฤดูฝน,NHK08,หนองหาร (Lake),นาตงวัฒนา,6.88,32.0,142.0,8.12,0.45,4.0,0.196,0.656,0.17,5346,1662,91.9,A (ดีมาก)
1611,2024-11-19,2567,11,ฤดูแล้ง,BNH03,ลำห้วย (Tributary),ท่าแร่,7.08,23.6,437.0,2.94,7.21,40.4,1.655,3.689,2.439,17817,6040,39.1,D (เสื่อมโทรม)
1612,2025-06-23,2568,6,ฤดูฝน,NHK04,หนองหาร (Lake),เชียงเครือ,6.87,28.9,216.0,7.92,0.3,4.0,0.01,0.67,0.212,2319,1238,91.9,A (ดีมาก)
1613,2024-09-10,2567,9,ฤดูฝน,BNH05,ลำห้วย (Tributary),ม่วงลาย,7.03,31.0,379.0,7.26,1.84,18.3,0.479,1.925,1.086,15798,6813,77.7,B (ดี)
1614,2024-06-10,2567,6,ฤดูฝน,NHK08,หนองหาร (Lake),นาตงวัฒนา,7.5,28.7,208.0,6.98,3.62,15.2,0.09,1.825,0.331,4932,2697,82.8,A (ดีมาก)
1615,2024-01-04,2567,1,ฤดูแล้ง,NHK03,หนองหาร (Lake),ฮางโฮง,6.46,24.1,259.0,6.7,2.64,24.1,0.265,0.815,0.382,6805,3549,83.7,A (ดีมาก)
1616,2025-10-01,2568,10,ฤดูฝน,BNH03,ลำห้วย (Tributary),ท่าแร่,7.12,28.4,334.0,4.81,5.72,25.5,1.541,3.414,2.343,41889,16340,49.5,C (พอใช้)
1617,2024-07-14,2567,7,ฤดูฝน,BNH01,ลำห้วย (Tributary),ธาตุนาเวง,7.24,31.6,405.0,1.16,3.95,18.9,1.304,3.498,2.214,78203,43221,35.0,D (เสื่อมโทรม)
1618,2024-07-18,2567,7,ฤดูฝน,BNH06,ลำห้วย (Tributary),เหล่าปอแดง,6.87,31.9,266.0,6.31,4.75,29.2,0.458,1.996,1.082,10952,5341,73.4,B (ดี)
1619,2025-07-21,2568,7,ฤดูฝน,NHK09,หนองหาร (Lake),เหล่าปอแดง,7.69,30.5,253.0,6.85,0.3,6.7,0.01,0.95,0.474,3503,1632,84.9,A (ดีมาก)
1620,2024-12-02,2567,12,ฤดูแล้ง,BNH08,ลำห้วย (Tributary),เมืองสกลนคร,6.66,27.0,432.0,3.56,6.79,25.9,1.599,3.623,2.229,29744,11687,43.5,C (พอใช้)
1621,2024-07-18,2567,7,ฤดูฝน,BNH02,ลำห้วย (Tributary),เชียงเครือ,7.27,29.7,267.0,5.64,2.76,10.2,0.475,2.308,1.104,28167,11721,69.2,B (ดี)
1622,2024-04-19,2567,4,ฤดูแล้ง,BNH08,ลำห้วย (Tributary),เมืองสกลนคร,7.1,27.1,406.0,2.54,6.83,34.8,1.501,3.341,2.435,44214,22612,39.4,D (เสื่อมโทรม)
1623,2025-10-18,2568,10,ฤดูฝน,NHK02,หนองหาร (Lake),ธาตุนาเวง,7.34,28.5,253.0,4.4,1.56,16.4,0.803,3.31,1.344,8101,2531,57.2,C (พอใช้)
1624,2025-09-26,2568,9,ฤดูฝน,BNH01,ลำห้วย (Tributary),ธาตุนาเวง,7.11,29.7,397.0,3.22,5.17,26.2,1.334,3.277,2.358,32769,18828,44.0,C (พอใช้)
1625,2024-04-02,2567,4,ฤดูแล้ง,NHK08,หนองหาร (Lake),นาตงวัฒนา,7.45,28.6,229.0,7.21,3.13,15.3,0.133,0.775,0.468,2730,908,86.4,A (ดีมาก)
1626,2025-04-10,2568,4,ฤดูแล้ง,BNH01,ลำห้วย (Tributary),ธาตุนาเวง,7.05,30.0,339.0,1.81,7.24,28.4,1.816,3.251,2.792,49825,23452,32.9,D (เสื่อมโทรม)
1627,2024-10-10,2567,10,ฤดูฝน,NHK02,หนองหาร (Lake),ธาตุนาเวง,7.26,26.3,223.0,6.23,2.55,20.1,1.286,2.089,1.314,7391,2780,66.8,B (ดี)
1628,2025-01-22,2568,1,ฤดูแล้ง,NHK03,หนองหาร (Lake),ฮางโฮง,7.39,24.9,233.0,8.13,0.69,6.9,0.105,1.564,0.697,3297,1158,86.8,A (ดีมาก)
1629,2025-02-23,2568,2,ฤดูแล้ง,BNH01,ลำห้วย (Tributary),ธาตุนาเวง,6.86,25.6,289.0,2.87,7.24,30.5,1.656,3.811,2.208,52829,26561,39.6,D (เสื่อมโทรม)
1630,2024-08-12,2567,8,ฤดูฝน,NHK04,หนองหาร (Lake),เชียงเครือ,7.59,30.1,181.0,7.83,0.42,4.9,0.01,1.015,0.266,4836,2722,90.0,A (ดีมาก)
1631,2024-04-24,2567,4,ฤดูแล้ง,NHK08,หนองหาร (Lake),นาตงวัฒนา,6.88,27.0,226.0,7.28,1.37,4.0,0.21,0.978,0.247,2436,587,86.7,A (ดีมาก)
1632,2025-12-02,2568,12,ฤดูแล้ง,BNH06,ลำห้วย (Tributary),เหล่าปอแดง,7.02,25.7,318.0,5.46,2.63,12.2,0.646,3.112,1.825,8567,2213,61.1,B (ดี)
1633,2024-02-12,2567,2,ฤดูแล้ง,NHK08,หนองหาร (Lake),นาตงวัฒนา,7.4,25.0,202.0,7.53,2.72,16.4,0.161,0.722,0.167,3821,1547,89.3,A (ดีมาก)
1634,2024-02-10,2567,2,ฤดูแล้ง,NHK06,หนองหาร (Lake),บ้านแป้น,7.17,26.1,197.0,5.31,1.28,5.9,0.229,0.644,0.323,2002,1075,78.5,B (ดี)
1635,2024-09-16,2567,9,ฤดูฝน,NHK05,หนองหาร (Lake),ท่าแร่,7.03,28.6,239.0,7.43,0.95,4.0,0.01,0.749,0.575,3456,967,87.6,A (ดีมาก)
1636,2024-05-26,2567,5,ฤดูแล้ง,NHK01,หนองหาร (Lake),เมืองสกลนคร,7.38,29.5,297.0,6.91,0.4,4.0,0.125,0.802,0.426,6796,3205,85.2,A (ดีมาก)
1637,2024-08-24,2567,8,ฤดูฝน,BNH02,ลำห้วย (Tributary),เชียงเครือ,7.53,30.0,369.0,6.68,2.77,20.5,0.736,1.985,1.36,13283,7287,72.1,B (ดี)
1638,2024-04-13,2567,4,ฤดูแล้ง,NHK06,หนองหาร (Lake),บ้านแป้น,7.33,29.3,190.0,6.73,1.07,4.7,0.307,0.6,0.231,2660,669,85.0,A (ดีมาก)
1639,2025-07-25,2568,7,ฤดูฝน,NHK04,หนองหาร (Lake),เชียงเครือ,7.62,31.6,250.0,8.53,0.3,4.0,0.078,0.692,0.492,5987,2627,92.7,A (ดีมาก)
1640,2024-09-21,2567,9,ฤดูฝน,NHK03,หนองหาร (Lake),ฮางโฮง,7.21,31.5,206.0,7.21,1.09,4.0,0.01,1.829,0.159,1644,972,85.1,A (ดีมาก)
1641,2024-09-07,2567,9,ฤดูฝน,BNH07,ลำห้วย (Tributary),งิ้วด่อน,7.32,29.2,342.0,6.23,2.53,8.5,0.637,2.107,1.166,8354,3470,71.2,B (ดี)
1642,2025-09-20,2568,9,ฤดูฝน,NHK02,หนองหาร (Lake),ธาตุนาเวง,6.58,30.5,281.0,4.58,5.24,28.1,0.998,2.38,1.325,26879,8010,60.1,B (ดี)
1643,2025-04-08,2568,4,ฤดูแล้ง,NHK05,หนองหาร (Lake),ท่าแร่,7.23,28.7,189.0,7.54,1.4,13.6,0.338,2.112,0.337,6514,2229,82.8,A (ดีมาก)
1644,2024-08-22,2567,8,ฤดูฝน,NHK06,หนองหาร (Lake),บ้านแป้น,6.95,32.0,240.0,6.39,1.64,11.0,0.19,0.887,0.184,4824,1246,83.4,A (ดีมาก)
1645,2024-09-28,2567,9,ฤดูฝน,NHK03,หนองหาร (Lake),ฮางโฮง,7.29,29.9,204.0,7.9,1.65,4.0,0.117,0.73,0.298,1493,567,90.5,A (ดีมาก)
1646,2024-04-06,2567,4,ฤดูแล้ง,NHK04,หนองหาร (Lake),เชียงเครือ,7.07,25.9,260.0,5.89,1.63,9.8,0.211,0.673,0.581,1191,270,79.8,B (ดี)
1647,2024-10-22,2567,10,ฤดูฝน,NHK01,หนองหาร (Lake),เมืองสกลนคร,7.57,26.0,210.0,6.89,0.91,4.0,0.01,1.306,0.203,1019,583,85.2,A (ดีมาก)
1648,2025-09-03,2568,9,ฤดูฝน,BNH02,ลำห้วย (Tributary),เชียงเครือ,7.31,27.8,269.0,6.16,4.44,22.4,0.587,2.255,1.1,9722,5168,71.0,B (ดี)
1649,2025-02-16,2568,2,ฤดูแล้ง,NHK06,หนองหาร (Lake),บ้านแป้น,6.88,24.0,183.0,7.06,2.28,10.2,0.381,0.614,0.203,2618,1515,86.1,A (ดีมาก)
1650,2024-11-03,2567,11,ฤดูแล้ง,BNH03,ลำห้วย (Tributary),ท่าแร่,6.81,28.6,413.0,1.97,7.42,36.0,1.54,3.389,2.225,51454,15045,37.5,D (เสื่อมโทรม)
1651,2025-12-29,2568,12,ฤดูแล้ง,NHK01,หนองหาร (Lake),เมืองสกลนคร,6.92,26.5,224.0,7.21,2.16,18.5,0.132,0.67,0.429,3940,1661,86.9,A (ดีมาก)
1652,2025-05-14,2568,5,ฤดูแล้ง,BNH08,ลำห้วย (Tributary),เมืองสกลนคร,7.48,28.0,504.0,2.83,6.64,29.2,1.535,3.442,2.49,51440,27751,39.9,D (เสื่อมโทรม)
1653,2024-11-05,2567,11,ฤดูแล้ง,NHK10,หนองหาร (Lake),งิ้วด่อน,7.11,27.6,240.0,6.78,0.83,4.0,0.258,1.609,0.244,3367,1618,82.1,A (ดีมาก)
1654,2024-03-15,2567,3,ฤดูแล้ง,BNH06,ลำห้วย (Tributary),เหล่าปอแดง,6.76,26.1,331.0,4.84,4.52,19.8,0.692,2.039,1.072,22014,12326,65.4,B (ดี)
1655,2024-09-17,2567,9,ฤดูฝน,BNH03,ลำห้วย (Tributary),ท่าแร่,7.01,28.8,349.0,3.68,7.08,28.7,1.397,3.354,2.483,69533,15130,44.8,C (พอใช้)
1656,2025-01-31,2568,1,ฤดูแล้ง,NHK05,หนองหาร (Lake),ท่าแร่,6.78,24.3,236.0,8.54,2.17,18.4,0.172,1.155,0.279,4539,2686,91.7,A (ดีมาก)
1657,2025-04-30,2568,4,ฤดูแล้ง,NHK03,หนองหาร (Lake),ฮางโฮง,7.12,26.5,237.0,6.84,2.0,16.8,0.174,0.944,0.275,2950,1587,84.9,A (ดีมาก)
1658,2024-01-31,2567,1,ฤดูแล้ง,BNH05,ลำห้วย (Tributary),ม่วงลาย,7.27,25.0,331.0,5.07,3.59,9.0,0.629,2.211,1.177,9222,2543,65.7,B (ดี)
1659,2025-03-04,2568,3,ฤดูแล้ง,NHK06,หนองหาร (Lake),บ้านแป้น,6.95,26.0,249.0,6.47,0.42,4.0,0.341,0.649,0.803,1616,940,80.6,A (ดีมาก)
1660,2025-10-11,2568,10,ฤดูฝน,NHK02,หนองหาร (Lake),ธาตุนาเวง,7.46,28.2,291.0,5.25,2.41,4.0,0.992,2.207,1.82,4501,1376,61.2,B (ดี)
1661,2025-05-11,2568,5,ฤดูแล้ง,BNH05,ลำห้วย (Tributary),ม่วงลาย,7.52,29.7,335.0,5.84,4.54,12.2,0.694,2.253,1.116,19086,10983,68.9,B (ดี)
1662,2025-05-31,2568,5,ฤดูแล้ง,BNH03,ลำห้วย (Tributary),ท่าแร่,7.42,28.7,331.0,3.17,7.92,19.9,1.632,3.132,2.517,48001,21566,41.7,C (พอใช้)
1663,2025-06-29,2568,6,ฤดูฝน,NHK05,หนองหาร (Lake),ท่าแร่,7.53,29.4,277.0,6.95,0.3,4.0,0.01,0.695,0.327,3892,1897,86.9,A (ดีมาก)
1664,2025-06-03,2568,6,ฤดูฝน,NHK06,หนองหาร (Lake),บ้านแป้น,7.78,29.7,234.0,7.12,0.57,4.0,0.01,0.746,0.179,5724,3056,88.2,A (ดีมาก)
1665,2024-05-30,2567,5,ฤดูแล้ง,BNH06,ลำห้วย (Tributary),เหล่าปอแดง,7.0,28.8,285.0,5.3,4.41,16.2,0.722,2.094,1.371,2913,1673,65.6,B (ดี)
1666,2024-10-04,2567,10,ฤดูฝน,BNH05,ลำห้วย (Tributary),ม่วงลาย,7.82,28.2,344.0,6.47,4.16,5.4,0.658,2.378,1.127,22031,9210,71.5,B (ดี)
1667,2024-12-05,2567,12,ฤดูแล้ง,NHK08,หนองหาร (Lake),นาตงวัฒนา,6.79,29.5,231.0,5.66,2.15,10.3,0.24,1.043,0.563,4319,2225,77.5,B (ดี)
1668,2024-08-27,2567,8,ฤดูฝน,NHK06,หนองหาร (Lake),บ้านแป้น,7.4,31.3,243.0,8.83,0.3,4.0,0.01,1.361,0.183,2549,1104,93.8,A (ดีมาก)
1669,2025-12-10,2568,12,ฤดูแล้ง,NHK02,หนองหาร (Lake),ธาตุนาเวง,7.7,24.1,309.0,4.98,3.68,25.0,1.248,2.006,1.562,48148,13131,60.5,B (ดี)
1670,2025-07-18,2568,7,ฤดูฝน,BNH07,ลำห้วย (Tributary),งิ้วด่อน,7.11,32.0,294.0,6.67,3.3,9.7,0.668,2.017,1.111,2283,1127,73.5,B (ดี)
1671,2024-10-08,2567,10,ฤดูฝน,NHK05,หนองหาร (Lake),ท่าแร่,7.18,27.3,180.0,8.99,3.22,11.9,0.334,1.278,0.853,2741,1390,89.5,A (ดีมาก)
1672,2024-03-18,2567,3,ฤดูแล้ง,NHK09,หนองหาร (Lake),เหล่าปอแดง,6.72,26.9,185.0,6.34,1.07,4.0,0.644,1.238,0.387,10189,4974,78.4,B (ดี)
1673,2024-07-08,2567,7,ฤดูฝน,NHK07,หนองหาร (Lake),บ้านแป้น,6.81,31.2,223.0,6.62,0.71,4.0,0.01,1.071,0.238,5390,1090,84.6,A (ดีมาก)
1674,2024-07-22,2567,7,ฤดูฝน,BNH05,ลำห้วย (Tributary),ม่วงลาย,7.88,31.3,320.0,6.91,1.41,14.3,0.435,2.291,1.095,24615,5804,75.1,B (ดี)
1675,2025-05-30,2568,5,ฤดูแล้ง,NHK02,หนองหาร (Lake),ธาตุนาเวง,7.07,29.4,240.0,4.84,4.72,14.4,1.11,1.816,1.364,12411,6187,62.3,B (ดี)
1676,2024-01-02,2567,1,ฤดูแล้ง,BNH08,ลำห้วย (Tributary),เมืองสกลนคร,7.12,24.7,426.0,3.26,8.21,40.1,1.95,3.378,2.547,87099,42408,39.4,D (เสื่อมโทรม)
1677,2025-05-23,2568,5,ฤดูแล้ง,NHK07,หนองหาร (Lake),บ้านแป้น,7.45,30.7,221.0,4.98,2.05,5.3,0.182,2.091,0.697,4222,1526,70.6,B (ดี)
1678,2025-09-04,2568,9,ฤดูฝน,NHK07,หนองหาร (Lake),บ้านแป้น,6.85,28.3,284.0,6.89,2.03,4.0,0.051,1.229,0.27,1348,732,84.9,A (ดีมาก)
1679,2025-01-12,2568,1,ฤดูแล้ง,BNH01,ลำห้วย (Tributary),ธาตุนาเวง,7.32,24.4,413.0,3.3,5.47,16.7,1.71,3.282,2.639,58777,26045,40.8,C (พอใช้)
1680,2024-03-11,2567,3,ฤดูแล้ง,NHK10,หนองหาร (Lake),งิ้วด่อน,6.93,28.3,247.0,7.34,0.89,4.0,0.226,0.826,0.857,1052,395,84.3,A (ดีมาก)
1681,2024-10-12,2567,10,ฤดูฝน,BNH03,ลำห้วย (Tributary),ท่าแร่,6.98,29.3,256.0,3.7,6.57,32.9,1.373,3.392,2.303,34337,14066,45.8,C (พอใช้)
1682,2025-03-14,2568,3,ฤดูแล้ง,NHK04,หนองหาร (Lake),เชียงเครือ,6.53,25.4,276.0,6.2,0.3,4.4,0.46,1.099,0.212,3247,1473,80.2,A (ดีมาก)
1683,2024-05-28,2567,5,ฤดูแล้ง,NHK07,หนองหาร (Lake),บ้านแป้น,7.76,29.2,295.0,7.34,2.33,11.2,0.631,2.584,0.565,4367,2537,77.6,B (ดี)
1684,2024-08-30,2567,8,ฤดูฝน,NHK09,หนองหาร (Lake),เหล่าปอแดง,7.03,30.7,210.0,6.7,0.72,7.4,0.012,1.078,0.277,1870,957,84.7,A (ดีมาก)
1685,2025-04-10,2568,4,ฤดูแล้ง,NHK09,หนองหาร (Lake),เหล่าปอแดง,7.21,28.1,298.0,7.11,1.74,5.4,0.115,1.314,0.287,5977,2249,85.1,A (ดีมาก)
1686,2024-04-22,2567,4,ฤดูแล้ง,BNH08,ลำห้วย (Tributary),เมืองสกลนคร,7.23,26.7,359.0,3.37,6.53,26.2,1.609,3.746,2.178,42060,19835,42.4,C (พอใช้)
1687,2025-08-17,2568,8,ฤดูฝน,BNH04,ลำห้วย (Tributary),นาแก้ว,6.94,31.2,333.0,4.42,6.38,34.4,1.324,3.474,2.171,37005,9505,49.7,C (พอใช้)
1688,2024-03-24,2567,3,ฤดูแล้ง,NHK01,หนองหาร (Lake),เมืองสกลนคร,6.67,26.5,190.0,6.66,0.33,4.0,0.153,1.192,0.164,4567,1968,83.9,A (ดีมาก)
1689,2025-02-04,2568,2,ฤดูแล้ง,BNH02,ลำห้วย (Tributary),เชียงเครือ,6.89,25.2,338.0,4.97,3.94,19.1,0.697,2.186,1.162,22742,9659,65.0,B (ดี)
1690,2024-08-24,2567,8,ฤดูฝน,NHK09,หนองหาร (Lake),เหล่าปอแดง,7.27,31.7,234.0,7.98,1.28,7.8,0.036,1.047,0.702,7583,4052,88.3,A (ดีมาก)
1691,2025-03-14,2568,3,ฤดูแล้ง,NHK09,หนองหาร (Lake),เหล่าปอแดง,7.26,27.7,128.0,6.4,2.02,5.9,0.138,1.05,1.115,5720,2495,78.6,B (ดี)
1692,2025-03-01,2568,3,ฤดูแล้ง,NHK10,หนองหาร (Lake),งิ้วด่อน,7.31,25.7,169.0,6.96,1.6,9.2,0.25,0.888,0.378,2685,1456,84.6,A (ดีมาก)
1693,2024-08-09,2567,8,ฤดูฝน,BNH05,ลำห้วย (Tributary),ม่วงลาย,7.64,31.8,362.0,4.52,2.82,15.4,0.474,1.924,1.897,18841,9772,61.5,B (ดี)
1694,2025-08-12,2568,8,ฤดูฝน,NHK09,หนองหาร (Lake),เหล่าปอแดง,6.82,30.8,199.0,8.64,2.09,16.7,0.01,1.6,0.714,3271,1584,89.5,A (ดีมาก)
1695,2025-10-21,2568,10,ฤดูฝน,BNH01,ลำห้วย (Tributary),ธาตุนาเวง,6.64,29.7,322.0,6.3,4.25,25.9,1.641,3.176,2.2,40018,14401,57.0,C (พอใช้)
1696,2024-01-27,2567,1,ฤดูแล้ง,BNH01,ลำห้วย (Tributary),ธาตุนาเวง,6.66,25.9,458.0,2.45,7.22,28.5,1.523,3.201,2.883,48335,21963,37.1,D (เสื่อมโทรม)
1697,2024-03-10,2567,3,ฤดูแล้ง,NHK10,หนองหาร (Lake),งิ้วด่อน,7.07,26.6,267.0,7.12,0.3,4.1,0.174,0.846,0.289,6801,2509,86.4,A (ดีมาก)
1698,2025-12-06,2568,12,ฤดูแล้ง,NHK06,หนองหาร (Lake),บ้านแป้น,7.13,25.5,200.0,7.29,0.3,4.0,0.141,0.925,0.222,4058,869,87.4,A (ดีมาก)
1699,2024-05-27,2567,5,ฤดูแล้ง,NHK03,หนองหาร (Lake),ฮางโฮง,6.95,28.4,229.0,6.99,1.35,17.6,0.184,0.611,0.399,2375,798,86.0,A (ดีมาก)
1700,2025-12-09,2568,12,ฤดูแล้ง,NHK03,หนองหาร (Lake),ฮางโฮง,7.24,26.7,253.0,6.53,2.71,17.2,0.141,0.928,0.203,6890,2177,84.1,A (ดีมาก)
1701,2024-02-10,2567,2,ฤดูแล้ง,NHK10,หนองหาร (Lake),งิ้วด่อน,7.84,27.9,113.0,8.48,1.92,9.2,0.172,0.829,0.482,633,200,91.5,A (ดีมาก)
1702,2025-08-15,2568,8,ฤดูฝน,BNH06,ลำห้วย (Tributary),เหล่าปอแดง,7.17,32.1,293.0,4.92,2.62,22.7,0.513,1.924,1.487,17126,4170,65.1,B (ดี)
1703,2024-04-11,2567,4,ฤดูแล้ง,NHK01,หนองหาร (Lake),เมืองสกลนคร,7.45,27.4,216.0,7.57,3.22,10.8,0.193,1.181,0.79,999,463,84.7,A (ดีมาก)
1704,2025-04-08,2568,4,ฤดูแล้ง,NHK01,หนองหาร (Lake),เมืองสกลนคร,7.06,28.6,249.0,7.71,0.54,4.0,0.356,0.848,0.394,4395,2389,87.4,A (ดีมาก)
1705,2025-01-18,2568,1,ฤดูแล้ง,BNH08,ลำห้วย (Tributary),เมืองสกลนคร,6.52,25.7,389.0,3.52,5.94,10.8,1.571,3.13,2.668,203455,104293,42.9,C (พอใช้)
1706,2025-02-08,2568,2,ฤดูแล้ง,NHK04,หนองหาร (Lake),เชียงเครือ,7.22,24.7,206.0,7.26,2.41,8.8,0.307,1.171,0.53,4546,2216,83.9,A (ดีมาก)
1707,2025-02-04,2568,2,ฤดูแล้ง,BNH02,ลำห้วย (Tributary),เชียงเครือ,7.33,26.4,344.0,4.21,4.74,30.2,0.657,2.069,1.054,10430,6168,62.8,B (ดี)
1708,2025-05-25,2568,5,ฤดูแล้ง,NHK08,หนองหาร (Lake),นาตงวัฒนา,6.97,28.0,169.0,6.52,0.69,7.4,0.342,0.644,0.458,10326,4418,82.6,A (ดีมาก)
1709,2025-11-28,2568,11,ฤดูแล้ง,BNH01,ลำห้วย (Tributary),ธาตุนาเวง,6.73,25.6,405.0,2.08,6.55,20.0,1.511,4.383,2.353,81879,18764,34.3,D (เสื่อมโทรม)
1710,2024-07-03,2567,7,ฤดูฝน,NHK05,หนองหาร (Lake),ท่าแร่,7.16,32.2,236.0,7.71,0.98,4.0,0.01,0.901,0.442,9425,3516,89.0,A (ดีมาก)
1711,2024-01-18,2567,1,ฤดูแล้ง,BNH04,ลำห้วย (Tributary),นาแก้ว,6.8,25.4,292.0,2.52,6.8,21.0,1.727,3.202,2.384,20100,8870,38.7,D (เสื่อมโทรม)
1712,2025-02-13,2568,2,ฤดูแล้ง,NHK03,หนองหาร (Lake),ฮางโฮง,7.24,25.1,230.0,5.43,0.41,4.0,0.234,1.206,1.129,4850,2440,73.1,B (ดี)
1713,2024-04-29,2567,4,ฤดูแล้ง,NHK02,หนองหาร (Lake),ธาตุนาเวง,7.16,28.5,295.0,4.56,4.8,11.1,1.27,2.054,1.574,7465,3193,58.3,C (พอใช้)
1714,2024-02-29,2567,2,ฤดูแล้ง,BNH03,ลำห้วย (Tributary),ท่าแร่,7.31,24.8,303.0,2.28,7.53,25.3,1.727,3.853,2.519,10638,2431,34.8,D (เสื่อมโทรม)
1715,2025-03-24,2568,3,ฤดูแล้ง,BNH01,ลำห้วย (Tributary),ธาตุนาเวง,6.29,26.7,372.0,3.81,6.35,37.6,1.504,3.104,2.198,130677,26219,47.0,C (พอใช้)
1716,2025-08-13,2568,8,ฤดูฝน,NHK01,หนองหาร (Lake),เมืองสกลนคร,6.95,28.2,216.0,8.99,1.48,4.0,0.01,0.709,0.168,2089,628,96.7,A (ดีมาก)
1717,2025-09-27,2568,9,ฤดูฝน,NHK06,หนองหาร (Lake),บ้านแป้น,6.63,29.1,339.0,8.1,0.82,4.0,0.171,0.61,0.193,8239,3916,92.0,A (ดีมาก)
1718,2025-02-13,2568,2,ฤดูแล้ง,BNH02,ลำห้วย (Tributary),เชียงเครือ,6.65,23.8,344.0,5.95,3.83,14.9,0.622,2.271,1.09,8884,4575,69.9,B (ดี)
1719,2024-12-14,2567,12,ฤดูแล้ง,BNH06,ลำห้วย (Tributary),เหล่าปอแดง,7.15,24.0,397.0,5.64,2.89,18.3,0.93,2.061,1.494,7334,2125,65.4,B (ดี)
1720,2025-10-25,2568,10,ฤดูฝน,BNH01,ลำห้วย (Tributary),ธาตุนาเวง,6.79,26.3,409.0,3.15,7.44,27.5,1.431,4.001,2.203,19680,7352,41.5,C (พอใช้)
1721,2024-02-03,2567,2,ฤดูแล้ง,NHK08,หนองหาร (Lake),นาตงวัฒนา,7.21,26.9,269.0,7.12,3.43,7.6,0.144,0.818,0.181,8864,2125,87.2,A (ดีมาก)
1722,2025-02-21,2568,2,ฤดูแล้ง,NHK04,หนองหาร (Lake),เชียงเครือ,7.19,25.0,108.0,8.36,1.01,8.7,0.104,0.748,0.158,4233,1916,93.3,A (ดีมาก)
1723,2025-12-05,2568,12,ฤดูแล้ง,NHK03,หนองหาร (Lake),ฮางโฮง,7.4,26.9,149.0,6.91,2.97,4.0,0.125,0.806,0.202,5398,1114,86.3,A (ดีมาก)
1724,2024-12-20,2567,12,ฤดูแล้ง,BNH05,ลำห้วย (Tributary),ม่วงลาย,7.15,26.8,303.0,5.26,4.8,27.5,0.681,1.951,1.197,11135,6334,67.0,B (ดี)
1725,2024-01-02,2567,1,ฤดูแล้ง,BNH03,ลำห้วย (Tributary),ท่าแร่,7.56,26.5,384.0,3.84,7.53,29.2,1.677,4.089,2.295,23925,5498,42.4,C (พอใช้)
1726,2025-02-24,2568,2,ฤดูแล้ง,NHK09,หนองหาร (Lake),เหล่าปอแดง,7.67,24.6,262.0,7.65,2.48,16.6,0.183,1.172,0.212,2802,1022,88.0,A (ดีมาก)
1727,2024-05-25,2567,5,ฤดูแล้ง,BNH03,ลำห้วย (Tributary),ท่าแร่,7.41,29.2,391.0,4.23,6.89,28.5,1.911,3.109,2.164,17907,5896,46.7,C (พอใช้)
1728,2024-03-07,2567,3,ฤดูแล้ง,NHK05,หนองหาร (Lake),ท่าแร่,7.07,28.0,232.0,7.37,2.08,10.4,0.444,0.94,1.164,3034,678,81.2,A (ดีมาก)
1729,2024-11-12,2567,11,ฤดูแล้ง,NHK07,หนองหาร (Lake),บ้านแป้น,6.87,26.9,221.0,5.9,2.36,4.0,0.223,1.059,0.374,7403,3951,79.5,B (ดี)
1730,2025-12-17,2568,12,ฤดูแล้ง,BNH04,ลำห้วย (Tributary),นาแก้ว,6.8,25.9,319.0,4.64,4.98,22.1,2.291,3.176,2.181,29456,7310,46.0,C (พอใช้)
1731,2025-12-30,2568,12,ฤดูแล้ง,NHK10,หนองหาร (Lake),งิ้วด่อน,7.45,23.1,263.0,6.0,1.85,9.5,0.156,2.16,0.204,31272,6597,77.5,B (ดี)
1732,2025-07-04,2568,7,ฤดูฝน,BNH06,ลำห้วย (Tributary),เหล่าปอแดง,7.81,31.9,300.0,6.06,3.92,10.5,0.538,2.468,1.221,22475,8858,69.5,B (ดี)
1733,2025-10-11,2568,10,ฤดูฝน,NHK10,หนองหาร (Lake),งิ้วด่อน,7.81,29.0,211.0,6.58,0.3,4.0,0.513,1.012,0.412,3596,2013,80.9,A (ดีมาก)
1734,2024-07-10,2567,7,ฤดูฝน,BNH04,ลำห้วย (Tributary),นาแก้ว,7.12,30.9,340.0,4.23,7.5,32.3,1.343,3.419,2.2,97455,28179,48.7,C (พอใช้)
1735,2025-10-13,2568,10,ฤดูฝน,NHK08,หนองหาร (Lake),นาตงวัฒนา,7.88,26.8,158.0,7.92,0.54,8.1,0.01,0.615,0.418,6487,2390,91.0,A (ดีมาก)
1736,2024-06-08,2567,6,ฤดูฝน,BNH02,ลำห้วย (Tributary),เชียงเครือ,7.24,30.5,305.0,5.06,2.97,18.0,0.463,2.784,1.109,8773,3867,65.0,B (ดี)
1737,2024-04-13,2567,4,ฤดูแล้ง,NHK01,หนองหาร (Lake),เมืองสกลนคร,7.09,25.9,242.0,7.71,1.97,9.2,0.149,0.648,1.071,6678,1376,85.9,A (ดีมาก)
1738,2025-09-04,2568,9,ฤดูฝน,BNH04,ลำห้วย (Tributary),นาแก้ว,6.58,29.6,357.0,4.33,5.72,29.8,1.831,3.124,2.163,76881,40871,47.6,C (พอใช้)
1739,2025-03-19,2568,3,ฤดูแล้ง,NHK04,หนองหาร (Lake),เชียงเครือ,7.16,24.6,234.0,7.14,1.48,14.2,0.534,0.918,0.489,4715,1689,83.2,A (ดีมาก)
1740,2024-03-22,2567,3,ฤดูแล้ง,NHK10,หนองหาร (Lake),งิ้วด่อน,7.49,25.8,324.0,7.01,2.1,11.7,0.629,0.954,0.212,3206,1182,83.3,A (ดีมาก)
1741,2024-10-26,2567,10,ฤดูฝน,NHK10,หนองหาร (Lake),งิ้วด่อน,7.18,28.1,198.0,8.24,0.77,8.1,0.01,2.562,0.308,1590,390,86.5,A (ดีมาก)
1742,2024-04-07,2567,4,ฤดูแล้ง,BNH06,ลำห้วย (Tributary),เหล่าปอแดง,7.21,26.5,344.0,5.31,2.88,17.5,0.718,1.944,1.194,7078,3642,67.0,B (ดี)
1743,2025-04-07,2568,4,ฤดูแล้ง,NHK04,หนองหาร (Lake),เชียงเครือ,6.65,27.3,260.0,7.24,0.3,4.0,0.289,2.24,0.321,3466,1677,81.5,A (ดีมาก)
1744,2025-12-02,2568,12,ฤดูแล้ง,BNH02,ลำห้วย (Tributary),เชียงเครือ,7.18,24.6,291.0,5.04,4.52,14.9,0.662,3.151,1.405,4279,1406,61.1,B (ดี)
1745,2025-06-16,2568,6,ฤดูฝน,BNH06,ลำห้วย (Tributary),เหล่าปอแดง,7.43,30.6,331.0,5.13,3.46,18.5,0.471,2.649,1.315,15269,8914,64.7,B (ดี)
1746,2024-11-22,2567,11,ฤดูแล้ง,NHK03,หนองหาร (Lake),ฮางโฮง,7.56,26.0,236.0,6.92,3.56,24.6,0.316,0.616,1.637,634,263,78.7,B (ดี)
1747,2024-08-07,2567,8,ฤดูฝน,NHK07,หนองหาร (Lake),บ้านแป้น,6.94,32.1,256.0,7.96,1.72,4.0,0.254,0.605,0.248,1335,446,90.7,A (ดีมาก)
1748,2024-07-20,2567,7,ฤดูฝน,BNH01,ลำห้วย (Tributary),ธาตุนาเวง,7.37,30.1,286.0,5.23,5.25,26.1,1.308,3.148,2.271,146966,82207,53.9,C (พอใช้)
1749,2025-11-06,2568,11,ฤดูแล้ง,BNH08,ลำห้วย (Tributary),เมืองสกลนคร,7.7,27.4,424.0,3.53,7.13,29.3,1.512,3.108,2.335,27588,14601,45.0,C (พอใช้)
1750,2025-11-20,2568,11,ฤดูแล้ง,NHK07,หนองหาร (Lake),บ้านแป้น,7.55,26.5,189.0,6.84,0.94,5.8,0.236,0.945,0.264,4844,2104,84.6,A (ดีมาก)
1751,2024-11-19,2567,11,ฤดูแล้ง,NHK07,หนองหาร (Lake),บ้านแป้น,7.18,25.7,151.0,7.3,0.72,4.0,0.343,0.781,0.174,2965,1450,87.0,A (ดีมาก)
1752,2024-03-15,2567,3,ฤดูแล้ง,BNH08,ลำห้วย (Tributary),เมืองสกลนคร,6.44,27.1,364.0,3.56,6.86,28.3,1.584,3.489,2.536,21373,8326,42.5,C (พอใช้)
1753,2025-11-15,2568,11,ฤดูแล้ง,NHK08,หนองหาร (Lake),นาตงวัฒนา,6.9,28.4,284.0,7.3,1.34,7.4,0.156,0.725,0.254,2336,546,87.9,A (ดีมาก)
1754,2024-12-08,2567,12,ฤดูแล้ง,NHK07,หนองหาร (Lake),บ้านแป้น,7.72,26.0,258.0,5.77,1.76,10.3,0.195,0.715,0.487,1005,525,79.7,B (ดี)
1755,2024-08-24,2567,8,ฤดูฝน,NHK06,หนองหาร (Lake),บ้านแป้น,7.13,30.7,211.0,7.6,0.3,4.0,0.092,2.229,1.119,4182,1300,80.2,A (ดีมาก)
1756,2024-08-31,2567,8,ฤดูฝน,BNH05,ลำห้วย (Tributary),ม่วงลาย,6.94,32.1,348.0,6.07,2.66,13.1,0.43,2.274,1.167,22700,7870,71.1,B (ดี)
1757,2025-10-26,2568,10,ฤดูฝน,NHK09,หนองหาร (Lake),เหล่าปอแดง,7.54,27.0,240.0,7.95,0.74,4.0,0.477,1.5,0.283,2304,555,86.2,A (ดีมาก)
1758,2025-04-18,2568,4,ฤดูแล้ง,BNH08,ลำห้วย (Tributary),เมืองสกลนคร,6.54,26.2,329.0,2.93,7.04,24.7,1.619,4.474,2.251,38089,11839,37.6,D (เสื่อมโทรม)
1759,2024-02-18,2567,2,ฤดูแล้ง,NHK05,หนองหาร (Lake),ท่าแร่,7.54,24.2,225.0,6.36,2.19,14.0,0.239,0.668,0.205,4116,1111,83.7,A (ดีมาก)
1760,2024-02-13,2567,2,ฤดูแล้ง,BNH08,ลำห้วย (Tributary),เมืองสกลนคร,6.54,25.1,363.0,3.33,6.55,20.6,2.006,3.314,2.339,21049,6466,40.6,C (พอใช้)
1761,2024-10-25,2567,10,ฤดูฝน,BNH01,ลำห้วย (Tributary),ธาตุนาเวง,7.15,28.6,422.0,4.06,5.04,23.2,1.326,3.135,2.156,33817,8111,49.2,C (พอใช้)
1762,2025-11-01,2568,11,ฤดูแล้ง,NHK06,หนองหาร (Lake),บ้านแป้น,6.51,28.5,185.0,6.37,0.3,4.0,0.183,0.625,0.351,5781,3291,83.4,A (ดีมาก)
1763,2025-07-24,2568,7,ฤดูฝน,NHK01,หนองหาร (Lake),เมืองสกลนคร,6.9,32.0,235.0,7.71,0.3,4.0,0.01,0.643,0.48,3770,1482,89.7,A (ดีมาก)
1764,2024-09-16,2567,9,ฤดูฝน,NHK06,หนองหาร (Lake),บ้านแป้น,7.26,29.0,206.0,7.47,0.3,4.0,0.212,1.206,0.23,2736,1258,86.8,A (ดีมาก)
1765,2025-07-11,2568,7,ฤดูฝน,BNH04,ลำห้วย (Tributary),นาแก้ว,6.62,29.7,348.0,4.06,5.46,23.9,1.394,3.33,2.416,48626,21185,46.9,C (พอใช้)
1766,2024-02-18,2567,2,ฤดูแล้ง,NHK03,หนองหาร (Lake),ฮางโฮง,7.25,24.0,225.0,8.2,1.78,4.0,0.162,0.859,0.321,4730,1294,91.0,A (ดีมาก)
1767,2025-11-28,2568,11,ฤดูแล้ง,NHK02,หนองหาร (Lake),ธาตุนาเวง,7.52,27.2,284.0,5.42,4.36,21.9,1.068,3.079,1.326,3913,1876,61.1,B (ดี)
1768,2024-01-17,2567,1,ฤดูแล้ง,NHK09,หนองหาร (Lake),เหล่าปอแดง,6.81,27.4,195.0,6.54,2.9,13.3,0.386,1.383,0.163,4472,2038,81.4,A (ดีมาก)
1769,2024-05-23,2567,5,ฤดูแล้ง,NHK08,หนองหาร (Lake),นาตงวัฒนา,7.63,27.7,264.0,6.48,3.54,9.9,0.275,0.711,0.285,17405,6946,83.4,A (ดีมาก)
1770,2025-02-28,2568,2,ฤดูแล้ง,NHK02,หนองหาร (Lake),ธาตุนาเวง,6.94,26.3,251.0,4.07,3.13,18.4,1.244,1.91,1.258,55876,27186,58.3,C (พอใช้)
1771,2025-06-15,2568,6,ฤดูฝน,BNH02,ลำห้วย (Tributary),เชียงเครือ,7.62,30.6,354.0,4.97,3.1,17.0,0.407,2.066,1.327,14919,8270,66.2,B (ดี)
1772,2024-07-20,2567,7,ฤดูฝน,BNH03,ลำห้วย (Tributary),ท่าแร่,7.21,32.3,315.0,2.54,7.29,27.4,1.421,3.78,2.566,67245,24234,37.7,D (เสื่อมโทรม)
1773,2024-03-27,2567,3,ฤดูแล้ง,NHK03,หนองหาร (Lake),ฮางโฮง,6.78,27.1,137.0,7.04,1.12,5.7,0.269,0.956,0.419,3128,1819,84.5,A (ดีมาก)
1774,2024-09-21,2567,9,ฤดูฝน,NHK01,หนองหาร (Lake),เมืองสกลนคร,7.36,29.8,245.0,8.44,0.62,4.6,0.01,0.757,0.921,2431,503,90.3,A (ดีมาก)
1775,2024-08-15,2567,8,ฤดูฝน,BNH01,ลำห้วย (Tributary),ธาตุนาเวง,7.8,30.9,435.0,4.29,6.63,29.3,1.41,3.223,2.398,44520,13814,48.3,C (พอใช้)
1776,2024-01-11,2567,1,ฤดูแล้ง,NHK06,หนองหาร (Lake),บ้านแป้น,7.01,25.9,287.0,7.26,1.98,16.6,0.194,0.776,0.292,2058,482,87.1,A (ดีมาก)
1777,2024-01-12,2567,1,ฤดูแล้ง,BNH05,ลำห้วย (Tributary),ม่วงลาย,7.38,24.6,352.0,3.79,3.71,16.8,1.203,2.544,1.133,7086,3488,55.8,C (พอใช้)
1778,2025-04-29,2568,4,ฤดูแล้ง,NHK02,หนองหาร (Lake),ธาตุนาเวง,7.77,28.4,266.0,4.75,4.39,21.0,1.067,1.948,1.458,12741,6400,61.2,B (ดี)
1779,2025-03-31,2568,3,ฤดูแล้ง,NHK10,หนองหาร (Lake),งิ้วด่อน,7.37,26.9,245.0,6.68,1.41,4.0,0.188,1.096,0.288,1182,252,83.5,A (ดีมาก)
1780,2025-01-06,2568,1,ฤดูแล้ง,NHK03,หนองหาร (Lake),ฮางโฮง,7.14,25.8,239.0,5.12,1.86,8.8,0.168,0.693,0.229,2436,964,78.3,B (ดี)
1781,2024-01-20,2567,1,ฤดูแล้ง,BNH01,ลำห้วย (Tributary),ธาตุนาเวง,6.26,26.5,350.0,3.15,7.14,40.6,1.836,3.141,3.422,36947,13156,35.9,D (เสื่อมโทรม)
1782,2024-07-23,2567,7,ฤดูฝน,BNH04,ลำห้วย (Tributary),นาแก้ว,7.05,29.6,370.0,5.25,6.97,23.2,1.415,3.965,2.662,29674,16863,48.7,C (พอใช้)
1783,2025-07-27,2568,7,ฤดูฝน,NHK07,หนองหาร (Lake),บ้านแป้น,6.87,31.0,230.0,6.65,0.5,4.0,0.01,1.301,0.929,13298,2916,80.5,A (ดีมาก)
1784,2025-06-20,2568,6,ฤดูฝน,BNH06,ลำห้วย (Tributary),เหล่าปอแดง,7.5,27.1,290.0,7.04,3.94,31.5,0.449,2.024,1.135,6348,3265,76.3,B (ดี)
1785,2025-11-01,2568,11,ฤดูแล้ง,NHK08,หนองหาร (Lake),นาตงวัฒนา,7.51,23.4,243.0,6.34,3.5,17.3,0.488,0.634,0.259,1860,788,82.0,A (ดีมาก)
1786,2025-02-13,2568,2,ฤดูแล้ง,NHK04,หนองหาร (Lake),เชียงเครือ,7.49,24.7,232.0,7.59,1.53,4.0,0.605,1.017,0.523,3003,1177,84.3,A (ดีมาก)
1787,2024-06-17,2567,6,ฤดูฝน,BNH07,ลำห้วย (Tributary),งิ้วด่อน,7.32,29.1,309.0,6.81,3.73,16.2,0.57,1.959,1.494,4937,2003,73.0,B (ดี)
1788,2024-10-09,2567,10,ฤดูฝน,BNH05,ลำห้วย (Tributary),ม่วงลาย,7.23,27.7,287.0,5.25,4.11,7.6,0.515,2.705,1.298,12378,7056,64.9,B (ดี)
1789,2024-04-19,2567,4,ฤดูแล้ง,BNH06,ลำห้วย (Tributary),เหล่าปอแดง,7.87,28.4,267.0,4.7,2.88,9.5,1.059,2.077,1.341,26637,13856,61.2,B (ดี)
1790,2025-04-27,2568,4,ฤดูแล้ง,NHK01,หนองหาร (Lake),เมืองสกลนคร,7.12,28.2,197.0,6.83,0.96,4.0,0.409,0.951,0.363,3142,1167,83.0,A (ดีมาก)
1791,2024-07-31,2567,7,ฤดูฝน,NHK07,หนองหาร (Lake),บ้านแป้น,7.41,32.6,238.0,8.36,0.3,4.0,0.01,1.229,0.158,1664,758,92.2,A (ดีมาก)
1792,2025-10-24,2568,10,ฤดูฝน,NHK05,หนองหาร (Lake),ท่าแร่,6.76,26.9,255.0,7.43,1.23,7.5,0.075,0.989,0.209,5128,2362,88.3,A (ดีมาก)
1793,2025-10-19,2568,10,ฤดูฝน,BNH01,ลำห้วย (Tributary),ธาตุนาเวง,7.07,29.7,375.0,3.99,7.84,41.4,1.722,3.454,2.209,24471,12158,45.3,C (พอใช้)
1794,2025-01-10,2568,1,ฤดูแล้ง,BNH05,ลำห้วย (Tributary),ม่วงลาย,6.95,25.3,292.0,3.95,2.31,14.0,0.633,2.69,1.051,20449,7092,59.7,C (พอใช้)
1795,2025-03-18,2568,3,ฤดูแล้ง,NHK04,หนองหาร (Lake),เชียงเครือ,7.3,26.3,195.0,6.92,0.3,5.5,0.22,1.007,1.751,11079,2468,77.4,B (ดี)
1796,2024-09-01,2567,9,ฤดูฝน,NHK04,หนองหาร (Lake),เชียงเครือ,7.66,29.2,228.0,6.85,0.3,4.0,0.112,0.632,0.536,5449,1685,85.0,A (ดีมาก)
1797,2025-10-03,2568,10,ฤดูฝน,BNH08,ลำห้วย (Tributary),เมืองสกลนคร,6.8,25.9,386.0,4.0,6.56,31.0,1.33,3.238,3.046,136258,67252,44.2,C (พอใช้)
1798,2025-12-01,2568,12,ฤดูแล้ง,NHK04,หนองหาร (Lake),เชียงเครือ,7.32,24.2,278.0,5.82,4.1,19.8,0.106,0.779,0.308,2765,617,81.1,A (ดีมาก)
1799,2024-08-05,2567,8,ฤดูฝน,NHK05,หนองหาร (Lake),ท่าแร่,7.47,32.5,135.0,7.66,0.52,4.0,0.053,1.003,0.407,2792,673,88.4,A (ดีมาก)
1800,2024-12-27,2567,12,ฤดูแล้ง,BNH02,ลำห้วย (Tributary),เชียงเครือ,7.47,26.2,321.0,6.09,4.04,23.3,0.903,1.986,1.066,7466,3707,70.0,B (ดี)
1801,2025-02-08,2568,2,ฤดูแล้ง,BNH07,ลำห้วย (Tributary),งิ้วด่อน,7.51,25.9,271.0,4.51,3.32,11.9,0.791,2.626,1.919,9883,5030,57.2,C (พอใช้)
1802,2024-03-19,2567,3,ฤดูแล้ง,NHK07,หนองหาร (Lake),บ้านแป้น,7.07,23.8,161.0,6.3,1.03,9.0,0.346,0.725,0.157,2706,894,82.8,A (ดีมาก)
1803,2024-05-27,2567,5,ฤดูแล้ง,BNH05,ลำห้วย (Tributary),ม่วงลาย,7.94,30.4,249.0,5.75,2.44,11.2,0.735,2.141,1.08,4141,958,68.8,B (ดี)
1804,2025-03-02,2568,3,ฤดูแล้ง,BNH06,ลำห้วย (Tributary),เหล่าปอแดง,7.38,28.7,407.0,4.13,2.74,17.6,0.633,2.076,1.202,17651,8108,61.8,B (ดี)
1805,2025-08-09,2568,8,ฤดูฝน,NHK03,หนองหาร (Lake),ฮางโฮง,7.31,31.8,206.0,6.57,0.55,4.0,0.253,0.609,0.188,4187,905,84.8,A (ดีมาก)
1806,2024-06-05,2567,6,ฤดูฝน,NHK03,หนองหาร (Lake),ฮางโฮง,7.0,28.6,267.0,6.85,1.21,8.5,0.01,0.939,0.184,3325,833,86.3,A (ดีมาก)
1807,2024-04-13,2567,4,ฤดูแล้ง,NHK02,หนองหาร (Lake),ธาตุนาเวง,6.76,28.2,380.0,3.68,5.61,26.4,1.269,2.578,1.496,20045,9555,53.0,C (พอใช้)
1808,2024-01-28,2567,1,ฤดูแล้ง,BNH04,ลำห้วย (Tributary),นาแก้ว,6.75,24.9,388.0,2.46,6.39,29.6,1.532,3.947,2.318,50055,21467,37.4,D (เสื่อมโทรม)
1809,2024-10-30,2567,10,ฤดูฝน,BNH05,ลำห้วย (Tributary),ม่วงลาย,7.15,27.7,303.0,5.45,4.58,18.3,0.541,3.358,1.179,9457,2967,64.1,B (ดี)
1810,2025-08-29,2568,8,ฤดูฝน,BNH08,ลำห้วย (Tributary),เมืองสกลนคร,7.09,29.3,351.0,3.14,8.7,29.1,1.759,3.446,2.192,23453,7390,41.5,C (พอใช้)
1811,2024-11-07,2567,11,ฤดูแล้ง,BNH02,ลำห้วย (Tributary),เชียงเครือ,7.31,26.2,330.0,4.57,3.15,18.5,0.623,2.73,1.289,8460,2388,61.2,B (ดี)
1812,2025-03-15,2568,3,ฤดูแล้ง,BNH03,ลำห้วย (Tributary),ท่าแร่,7.38,25.0,348.0,2.33,7.46,29.6,1.525,3.114,2.321,23436,7020,39.7,D (เสื่อมโทรม)
1813,2025-02-12,2568,2,ฤดูแล้ง,BNH02,ลำห้วย (Tributary),เชียงเครือ,7.26,25.0,292.0,4.83,5.49,27.1,0.644,2.917,1.741,11631,5914,59.4,C (พอใช้)
1814,2025-05-16,2568,5,ฤดูแล้ง,BNH01,ลำห้วย (Tributary),ธาตุนาเวง,7.13,30.5,403.0,1.86,6.24,25.3,1.675,3.108,2.591,51198,22595,35.4,D (เสื่อมโทรม)
1815,2024-11-23,2567,11,ฤดูแล้ง,NHK07,หนองหาร (Lake),บ้านแป้น,7.75,28.0,166.0,8.05,2.44,22.0,0.662,0.657,0.258,6450,3295,88.5,A (ดีมาก)
1816,2024-08-15,2567,8,ฤดูฝน,BNH01,ลำห้วย (Tributary),ธาตุนาเวง,6.76,31.0,395.0,4.05,5.26,21.9,1.577,3.489,2.262,55983,16377,46.0,C (พอใช้)
1817,2024-11-19,2567,11,ฤดูแล้ง,NHK07,หนองหาร (Lake),บ้านแป้น,7.77,27.6,234.0,6.3,2.07,9.2,0.263,0.73,0.233,1081,284,82.9,A (ดีมาก)
1818,2024-01-25,2567,1,ฤดูแล้ง,NHK06,หนองหาร (Lake),บ้านแป้น,7.55,24.8,292.0,8.2,2.85,12.0,0.155,0.791,0.179,2984,1633,92.0,A (ดีมาก)
1819,2024-03-27,2567,3,ฤดูแล้ง,BNH07,ลำห้วย (Tributary),งิ้วด่อน,6.61,25.9,349.0,6.08,4.93,11.9,0.762,2.403,1.373,4938,2851,67.8,B (ดี)
1820,2024-03-05,2567,3,ฤดูแล้ง,BNH03,ลำห้วย (Tributary),ท่าแร่,7.38,25.6,380.0,3.0,7.25,35.9,1.561,3.384,2.591,23264,10184,40.2,C (พอใช้)
1821,2024-04-18,2567,4,ฤดูแล้ง,NHK01,หนองหาร (Lake),เมืองสกลนคร,7.32,28.3,223.0,6.21,0.3,7.3,0.132,0.624,0.983,3756,833,79.8,B (ดี)
1822,2025-07-29,2568,7,ฤดูฝน,BNH06,ลำห้วย (Tributary),เหล่าปอแดง,7.2,32.0,336.0,4.68,2.12,7.4,0.725,1.937,1.322,6968,1816,63.6,B (ดี)
1823,2025-05-12,2568,5,ฤดูแล้ง,NHK06,หนองหาร (Lake),บ้านแป้น,6.53,29.2,293.0,6.65,1.78,7.9,0.206,2.127,0.267,5777,1992,80.0,B (ดี)
1824,2024-02-22,2567,2,ฤดูแล้ง,BNH05,ลำห้วย (Tributary),ม่วงลาย,6.91,24.0,270.0,4.27,3.29,17.1,0.729,2.358,1.058,24785,13328,61.7,B (ดี)
1825,2025-11-23,2568,11,ฤดูแล้ง,NHK10,หนองหาร (Lake),งิ้วด่อน,7.13,25.5,201.0,6.33,0.3,4.0,0.199,0.703,0.662,2700,1056,81.3,A (ดีมาก)
1826,2025-12-16,2568,12,ฤดูแล้ง,BNH08,ลำห้วย (Tributary),เมืองสกลนคร,7.35,22.7,366.0,3.33,7.66,35.3,1.581,4.656,2.31,36910,12755,38.7,D (เสื่อมโทรม)
1827,2025-08-29,2568,8,ฤดูฝน,NHK09,หนองหาร (Lake),เหล่าปอแดง,7.05,30.7,275.0,8.24,0.3,4.0,0.17,1.101,0.404,3551,1185,90.0,A (ดีมาก)
1828,2025-02-07,2568,2,ฤดูแล้ง,NHK04,หนองหาร (Lake),เชียงเครือ,7.57,27.7,252.0,6.48,0.93,4.0,0.268,0.667,1.022,9746,2971,79.9,B (ดี)
1829,2025-03-10,2568,3,ฤดูแล้ง,BNH06,ลำห้วย (Tributary),เหล่าปอแดง,7.6,26.9,292.0,4.48,4.3,23.1,0.697,1.936,1.133,12078,5018,63.8,B (ดี)
1830,2024-03-03,2567,3,ฤดูแล้ง,NHK10,หนองหาร (Lake),งิ้วด่อน,7.91,27.9,235.0,7.23,1.61,4.0,0.176,0.638,0.162,4107,898,88.2,A (ดีมาก)
1831,2025-11-08,2568,11,ฤดูแล้ง,BNH06,ลำห้วย (Tributary),เหล่าปอแดง,7.23,26.3,319.0,4.52,2.08,8.8,0.755,2.502,1.253,5776,1851,61.2,B (ดี)
1832,2025-06-23,2568,6,ฤดูฝน,NHK03,หนองหาร (Lake),ฮางโฮง,7.12,31.1,212.0,8.69,0.34,6.7,0.01,0.846,0.264,1559,766,94.4,A (ดีมาก)
1833,2025-11-07,2568,11,ฤดูแล้ง,NHK06,หนองหาร (Lake),บ้านแป้น,6.96,25.9,240.0,7.8,0.3,4.0,0.12,0.945,0.313,3502,1402,89.3,A (ดีมาก)
1834,2024-02-18,2567,2,ฤดูแล้ง,BNH07,ลำห้วย (Tributary),งิ้วด่อน,6.52,24.7,277.0,5.29,3.08,11.4,0.626,1.969,1.067,13853,4474,68.0,B (ดี)
1835,2025-11-16,2568,11,ฤดูแล้ง,BNH08,ลำห้วย (Tributary),เมืองสกลนคร,7.12,25.2,375.0,2.58,6.57,32.5,1.698,3.448,2.821,28015,10460,36.2,D (เสื่อมโทรม)
1836,2024-08-20,2567,8,ฤดูฝน,NHK08,หนองหาร (Lake),นาตงวัฒนา,7.2,31.8,275.0,7.12,1.28,4.0,0.01,0.613,0.327,4711,1081,87.9,A (ดีมาก)
1837,2025-09-10,2568,9,ฤดูฝน,NHK02,หนองหาร (Lake),ธาตุนาเวง,7.0,27.8,274.0,5.56,3.14,6.1,0.914,2.685,1.592,26055,13307,62.6,B (ดี)
1838,2025-11-13,2568,11,ฤดูแล้ง,NHK08,หนองหาร (Lake),นาตงวัฒนา,6.95,26.7,247.0,4.5,2.16,7.6,0.232,0.635,0.158,8241,4220,75.8,B (ดี)
1839,2024-09-30,2567,9,ฤดูฝน,BNH07,ลำห้วย (Tributary),งิ้วด่อน,7.0,31.6,330.0,4.73,2.63,24.0,0.799,2.061,1.448,5913,2898,62.3,B (ดี)
1840,2024-10-08,2567,10,ฤดูฝน,NHK05,หนองหาร (Lake),ท่าแร่,8.32,28.1,217.0,7.56,0.3,4.0,0.051,0.8,0.717,981,492,87.1,A (ดีมาก)
1841,2025-09-20,2568,9,ฤดูฝน,BNH03,ลำห้วย (Tributary),ท่าแร่,7.28,28.3,458.0,3.52,5.48,20.1,1.392,3.571,2.181,21325,8147,44.9,C (พอใช้)
1842,2024-08-12,2567,8,ฤดูฝน,BNH02,ลำห้วย (Tributary),เชียงเครือ,7.0,30.3,359.0,6.57,4.81,32.2,0.427,2.069,1.165,10766,2516,74.0,B (ดี)
1843,2024-02-08,2567,2,ฤดูแล้ง,NHK08,หนองหาร (Lake),นาตงวัฒนา,7.16,25.8,272.0,6.63,3.15,17.7,0.124,1.292,0.183,8663,2141,83.5,A (ดีมาก)
1844,2025-05-07,2568,5,ฤดูแล้ง,BNH05,ลำห้วย (Tributary),ม่วงลาย,6.73,29.3,335.0,4.5,5.13,16.3,0.809,2.956,1.12,4464,2118,59.9,C (พอใช้)
1845,2025-09-21,2568,9,ฤดูฝน,NHK02,หนองหาร (Lake),ธาตุนาเวง,7.18,28.2,294.0,5.5,3.64,18.4,0.836,2.297,1.738,9765,2151,63.3,B (ดี)
1846,2024-08-24,2567,8,ฤดูฝน,NHK01,หนองหาร (Lake),เมืองสกลนคร,7.31,30.1,217.0,8.27,0.3,4.0,0.246,1.241,0.299,2321,702,89.7,A (ดีมาก)
1847,2025-12-07,2568,12,ฤดูแล้ง,NHK01,หนองหาร (Lake),เมืองสกลนคร,7.53,25.2,196.0,7.19,3.46,27.3,0.276,0.78,0.346,10376,5231,86.1,A (ดีมาก)
1848,2024-06-21,2567,6,ฤดูฝน,BNH08,ลำห้วย (Tributary),เมืองสกลนคร,6.97,30.3,395.0,4.95,6.3,30.9,1.755,3.398,2.247,122559,46223,49.4,C (พอใช้)
1849,2025-01-03,2568,1,ฤดูแล้ง,NHK06,หนองหาร (Lake),บ้านแป้น,7.22,25.4,216.0,6.71,2.44,7.9,0.201,1.227,0.216,2938,952,83.5,A (ดีมาก)
1850,2025-03-10,2568,3,ฤดูแล้ง,BNH06,ลำห้วย (Tributary),เหล่าปอแดง,7.11,27.5,395.0,4.68,3.69,21.3,0.618,2.134,1.266,6845,3035,63.8,B (ดี)
1851,2024-03-19,2567,3,ฤดูแล้ง,NHK04,หนองหาร (Lake),เชียงเครือ,6.59,28.1,234.0,7.7,1.45,8.7,0.189,0.908,0.52,6538,3825,87.5,A (ดีมาก)
1852,2025-08-16,2568,8,ฤดูฝน,NHK01,หนองหาร (Lake),เมืองสกลนคร,6.86,27.4,236.0,6.73,1.15,4.0,0.158,0.635,0.36,3541,1790,85.1,A (ดีมาก)
1853,2024-10-08,2567,10,ฤดูฝน,NHK05,หนองหาร (Lake),ท่าแร่,7.19,27.7,201.0,7.89,0.3,4.0,0.01,1.923,0.213,2710,1304,87.5,A (ดีมาก)
1854,2024-10-02,2567,10,ฤดูฝน,NHK01,หนองหาร (Lake),เมืองสกลนคร,6.92,30.3,163.0,7.15,0.71,7.7,0.01,0.997,0.511,1523,704,85.9,A (ดีมาก)
1855,2024-02-18,2567,2,ฤดูแล้ง,NHK01,หนองหาร (Lake),เมืองสกลนคร,7.24,26.4,241.0,6.75,2.72,16.8,0.565,1.604,0.264,535,185,80.1,A (ดีมาก)
1856,2024-02-03,2567,2,ฤดูแล้ง,NHK09,หนองหาร (Lake),เหล่าปอแดง,7.08,24.0,182.0,6.38,1.33,13.7,0.419,1.072,0.459,2412,942,80.1,A (ดีมาก)
1857,2024-01-02,2567,1,ฤดูแล้ง,NHK06,หนองหาร (Lake),บ้านแป้น,7.89,24.6,254.0,8.54,2.04,11.4,0.502,0.698,0.218,7336,1589,91.7,A (ดีมาก)
1858,2025-02-08,2568,2,ฤดูแล้ง,BNH05,ลำห้วย (Tributary),ม่วงลาย,7.45,23.6,352.0,4.37,3.22,6.1,0.668,2.323,1.796,21086,6629,58.9,C (พอใช้)
1859,2024-02-23,2567,2,ฤดูแล้ง,NHK04,หนองหาร (Lake),เชียงเครือ,6.92,26.9,170.0,6.72,1.35,22.2,0.182,1.049,0.34,3640,1996,83.6,A (ดีมาก)
1860,2024-08-08,2567,8,ฤดูฝน,BNH05,ลำห้วย (Tributary),ม่วงลาย,7.68,32.3,249.0,6.17,3.72,23.7,0.421,1.94,1.494,16838,6657,71.1,B (ดี)
1861,2024-02-11,2567,2,ฤดูแล้ง,BNH08,ลำห้วย (Tributary),เมืองสกลนคร,7.36,24.2,449.0,1.85,7.29,20.2,1.633,3.364,2.437,120719,32075,35.5,D (เสื่อมโทรม)
1862,2025-12-23,2568,12,ฤดูแล้ง,BNH06,ลำห้วย (Tributary),เหล่าปอแดง,7.12,25.7,315.0,6.53,3.95,19.3,0.664,1.999,1.565,6287,2732,70.7,B (ดี)
1863,2024-09-09,2567,9,ฤดูฝน,BNH05,ลำห้วย (Tributary),ม่วงลาย,6.64,27.9,255.0,6.21,1.32,4.0,1.164,2.013,1.096,18689,5249,68.8,B (ดี)
1864,2025-12-08,2568,12,ฤดูแล้ง,BNH07,ลำห้วย (Tributary),งิ้วด่อน,7.13,26.3,328.0,5.17,3.4,14.8,0.737,2.529,1.068,42404,11280,65.0,B (ดี)
1865,2025-01-28,2568,1,ฤดูแล้ง,BNH06,ลำห้วย (Tributary),เหล่าปอแดง,7.41,24.6,395.0,3.93,3.77,13.8,0.643,2.365,1.586,6437,3734,58.0,C (พอใช้)
1866,2024-07-22,2567,7,ฤดูฝน,BNH02,ลำห้วย (Tributary),เชียงเครือ,7.35,30.3,315.0,5.2,4.42,6.5,0.54,1.997,1.16,4167,1401,67.6,B (ดี)
1867,2025-08-05,2568,8,ฤดูฝน,NHK06,หนองหาร (Lake),บ้านแป้น,6.97,31.4,228.0,7.97,1.45,4.4,0.01,1.422,0.241,3640,1694,89.4,A (ดีมาก)
1868,2024-01-26,2567,1,ฤดูแล้ง,NHK05,หนองหาร (Lake),ท่าแร่,7.3,25.0,295.0,6.72,2.02,6.2,0.219,1.395,0.28,4780,1082,82.6,A (ดีมาก)
1869,2024-02-06,2567,2,ฤดูแล้ง,BNH01,ลำห้วย (Tributary),ธาตุนาเวง,6.91,26.7,368.0,2.11,8.09,31.7,1.56,3.117,2.151,71862,19392,39.3,D (เสื่อมโทรม)
1870,2024-06-06,2567,6,ฤดูฝน,NHK03,หนองหาร (Lake),ฮางโฮง,6.72,31.4,197.0,7.85,0.3,4.0,0.01,0.751,0.159,9927,5592,91.5,A (ดีมาก)
1871,2025-08-30,2568,8,ฤดูฝน,BNH03,ลำห้วย (Tributary),ท่าแร่,6.79,28.5,350.0,3.51,8.0,35.7,1.467,3.36,2.885,26974,14345,41.6,C (พอใช้)
1872,2024-07-24,2567,7,ฤดูฝน,NHK09,หนองหาร (Lake),เหล่าปอแดง,7.4,31.6,207.0,7.63,0.45,4.0,0.01,1.533,1.362,6691,2651,81.9,A (ดีมาก)
1873,2024-02-14,2567,2,ฤดูแล้ง,NHK09,หนองหาร (Lake),เหล่าปอแดง,7.2,25.7,228.0,7.58,1.18,4.0,0.177,0.632,0.425,17810,6577,88.5,A (ดีมาก)
1874,2025-09-29,2568,9,ฤดูฝน,BNH04,ลำห้วย (Tributary),นาแก้ว,6.23,29.7,349.0,4.93,7.58,26.8,1.463,3.121,2.342,11836,2671,51.5,C (พอใช้)
1875,2025-03-07,2568,3,ฤดูแล้ง,NHK10,หนองหาร (Lake),งิ้วด่อน,7.01,28.2,236.0,6.16,1.02,5.9,0.11,0.776,0.424,5338,1534,82.0,A (ดีมาก)
1876,2025-04-13,2568,4,ฤดูแล้ง,BNH03,ลำห้วย (Tributary),ท่าแร่,7.06,27.9,416.0,3.55,6.02,34.1,1.619,3.243,2.568,38986,8021,42.9,C (พอใช้)
1877,2025-03-24,2568,3,ฤดูแล้ง,NHK06,หนองหาร (Lake),บ้านแป้น,7.14,27.0,250.0,6.42,1.59,7.8,0.151,0.715,0.181,1700,658,84.4,A (ดีมาก)
1878,2025-08-08,2568,8,ฤดูฝน,BNH05,ลำห้วย (Tributary),ม่วงลาย,7.48,31.1,350.0,5.75,2.36,7.0,0.424,2.255,1.426,7882,1722,68.5,B (ดี)
1879,2024-01-04,2567,1,ฤดูแล้ง,NHK02,หนองหาร (Lake),ธาตุนาเวง,7.29,25.3,288.0,3.42,5.04,29.7,1.06,1.809,1.26,18566,6933,56.8,C (พอใช้)
1880,2024-12-11,2567,12,ฤดูแล้ง,BNH07,ลำห้วย (Tributary),งิ้วด่อน,7.2,24.5,363.0,5.05,4.52,21.1,0.699,2.144,1.293,11896,5868,64.9,B (ดี)
1881,2024-08-12,2567,8,ฤดูฝน,NHK07,หนองหาร (Lake),บ้านแป้น,7.17,28.3,252.0,7.56,0.68,5.1,0.034,1.072,0.237,1904,851,88.7,A (ดีมาก)
1882,2025-11-22,2568,11,ฤดูแล้ง,BNH01,ลำห้วย (Tributary),ธาตุนาเวง,7.88,24.5,371.0,2.4,7.8,32.7,2.018,3.372,2.413,56602,15362,35.8,D (เสื่อมโทรม)
1883,2024-03-27,2567,3,ฤดูแล้ง,NHK03,หนองหาร (Lake),ฮางโฮง,6.9,26.0,223.0,6.46,0.3,4.0,0.748,1.181,0.342,3519,952,78.8,B (ดี)
1884,2024-10-03,2567,10,ฤดูฝน,NHK04,หนองหาร (Lake),เชียงเครือ,7.24,27.9,224.0,7.41,0.44,4.0,0.01,0.648,0.295,1494,420,89.2,A (ดีมาก)
1885,2024-04-08,2567,4,ฤดูแล้ง,NHK01,หนองหาร (Lake),เมืองสกลนคร,6.97,27.1,269.0,6.46,3.67,10.2,0.643,0.748,0.654,6071,1909,79.3,B (ดี)
1886,2025-09-10,2568,9,ฤดูฝน,BNH08,ลำห้วย (Tributary),เมืองสกลนคร,7.0,28.7,348.0,3.78,6.24,27.7,1.322,3.108,2.401,14810,3260,46.9,C (พอใช้)
1887,2024-11-19,2567,11,ฤดูแล้ง,NHK06,หนองหาร (Lake),บ้านแป้น,6.68,26.7,256.0,7.37,1.45,4.5,0.187,1.577,0.185,2160,1145,85.5,A (ดีมาก)
1888,2025-04-14,2568,4,ฤดูแล้ง,NHK02,หนองหาร (Lake),ธาตุนาเวง,7.0,27.4,299.0,5.2,4.67,20.7,1.081,2.161,1.52,31385,18693,62.1,B (ดี)
1889,2025-03-04,2568,3,ฤดูแล้ง,NHK10,หนองหาร (Lake),งิ้วด่อน,7.4,26.3,201.0,6.86,1.69,4.0,0.297,0.605,0.917,2272,1051,82.2,A (ดีมาก)
1890,2024-04-04,2567,4,ฤดูแล้ง,NHK07,หนองหาร (Lake),บ้านแป้น,7.06,28.6,184.0,6.41,2.22,6.4,0.152,0.976,0.535,1691,478,81.7,A (ดีมาก)
1891,2025-12-06,2568,12,ฤดูแล้ง,BNH03,ลำห้วย (Tributary),ท่าแร่,7.21,26.8,424.0,2.81,5.63,28.9,1.536,4.26,2.187,24577,9599,38.6,D (เสื่อมโทรม)
1892,2024-08-29,2567,8,ฤดูฝน,NHK04,หนองหาร (Lake),เชียงเครือ,7.7,31.0,258.0,7.36,0.3,7.0,0.08,0.87,0.184,17155,4880,88.4,A (ดีมาก)
1893,2024-02-12,2567,2,ฤดูแล้ง,BNH05,ลำห้วย (Tributary),ม่วงลาย,6.77,26.4,319.0,5.68,4.18,23.9,0.624,1.994,1.397,19698,10659,68.0,B (ดี)
1894,2024-05-28,2567,5,ฤดูแล้ง,BNH03,ลำห้วย (Tributary),ท่าแร่,6.56,30.0,388.0,2.66,8.58,32.4,1.684,3.35,2.183,177883,78389,40.1,C (พอใช้)
1895,2025-09-05,2568,9,ฤดูฝน,BNH01,ลำห้วย (Tributary),ธาตุนาเวง,6.44,29.2,417.0,4.21,6.17,35.5,1.655,3.332,2.205,73435,16236,47.1,C (พอใช้)
1896,2025-02-27,2568,2,ฤดูแล้ง,BNH03,ลำห้วย (Tributary),ท่าแร่,7.44,24.6,419.0,2.77,5.52,32.3,1.653,3.405,2.221,18638,10739,40.4,C (พอใช้)
1897,2024-04-08,2567,4,ฤดูแล้ง,BNH07,ลำห้วย (Tributary),งิ้วด่อน,6.47,27.2,304.0,4.05,3.66,8.6,0.719,2.845,1.09,18673,8544,58.9,C (พอใช้)
1898,2025-12-07,2568,12,ฤดูแล้ง,NHK07,หนองหาร (Lake),บ้านแป้น,6.9,25.7,238.0,6.73,1.53,4.0,0.119,0.7,0.858,4118,2315,82.6,A (ดีมาก)
1899,2024-12-18,2567,12,ฤดูแล้ง,NHK05,หนองหาร (Lake),ท่าแร่,7.65,25.9,193.0,5.64,2.01,5.9,0.322,0.703,0.757,12566,2995,77.1,B (ดี)
1900,2025-05-20,2568,5,ฤดูแล้ง,NHK10,หนองหาร (Lake),งิ้วด่อน,7.49,27.8,261.0,7.77,1.92,12.1,0.198,1.34,0.179,2771,1505,88.0,A (ดีมาก)
1901,2024-07-30,2567,7,ฤดูฝน,NHK07,หนองหาร (Lake),บ้านแป้น,7.13,32.4,211.0,6.3,2.33,9.0,0.01,1.213,0.297,4514,2552,82.4,A (ดีมาก)
1902,2024-12-12,2567,12,ฤดูแล้ง,BNH08,ลำห้วย (Tributary),เมืองสกลนคร,6.73,23.3,338.0,2.15,6.44,31.7,1.689,3.566,2.173,12154,5108,37.2,D (เสื่อมโทรม)
1903,2024-02-23,2567,2,ฤดูแล้ง,BNH05,ลำห้วย (Tributary),ม่วงลาย,7.57,26.2,301.0,5.44,3.0,11.3,0.806,2.187,1.46,26572,7012,65.0,B (ดี)
1904,2024-05-17,2567,5,ฤดูแล้ง,NHK06,หนองหาร (Lake),บ้านแป้น,6.86,30.3,229.0,5.96,1.91,7.1,0.101,1.892,0.174,1482,307,78.8,B (ดี)
1905,2025-03-04,2568,3,ฤดูแล้ง,BNH04,ลำห้วย (Tributary),นาแก้ว,7.73,27.4,317.0,2.89,8.66,36.1,1.662,3.249,2.184,21057,11908,41.6,C (พอใช้)
1906,2025-07-23,2568,7,ฤดูฝน,NHK09,หนองหาร (Lake),เหล่าปอแดง,7.39,31.0,224.0,6.36,0.39,4.5,0.011,0.825,0.427,3854,2191,83.3,A (ดีมาก)
1907,2025-12-26,2568,12,ฤดูแล้ง,NHK09,หนองหาร (Lake),เหล่าปอแดง,7.17,25.3,299.0,6.34,2.88,14.6,0.1,0.859,0.299,17991,3805,83.3,A (ดีมาก)
1908,2025-01-05,2568,1,ฤดูแล้ง,NHK04,หนองหาร (Lake),เชียงเครือ,7.31,24.0,245.0,5.5,0.83,8.7,0.194,0.915,0.248,6930,3862,79.0,B (ดี)
1909,2024-07-12,2567,7,ฤดูฝน,NHK10,หนองหาร (Lake),งิ้วด่อน,7.27,33.0,227.0,8.01,0.3,4.0,0.01,0.844,0.193,2372,917,91.8,A (ดีมาก)
1910,2024-03-14,2567,3,ฤดูแล้ง,NHK10,หนองหาร (Lake),งิ้วด่อน,6.25,25.6,340.0,6.98,2.66,11.2,0.44,0.845,1.029,4852,2122,80.6,A (ดีมาก)
1911,2025-07-17,2568,7,ฤดูฝน,BNH06,ลำห้วย (Tributary),เหล่าปอแดง,7.28,31.1,294.0,7.2,3.16,17.5,0.486,2.167,1.109,54991,25258,76.4,B (ดี)
1912,2025-05-23,2568,5,ฤดูแล้ง,NHK08,หนองหาร (Lake),นาตงวัฒนา,7.22,29.9,190.0,7.48,1.36,11.2,0.25,0.975,0.487,4714,2708,86.1,A (ดีมาก)
1913,2025-10-17,2568,10,ฤดูฝน,BNH06,ลำห้วย (Tributary),เหล่าปอแดง,7.5,29.8,285.0,5.94,3.51,16.7,0.647,2.171,1.168,23157,9538,69.6,B (ดี)
1914,2024-08-03,2567,8,ฤดูฝน,BNH07,ลำห้วย (Tributary),งิ้วด่อน,7.15,29.3,315.0,5.72,2.5,11.9,0.531,3.202,1.141,15229,8998,66.0,B (ดี)
1915,2025-07-08,2568,7,ฤดูฝน,BNH02,ลำห้วย (Tributary),เชียงเครือ,7.03,29.9,348.0,7.3,2.39,7.2,0.405,2.456,1.539,1070,506,74.2,B (ดี)
1916,2024-12-24,2567,12,ฤดูแล้ง,NHK10,หนองหาร (Lake),งิ้วด่อน,6.64,24.0,244.0,6.4,0.92,8.6,0.184,2.724,0.165,5341,1726,77.5,B (ดี)
1917,2025-06-15,2568,6,ฤดูฝน,NHK08,หนองหาร (Lake),นาตงวัฒนา,6.63,29.9,186.0,8.93,0.71,15.2,0.465,0.861,0.2,3314,1933,93.2,A (ดีมาก)
1918,2024-01-07,2567,1,ฤดูแล้ง,BNH02,ลำห้วย (Tributary),เชียงเครือ,7.16,24.4,346.0,6.1,4.88,21.7,0.651,2.389,1.069,6082,2696,70.1,B (ดี)
1919,2024-01-05,2567,1,ฤดูแล้ง,NHK10,หนองหาร (Lake),งิ้วด่อน,6.9,25.7,206.0,6.59,0.51,4.0,0.205,0.666,0.272,3107,1092,84.5,A (ดีมาก)
1920,2024-10-26,2567,10,ฤดูฝน,BNH02,ลำห้วย (Tributary),เชียงเครือ,6.84,28.3,359.0,6.63,4.11,11.0,0.561,2.102,1.124,12440,6051,73.6,B (ดี)
1921,2025-03-20,2568,3,ฤดูแล้ง,BNH05,ลำห้วย (Tributary),ม่วงลาย,6.27,24.3,215.0,5.87,4.25,18.0,0.663,2.018,1.115,12022,3593,70.0,B (ดี)
1922,2025-08-09,2568,8,ฤดูฝน,NHK07,หนองหาร (Lake),บ้านแป้น,7.31,29.7,268.0,5.94,2.86,9.0,0.01,1.105,0.188,2045,1159,81.7,A (ดีมาก)
1923,2024-02-25,2567,2,ฤดูแล้ง,NHK06,หนองหาร (Lake),บ้านแป้น,6.64,26.5,222.0,6.62,3.2,16.7,0.134,1.594,0.664,811,375,80.0,A (ดีมาก)
1924,2024-01-10,2567,1,ฤดูแล้ง,NHK05,หนองหาร (Lake),ท่าแร่,6.57,23.8,249.0,7.15,0.5,4.0,0.228,0.615,0.306,10290,5310,86.9,A (ดีมาก)
1925,2025-09-30,2568,9,ฤดูฝน,NHK09,หนองหาร (Lake),เหล่าปอแดง,7.28,29.8,242.0,7.03,1.6,5.2,0.01,0.727,0.157,6568,2397,88.0,A (ดีมาก)
1926,2024-01-11,2567,1,ฤดูแล้ง,BNH01,ลำห้วย (Tributary),ธาตุนาเวง,7.54,24.8,365.0,2.15,7.6,29.6,1.517,3.335,2.263,9924,2167,38.5,D (เสื่อมโทรม)
1927,2025-08-11,2568,8,ฤดูฝน,BNH03,ลำห้วย (Tributary),ท่าแร่,6.99,29.1,402.0,5.48,5.24,20.4,1.444,3.182,2.708,84910,36030,51.9,C (พอใช้)
1928,2025-05-04,2568,5,ฤดูแล้ง,BNH06,ลำห้วย (Tributary),เหล่าปอแดง,7.94,28.1,323.0,5.92,3.84,8.4,0.637,1.937,1.114,44278,20182,70.6,B (ดี)
1929,2025-10-23,2568,10,ฤดูฝน,NHK07,หนองหาร (Lake),บ้านแป้น,7.31,29.1,233.0,7.98,0.87,4.0,0.267,1.089,0.341,4325,1648,88.6,A (ดีมาก)
1930,2024-07-13,2567,7,ฤดูฝน,NHK06,หนองหาร (Lake),บ้านแป้น,7.07,31.6,223.0,7.42,1.27,5.2,0.01,0.89,0.172,6535,1974,89.1,A (ดีมาก)
1931,2024-05-04,2567,5,ฤดูแล้ง,BNH08,ลำห้วย (Tributary),เมืองสกลนคร,6.08,27.8,361.0,3.01,6.11,33.0,1.632,3.28,2.668,34021,10932,39.8,D (เสื่อมโทรม)
1932,2024-07-13,2567,7,ฤดูฝน,NHK01,หนองหาร (Lake),เมืองสกลนคร,7.16,31.0,229.0,8.38,0.69,11.5,0.335,1.474,0.351,8843,2952,88.7,A (ดีมาก)
1933,2025-05-14,2568,5,ฤดูแล้ง,NHK06,หนองหาร (Lake),บ้านแป้น,7.5,28.9,198.0,6.96,1.48,7.7,0.178,0.638,0.271,5232,1455,86.4,A (ดีมาก)
1934,2024-03-14,2567,3,ฤดูแล้ง,BNH06,ลำห้วย (Tributary),เหล่าปอแดง,7.37,29.0,285.0,5.29,3.19,4.0,0.764,2.824,1.849,4031,1610,60.5,B (ดี)
1935,2025-02-23,2568,2,ฤดูแล้ง,NHK08,หนองหาร (Lake),นาตงวัฒนา,6.94,26.6,251.0,6.86,2.65,13.8,0.191,0.749,0.258,4672,2743,85.6,A (ดีมาก)
1936,2025-12-11,2568,12,ฤดูแล้ง,NHK08,หนองหาร (Lake),นาตงวัฒนา,7.38,23.9,253.0,5.81,2.89,5.5,0.544,0.9,0.39,7792,2090,77.8,B (ดี)
1937,2025-03-08,2568,3,ฤดูแล้ง,NHK08,หนองหาร (Lake),นาตงวัฒนา,7.08,26.6,154.0,6.78,1.11,4.0,0.44,1.325,0.661,1924,891,79.9,B (ดี)
1938,2025-10-26,2568,10,ฤดูฝน,BNH05,ลำห้วย (Tributary),ม่วงลาย,7.19,28.2,339.0,6.34,1.51,8.4,0.783,2.468,1.234,6033,1373,69.3,B (ดี)
1939,2024-03-17,2567,3,ฤดูแล้ง,NHK07,หนองหาร (Lake),บ้านแป้น,7.35,27.4,195.0,7.18,1.07,14.2,0.124,0.999,0.631,3115,1595,84.7,A (ดีมาก)
1940,2024-04-24,2567,4,ฤดูแล้ง,NHK02,หนองหาร (Lake),ธาตุนาเวง,6.96,29.7,360.0,3.17,5.45,17.2,1.208,2.395,1.905,8970,2952,49.7,C (พอใช้)
1941,2025-06-11,2568,6,ฤดูฝน,NHK02,หนองหาร (Lake),ธาตุนาเวง,7.14,30.5,275.0,5.0,1.98,8.9,0.933,1.91,1.336,8101,3675,63.8,B (ดี)
1942,2025-06-08,2568,6,ฤดูฝน,BNH06,ลำห้วย (Tributary),เหล่าปอแดง,6.93,30.5,307.0,6.82,3.58,15.1,0.481,1.979,1.473,9523,5254,73.6,B (ดี)
1943,2025-04-02,2568,4,ฤดูแล้ง,NHK08,หนองหาร (Lake),นาตงวัฒนา,7.55,29.0,238.0,8.03,2.34,4.0,0.168,1.298,0.381,4569,2566,88.5,A (ดีมาก)
1944,2024-08-21,2567,8,ฤดูฝน,NHK02,หนองหาร (Lake),ธาตุนาเวง,7.02,31.3,291.0,7.06,3.32,5.0,1.043,3.379,1.387,9533,2185,67.2,B (ดี)
1945,2025-10-16,2568,10,ฤดูฝน,NHK07,หนองหาร (Lake),บ้านแป้น,7.01,29.5,233.0,6.93,0.46,4.0,0.01,0.7,0.698,1070,275,84.9,A (ดีมาก)
1946,2024-06-07,2567,6,ฤดูฝน,BNH05,ลำห้วย (Tributary),ม่วงลาย,7.61,30.8,295.0,6.37,2.03,7.9,0.564,1.975,1.346,22313,10989,71.8,B (ดี)
1947,2025-06-07,2568,6,ฤดูฝน,NHK09,หนองหาร (Lake),เหล่าปอแดง,7.13,29.8,204.0,7.7,0.64,5.1,0.148,0.779,0.332,9197,4999,89.1,A (ดีมาก)
1948,2024-11-28,2567,11,ฤดูแล้ง,BNH01,ลำห้วย (Tributary),ธาตุนาเวง,7.41,28.3,326.0,2.04,8.26,29.6,1.544,3.15,2.29,19433,5114,38.3,D (เสื่อมโทรม)
1949,2024-06-29,2567,6,ฤดูฝน,NHK06,หนองหาร (Lake),บ้านแป้น,6.94,30.8,285.0,6.89,0.3,5.5,0.01,1.072,0.203,1629,738,86.0,A (ดีมาก)
1950,2024-08-24,2567,8,ฤดูฝน,NHK09,หนองหาร (Lake),เหล่าปอแดง,6.96,30.6,237.0,7.85,1.23,4.0,0.01,1.576,0.37,1820,415,87.7,A (ดีมาก)
1951,2025-11-23,2568,11,ฤดูแล้ง,BNH08,ลำห้วย (Tributary),เมืองสกลนคร,7.47,26.6,411.0,3.75,6.98,22.8,1.511,3.483,2.347,135404,58074,44.7,C (พอใช้)
1952,2024-12-18,2567,12,ฤดูแล้ง,NHK08,หนองหาร (Lake),นาตงวัฒนา,6.81,26.3,255.0,6.03,0.3,9.7,0.117,1.011,0.286,2394,762,81.3,A (ดีมาก)
1953,2024-08-14,2567,8,ฤดูฝน,NHK10,หนองหาร (Lake),งิ้วด่อน,6.25,30.8,212.0,8.82,2.24,4.6,0.01,1.14,0.221,3283,1100,94.2,A (ดีมาก)
1954,2024-05-31,2567,5,ฤดูแล้ง,BNH06,ลำห้วย (Tributary),เหล่าปอแดง,7.01,28.6,336.0,4.9,3.49,4.0,0.727,2.034,1.076,8024,2005,65.4,B (ดี)
1955,2025-01-11,2568,1,ฤดูแล้ง,NHK03,หนองหาร (Lake),ฮางโฮง,6.99,25.2,232.0,7.64,1.29,11.1,0.183,0.831,0.29,3446,1558,88.7,A (ดีมาก)
1956,2024-12-25,2567,12,ฤดูแล้ง,NHK04,หนองหาร (Lake),เชียงเครือ,7.44,26.1,197.0,6.62,2.22,15.5,0.232,1.519,0.257,1981,694,81.8,A (ดีมาก)
1957,2025-12-22,2568,12,ฤดูแล้ง,NHK02,หนองหาร (Lake),ธาตุนาเวง,7.47,26.9,313.0,5.44,5.12,26.7,1.053,1.896,1.541,6545,3713,64.1,B (ดี)
1958,2024-04-22,2567,4,ฤดูแล้ง,BNH02,ลำห้วย (Tributary),เชียงเครือ,7.11,26.3,296.0,4.54,3.39,8.2,0.628,3.179,1.073,19876,10036,60.6,B (ดี)
1959,2025-03-18,2568,3,ฤดูแล้ง,NHK02,หนองหาร (Lake),ธาตุนาเวง,7.16,25.3,292.0,4.57,2.18,7.8,1.04,1.831,1.563,7166,3804,60.4,B (ดี)
1960,2025-05-19,2568,5,ฤดูแล้ง,BNH04,ลำห้วย (Tributary),นาแก้ว,7.06,28.4,373.0,2.06,6.83,19.7,1.615,3.177,2.75,28178,5816,35.6,D (เสื่อมโทรม)
1961,2024-09-10,2567,9,ฤดูฝน,BNH07,ลำห้วย (Tributary),งิ้วด่อน,7.94,28.1,328.0,6.32,2.43,15.8,0.44,1.973,1.638,47179,24229,70.8,B (ดี)
1962,2025-07-06,2568,7,ฤดูฝน,BNH01,ลำห้วย (Tributary),ธาตุนาเวง,7.21,30.0,380.0,3.37,5.83,27.5,1.758,3.186,2.358,46227,22104,42.5,C (พอใช้)
1963,2025-09-11,2568,9,ฤดูฝน,BNH06,ลำห้วย (Tributary),เหล่าปอแดง,7.39,29.5,320.0,6.66,3.53,30.0,0.508,2.467,1.065,26734,5651,73.1,B (ดี)
1964,2024-05-09,2567,5,ฤดูแล้ง,BNH05,ลำห้วย (Tributary),ม่วงลาย,6.86,30.5,323.0,5.53,4.29,16.1,0.81,2.416,1.258,13721,2781,65.6,B (ดี)
1965,2024-07-24,2567,7,ฤดูฝน,NHK10,หนองหาร (Lake),งิ้วด่อน,7.14,31.9,277.0,7.56,0.3,5.8,0.102,0.621,0.458,3058,622,88.7,A (ดีมาก)
1966,2025-03-16,2568,3,ฤดูแล้ง,BNH01,ลำห้วย (Tributary),ธาตุนาเวง,7.17,27.9,379.0,3.81,7.37,46.9,1.631,3.333,2.566,83940,38199,43.7,C (พอใช้)
1967,2025-01-20,2568,1,ฤดูแล้ง,BNH04,ลำห้วย (Tributary),นาแก้ว,7.62,26.2,343.0,3.79,6.89,23.1,1.559,3.295,2.504,57692,22112,44.4,C (พอใช้)
1968,2025-01-01,2568,1,ฤดูแล้ง,BNH05,ลำห้วย (Tributary),ม่วงลาย,7.2,24.9,340.0,4.69,4.35,11.5,0.622,4.179,1.513,31982,18893,55.8,C (พอใช้)
1969,2024-05-18,2567,5,ฤดูแล้ง,BNH04,ลำห้วย (Tributary),นาแก้ว,6.84,28.7,394.0,3.45,6.98,16.7,1.67,3.109,2.691,49413,10662,42.0,C (พอใช้)
1970,2024-07-21,2567,7,ฤดูฝน,BNH07,ลำห้วย (Tributary),งิ้วด่อน,6.99,32.0,367.0,5.83,3.53,12.5,0.553,2.177,1.104,26153,12443,70.0,B (ดี)
1971,2025-07-03,2568,7,ฤดูฝน,NHK07,หนองหาร (Lake),บ้านแป้น,7.4,31.5,263.0,8.16,0.6,4.0,0.04,1.436,0.556,1482,632,88.5,A (ดีมาก)
1972,2025-10-10,2568,10,ฤดูฝน,BNH02,ลำห้วย (Tributary),เชียงเครือ,7.42,27.0,309.0,7.54,2.96,14.7,0.554,2.138,1.115,12077,5174,77.6,B (ดี)
1973,2024-01-31,2567,1,ฤดูแล้ง,BNH07,ลำห้วย (Tributary),งิ้วด่อน,7.5,25.6,307.0,6.02,3.77,8.4,0.891,1.955,1.278,25091,13043,68.8,B (ดี)
1974,2024-10-04,2567,10,ฤดูฝน,NHK07,หนองหาร (Lake),บ้านแป้น,7.35,29.1,183.0,9.5,2.33,23.3,0.01,0.604,0.454,7273,3196,97.9,A (ดีมาก)
1975,2024-01-07,2567,1,ฤดูแล้ง,NHK07,หนองหาร (Lake),บ้านแป้น,6.93,26.0,167.0,5.44,0.98,4.0,0.245,1.278,0.172,3195,1239,77.6,B (ดี)
1976,2024-06-21,2567,6,ฤดูฝน,NHK07,หนองหาร (Lake),บ้านแป้น,6.69,30.6,215.0,7.09,0.81,4.0,0.01,1.906,0.362,4618,1488,83.3,A (ดีมาก)
1977,2024-12-06,2567,12,ฤดูแล้ง,BNH01,ลำห้วย (Tributary),ธาตุนาเวง,6.43,26.1,410.0,4.13,7.02,31.1,1.532,3.167,2.254,49321,18875,47.8,C (พอใช้)
1978,2025-08-16,2568,8,ฤดูฝน,NHK03,หนองหาร (Lake),ฮางโฮง,6.87,31.2,263.0,7.96,1.94,4.0,0.04,0.728,0.61,1660,585,89.7,A (ดีมาก)
1979,2025-02-08,2568,2,ฤดูแล้ง,NHK02,หนองหาร (Lake),ธาตุนาเวง,7.12,26.2,234.0,3.79,4.71,25.9,1.071,1.804,1.5,3922,2004,57.2,C (พอใช้)
1980,2024-08-31,2567,8,ฤดูฝน,BNH05,ลำห้วย (Tributary),ม่วงลาย,7.32,31.5,232.0,6.62,3.98,15.8,0.452,2.396,1.531,31030,9710,71.2,B (ดี)
1981,2024-09-19,2567,9,ฤดูฝน,NHK08,หนองหาร (Lake),นาตงวัฒนา,7.77,29.5,211.0,7.62,1.81,10.9,0.456,1.461,0.256,17954,4760,85.1,A (ดีมาก)
1982,2024-03-16,2567,3,ฤดูแล้ง,BNH05,ลำห้วย (Tributary),ม่วงลาย,6.65,25.9,257.0,4.8,5.06,28.0,0.7,1.912,1.262,12836,4175,64.6,B (ดี)
1983,2024-07-19,2567,7,ฤดูฝน,NHK03,หนองหาร (Lake),ฮางโฮง,7.43,30.1,264.0,9.0,0.3,7.2,0.081,1.028,0.215,2337,1189,95.0,A (ดีมาก)
1984,2025-08-30,2568,8,ฤดูฝน,NHK02,หนองหาร (Lake),ธาตุนาเวง,6.53,31.2,255.0,4.99,4.38,19.9,0.942,2.01,1.314,5328,1451,63.5,B (ดี)
1985,2024-08-21,2567,8,ฤดูฝน,NHK06,หนองหาร (Lake),บ้านแป้น,7.0,29.9,201.0,7.48,0.3,8.9,0.327,0.747,0.662,2155,433,85.6,A (ดีมาก)
1986,2024-07-30,2567,7,ฤดูฝน,NHK01,หนองหาร (Lake),เมืองสกลนคร,7.46,31.5,258.0,7.51,0.3,4.0,0.01,1.275,0.239,4289,2109,87.9,A (ดีมาก)
1987,2024-02-14,2567,2,ฤดูแล้ง,BNH02,ลำห้วย (Tributary),เชียงเครือ,7.15,25.6,264.0,5.45,2.84,13.9,0.791,2.23,1.269,5139,3063,65.9,B (ดี)
1988,2025-01-10,2568,1,ฤดูแล้ง,NHK08,หนองหาร (Lake),นาตงวัฒนา,6.95,25.0,244.0,6.99,2.49,12.9,0.155,0.646,0.225,2474,674,86.9,A (ดีมาก)
1989,2025-04-12,2568,4,ฤดูแล้ง,NHK08,หนองหาร (Lake),นาตงวัฒนา,6.78,26.7,242.0,6.1,1.75,8.8,0.181,0.865,0.812,1180,552,79.1,B (ดี)
1990,2024-01-27,2567,1,ฤดูแล้ง,NHK01,หนองหาร (Lake),เมืองสกลนคร,7.04,22.7,218.0,6.04,2.43,6.5,0.132,0.833,0.693,6994,2595,79.8,B (ดี)
1991,2024-08-09,2567,8,ฤดูฝน,NHK03,หนองหาร (Lake),ฮางโฮง,6.89,30.2,111.0,7.34,0.35,4.0,0.01,1.082,0.228,4523,1829,87.8,A (ดีมาก)
1992,2024-03-09,2567,3,ฤดูแล้ง,BNH06,ลำห้วย (Tributary),เหล่าปอแดง,7.07,25.4,317.0,4.95,2.83,16.2,0.701,2.222,1.239,12009,4825,64.4,B (ดี)
1993,2024-09-23,2567,9,ฤดูฝน,BNH07,ลำห้วย (Tributary),งิ้วด่อน,7.41,31.1,297.0,6.74,3.14,12.9,0.452,1.921,1.161,2219,575,75.2,B (ดี)
1994,2024-09-13,2567,9,ฤดูฝน,NHK02,หนองหาร (Lake),ธาตุนาเวง,6.75,30.4,342.0,5.45,5.1,17.0,0.899,1.935,1.441,12336,5387,65.4,B (ดี)
1995,2024-09-10,2567,9,ฤดูฝน,BNH03,ลำห้วย (Tributary),ท่าแร่,7.13,29.2,373.0,2.82,7.33,29.7,1.335,3.451,2.435,45835,11062,41.2,C (พอใช้)
1996,2025-04-18,2568,4,ฤดูแล้ง,BNH01,ลำห้วย (Tributary),ธาตุนาเวง,6.6,27.3,341.0,3.07,6.88,29.4,1.593,4.307,2.19,47111,24030,39.2,D (เสื่อมโทรม)
1997,2025-04-26,2568,4,ฤดูแล้ง,NHK06,หนองหาร (Lake),บ้านแป้น,7.07,28.1,176.0,7.41,1.62,10.8,0.197,0.765,0.189,1607,823,88.3,A (ดีมาก)
1998,2024-02-02,2567,2,ฤดูแล้ง,NHK05,หนองหาร (Lake),ท่าแร่,6.88,25.1,206.0,6.73,1.5,11.4,0.2,0.834,0.317,3147,1253,84.4,A (ดีมาก)
1999,2025-07-06,2568,7,ฤดูฝน,BNH03,ลำห้วย (Tributary),ท่าแร่,6.86,31.8,342.0,4.16,5.9,27.8,1.315,3.19,2.693,11729,4058,46.9,C (พอใช้)
2000,2025-07-28,2568,7,ฤดูฝน,NHK02,หนองหาร (Lake),ธาตุนาเวง,6.9,30.9,275.0,4.75,4.28,22.9,1.007,2.284,1.33,13755,3038,61.1,B (ดี)
2001,2024-09-12,2567,9,ฤดูฝน,NHK09,หนองหาร (Lake),เหล่าปอแดง,6.92,29.7,288.0,7.35,0.74,6.3,0.01,1.06,0.196,2449,501,88.1,A (ดีมาก)
2002,2025-11-04,2568,11,ฤดูแล้ง,NHK09,หนองหาร (Lake),เหล่าปอแดง,6.82,27.7,211.0,7.85,1.86,7.2,0.393,0.601,0.638,857,233,87.4,A (ดีมาก)
2003,2024-08-31,2567,8,ฤดูฝน,NHK10,หนองหาร (Lake),งิ้วด่อน,7.99,29.1,200.0,7.74,0.35,4.0,0.01,0.841,0.312,4177,1979,90.0,A (ดีมาก)
2004,2024-02-17,2567,2,ฤดูแล้ง,BNH07,ลำห้วย (Tributary),งิ้วด่อน,6.68,25.6,317.0,4.03,4.77,16.3,0.866,2.399,1.801,16509,7770,56.0,C (พอใช้)
2005,2025-11-30,2568,11,ฤดูแล้ง,BNH08,ลำห้วย (Tributary),เมืองสกลนคร,6.82,25.0,363.0,2.47,6.84,29.2,1.718,3.192,2.514,35897,18469,38.0,D (เสื่อมโทรม)
2006,2024-05-14,2567,5,ฤดูแล้ง,NHK03,หนองหาร (Lake),ฮางโฮง,8.11,31.0,239.0,7.46,1.42,12.8,0.186,0.68,0.632,3350,734,86.7,A (ดีมาก)
2007,2024-03-22,2567,3,ฤดูแล้ง,BNH01,ลำห้วย (Tributary),ธาตุนาเวง,6.95,26.5,385.0,3.7,7.81,35.0,1.559,3.703,2.431,225772,54903,43.1,C (พอใช้)
2008,2024-08-22,2567,8,ฤดูฝน,BNH05,ลำห้วย (Tributary),ม่วงลาย,7.9,32.5,273.0,6.73,3.01,16.2,0.428,2.596,1.054,36456,21085,73.6,B (ดี)
2009,2025-08-20,2568,8,ฤดูฝน,BNH07,ลำห้วย (Tributary),งิ้วด่อน,7.14,32.2,352.0,6.88,2.07,7.4,0.458,1.967,1.228,23475,9825,75.3,B (ดี)
2010,2024-11-10,2567,11,ฤดูแล้ง,NHK06,หนองหาร (Lake),บ้านแป้น,6.85,24.7,307.0,7.4,2.6,4.9,0.17,0.652,1.126,4284,1453,84.1,A (ดีมาก)
2011,2025-09-11,2568,9,ฤดูฝน,NHK10,หนองหาร (Lake),งิ้วด่อน,7.08,29.2,166.0,6.71,1.22,4.0,0.435,0.962,0.276,9686,3874,82.7,A (ดีมาก)
2012,2025-02-12,2568,2,ฤดูแล้ง,BNH02,ลำห้วย (Tributary),เชียงเครือ,7.35,24.3,309.0,5.0,3.71,25.4,0.71,1.926,1.223,22409,6009,65.6,B (ดี)
2013,2025-07-08,2568,7,ฤดูฝน,BNH04,ลำห้วย (Tributary),นาแก้ว,7.01,30.0,364.0,3.66,5.2,19.9,1.357,3.114,2.497,58789,33929,45.7,C (พอใช้)
2014,2024-09-29,2567,9,ฤดูฝน,BNH01,ลำห้วย (Tributary),ธาตุนาเวง,6.82,28.2,439.0,3.21,6.81,32.1,1.454,3.15,2.334,30299,8072,43.8,C (พอใช้)
2015,2024-12-29,2567,12,ฤดูแล้ง,NHK07,หนองหาร (Lake),บ้านแป้น,6.91,26.8,247.0,6.66,0.3,4.0,0.222,2.611,0.262,6287,2124,78.3,B (ดี)
2016,2025-04-13,2568,4,ฤดูแล้ง,BNH04,ลำห้วย (Tributary),นาแก้ว,6.85,27.7,359.0,3.03,8.09,33.3,1.908,3.428,2.263,14949,3269,39.8,D (เสื่อมโทรม)
2017,2025-06-16,2568,6,ฤดูฝน,BNH04,ลำห้วย (Tributary),นาแก้ว,6.89,31.9,403.0,4.73,6.53,35.7,1.351,3.13,2.31,64629,17030,51.3,C (พอใช้)
2018,2025-05-03,2568,5,ฤดูแล้ง,BNH03,ลำห้วย (Tributary),ท่าแร่,6.51,30.6,351.0,2.73,7.81,38.0,1.698,3.192,2.151,46044,18758,41.0,C (พอใช้)
2019,2024-05-23,2567,5,ฤดูแล้ง,BNH08,ลำห้วย (Tributary),เมืองสกลนคร,6.72,28.8,338.0,2.63,7.79,38.8,1.703,3.99,2.151,28626,11177,37.9,D (เสื่อมโทรม)
2020,2024-03-31,2567,3,ฤดูแล้ง,NHK05,หนองหาร (Lake),ท่าแร่,6.73,26.8,236.0,7.07,1.11,4.0,0.235,0.697,0.436,5278,1742,85.6,A (ดีมาก)
2021,2024-07-03,2567,7,ฤดูฝน,NHK06,หนองหาร (Lake),บ้านแป้น,6.64,30.7,206.0,7.69,0.3,11.9,0.113,0.899,0.323,3062,628,88.9,A (ดีมาก)
2022,2025-09-13,2568,9,ฤดูฝน,NHK05,หนองหาร (Lake),ท่าแร่,7.45,30.6,223.0,9.11,0.57,4.0,0.01,1.877,0.393,2119,574,92.2,A (ดีมาก)
2023,2025-07-16,2568,7,ฤดูฝน,BNH07,ลำห้วย (Tributary),งิ้วด่อน,7.07,33.8,230.0,4.54,3.94,21.8,0.497,2.145,1.68,11257,5069,61.8,B (ดี)
2024,2025-06-02,2568,6,ฤดูฝน,BNH01,ลำห้วย (Tributary),ธาตุนาเวง,7.22,29.6,455.0,4.24,6.01,33.2,1.435,3.118,2.214,47630,25718,49.2,C (พอใช้)
2025,2025-12-08,2568,12,ฤดูแล้ง,BNH04,ลำห้วย (Tributary),นาแก้ว,7.13,23.5,364.0,3.19,8.28,48.2,1.513,3.112,2.666,143320,65873,41.8,C (พอใช้)
2026,2025-05-31,2568,5,ฤดูแล้ง,BNH05,ลำห้วย (Tributary),ม่วงลาย,6.82,30.6,329.0,5.71,4.43,15.6,0.923,2.387,1.229,20000,8768,66.0,B (ดี)
2027,2025-06-29,2568,6,ฤดูฝน,BNH06,ลำห้วย (Tributary),เหล่าปอแดง,7.41,30.7,264.0,5.76,2.77,26.0,0.692,2.139,1.242,9535,3629,68.3,B (ดี)
2028,2024-01-15,2567,1,ฤดูแล้ง,NHK01,หนองหาร (Lake),เมืองสกลนคร,7.16,22.9,254.0,6.53,0.59,4.0,0.23,1.25,0.168,1515,393,82.7,A (ดีมาก)
2029,2025-06-29,2568,6,ฤดูฝน,NHK01,หนองหาร (Lake),เมืองสกลนคร,7.35,32.2,234.0,7.56,1.5,21.6,0.01,1.009,0.806,2730,1471,86.1,A (ดีมาก)
2030,2025-06-27,2568,6,ฤดูฝน,BNH07,ลำห้วย (Tributary),งิ้วด่อน,6.62,30.8,306.0,5.91,4.86,19.6,0.417,2.234,1.09,23853,12887,71.0,B (ดี)
2031,2024-05-03,2567,5,ฤดูแล้ง,NHK08,หนองหาร (Lake),นาตงวัฒนา,7.38,30.1,147.0,7.05,1.06,7.8,0.934,0.635,0.157,1967,977,83.1,A (ดีมาก)
2032,2025-02-27,2568,2,ฤดูแล้ง,NHK08,หนองหาร (Lake),นาตงวัฒนา,6.68,25.5,288.0,6.86,0.98,4.8,0.16,0.673,0.253,3801,1003,86.1,A (ดีมาก)
2033,2024-07-21,2567,7,ฤดูฝน,NHK09,หนองหาร (Lake),เหล่าปอแดง,7.32,29.5,274.0,6.82,0.3,4.0,0.01,0.944,0.265,3381,869,85.8,A (ดีมาก)
2034,2025-09-23,2568,9,ฤดูฝน,BNH03,ลำห้วย (Tributary),ท่าแร่,7.03,30.4,415.0,3.28,6.21,42.5,1.52,3.146,2.524,21193,11943,42.8,C (พอใช้)
2035,2024-12-20,2567,12,ฤดูแล้ง,BNH04,ลำห้วย (Tributary),นาแก้ว,6.71,25.6,409.0,3.62,6.63,29.8,1.553,3.242,2.203,24582,14026,45.4,C (พอใช้)
2036,2024-05-20,2567,5,ฤดูแล้ง,NHK06,หนองหาร (Lake),บ้านแป้น,6.94,29.7,269.0,7.59,0.6,4.0,0.325,0.91,0.471,7156,3151,86.5,A (ดีมาก)
2037,2024-06-03,2567,6,ฤดูฝน,NHK08,หนองหาร (Lake),นาตงวัฒนา,6.93,29.4,228.0,9.33,0.3,4.0,0.185,0.621,0.163,2014,1057,97.5,A (ดีมาก)
2038,2025-11-03,2568,11,ฤดูแล้ง,NHK05,หนองหาร (Lake),ท่าแร่,7.82,26.7,179.0,7.32,0.32,5.1,0.352,0.873,0.158,1041,581,86.8,A (ดีมาก)
2039,2024-10-29,2567,10,ฤดูฝน,NHK01,หนองหาร (Lake),เมืองสกลนคร,7.03,28.9,241.0,7.08,2.47,13.0,0.108,0.67,0.237,6140,2040,87.4,A (ดีมาก)
2040,2025-10-21,2568,10,ฤดูฝน,BNH07,ลำห้วย (Tributary),งิ้วด่อน,7.79,27.9,366.0,5.41,3.32,8.6,0.535,2.079,2.126,17758,10428,63.4,B (ดี)
2041,2025-06-28,2568,6,ฤดูฝน,NHK01,หนองหาร (Lake),เมืองสกลนคร,7.62,29.4,248.0,6.97,0.3,4.3,0.116,0.882,0.298,20565,11643,85.9,A (ดีมาก)
2042,2025-04-22,2568,4,ฤดูแล้ง,BNH07,ลำห้วย (Tributary),งิ้วด่อน,7.39,27.1,301.0,4.62,4.25,11.7,0.835,2.17,2.25,23178,4850,57.3,C (พอใช้)
2043,2025-11-14,2568,11,ฤดูแล้ง,NHK09,หนองหาร (Lake),เหล่าปอแดง,7.33,26.7,293.0,6.7,2.48,16.8,0.396,1.122,0.177,4845,2389,82.9,A (ดีมาก)
2044,2025-05-20,2568,5,ฤดูแล้ง,BNH03,ลำห้วย (Tributary),ท่าแร่,7.27,31.2,338.0,3.04,6.07,27.3,1.667,3.427,2.503,30870,11486,40.0,C (พอใช้)
2045,2025-08-05,2568,8,ฤดูฝน,BNH06,ลำห้วย (Tributary),เหล่าปอแดง,7.15,28.7,342.0,5.91,2.25,4.5,0.629,2.03,1.189,17916,5913,70.0,B (ดี)
2046,2024-02-07,2567,2,ฤดูแล้ง,BNH03,ลำห้วย (Tributary),ท่าแร่,7.02,24.6,378.0,2.05,7.75,37.6,1.514,3.281,2.357,53425,11673,37.7,D (เสื่อมโทรม)
2047,2025-05-10,2568,5,ฤดูแล้ง,NHK04,หนองหาร (Lake),เชียงเครือ,6.95,29.4,315.0,6.78,1.85,13.2,0.288,1.413,0.407,9835,5528,81.7,A (ดีมาก)
2048,2024-02-22,2567,2,ฤดูแล้ง,NHK04,หนองหาร (Lake),เชียงเครือ,7.23,26.3,249.0,7.21,2.02,11.3,0.148,0.678,0.399,4134,1362,87.0,A (ดีมาก)
2049,2025-10-31,2568,10,ฤดูฝน,BNH06,ลำห้วย (Tributary),เหล่าปอแดง,7.35,26.4,263.0,5.84,4.71,19.7,0.557,2.008,1.559,16616,9824,68.3,B (ดี)
2050,2024-08-02,2567,8,ฤดูฝน,BNH08,ลำห้วย (Tributary),เมืองสกลนคร,7.12,31.0,433.0,4.1,5.75,30.7,1.389,3.196,2.17,53366,25333,48.8,C (พอใช้)
2051,2024-10-04,2567,10,ฤดูฝน,NHK08,หนองหาร (Lake),นาตงวัฒนา,7.28,27.4,178.0,8.38,0.3,4.0,0.152,0.906,0.585,1571,445,90.4,A (ดีมาก)
2052,2025-06-04,2568,6,ฤดูฝน,BNH08,ลำห้วย (Tributary),เมืองสกลนคร,6.94,29.6,376.0,5.23,6.04,31.3,1.344,3.487,2.763,102111,28169,50.1,C (พอใช้)
2053,2024-12-31,2567,12,ฤดูแล้ง,NHK03,หนองหาร (Lake),ฮางโฮง,6.88,25.1,288.0,7.31,1.65,5.3,0.152,0.873,0.186,3050,1018,87.8,A (ดีมาก)
2054,2025-02-01,2568,2,ฤดูแล้ง,NHK05,หนองหาร (Lake),ท่าแร่,7.6,23.4,238.0,6.06,1.61,15.8,0.107,1.039,0.267,3189,1295,81.5,A (ดีมาก)
2055,2024-03-12,2567,3,ฤดูแล้ง,BNH08,ลำห้วย (Tributary),เมืองสกลนคร,7.6,24.1,352.0,3.38,6.45,26.6,1.573,3.189,2.208,49208,18944,44.3,C (พอใช้)
2056,2024-07-12,2567,7,ฤดูฝน,NHK04,หนองหาร (Lake),เชียงเครือ,7.46,32.0,209.0,7.9,1.83,4.5,0.031,0.834,0.164,1290,770,91.3,A (ดีมาก)
2057,2025-11-18,2568,11,ฤดูแล้ง,BNH07,ลำห้วย (Tributary),งิ้วด่อน,7.74,27.1,358.0,4.7,4.55,24.4,0.9,2.285,1.103,6130,3512,62.6,B (ดี)
2058,2024-05-13,2567,5,ฤดูแล้ง,NHK05,หนองหาร (Lake),ท่าแร่,7.3,27.8,282.0,7.09,3.44,14.4,0.132,1.253,0.474,13607,3154,84.2,A (ดีมาก)
2059,2025-06-13,2568,6,ฤดูฝน,NHK08,หนองหาร (Lake),นาตงวัฒนา,6.39,29.7,298.0,7.76,0.86,9.6,0.01,1.742,0.493,11523,5369,86.2,A (ดีมาก)
2060,2025-11-08,2568,11,ฤดูแล้ง,NHK01,หนองหาร (Lake),เมืองสกลนคร,6.76,26.5,203.0,5.82,0.97,14.9,0.143,0.87,0.223,10590,4136,81.0,A (ดีมาก)
2061,2024-10-08,2567,10,ฤดูฝน,BNH05,ลำห้วย (Tributary),ม่วงลาย,7.89,27.6,269.0,5.81,2.95,27.2,0.598,2.672,1.189,4220,1346,67.5,B (ดี)
2062,2025-11-23,2568,11,ฤดูแล้ง,BNH08,ลำห้วย (Tributary),เมืองสกลนคร,7.33,23.7,422.0,3.18,6.96,33.5,1.599,3.767,2.352,34194,11839,40.7,C (พอใช้)
2063,2025-02-11,2568,2,ฤดูแล้ง,NHK05,หนองหาร (Lake),ท่าแร่,6.75,23.7,282.0,6.41,1.26,10.7,0.167,0.728,0.231,1423,681,83.9,A (ดีมาก)
2064,2024-08-24,2567,8,ฤดูฝน,NHK04,หนองหาร (Lake),เชียงเครือ,6.87,30.4,223.0,7.22,0.3,8.6,0.174,1.651,0.26,7952,2486,84.3,A (ดีมาก)
2065,2024-12-26,2567,12,ฤดูแล้ง,NHK09,หนองหาร (Lake),เหล่าปอแดง,7.63,25.7,256.0,7.32,1.06,6.5,0.167,1.125,0.177,2729,952,86.9,A (ดีมาก)
2066,2025-06-03,2568,6,ฤดูฝน,NHK03,หนองหาร (Lake),ฮางโฮง,6.95,29.2,235.0,6.55,2.06,5.5,0.016,2.136,0.563,3050,1607,79.1,B (ดี)
2067,2024-10-29,2567,10,ฤดูฝน,BNH05,ลำห้วย (Tributary),ม่วงลาย,7.46,30.5,346.0,5.91,1.18,4.0,0.414,2.206,1.122,13150,4937,70.9,B (ดี)
2068,2025-12-24,2568,12,ฤดูแล้ง,NHK01,หนองหาร (Lake),เมืองสกลนคร,7.67,26.7,286.0,5.46,1.71,15.3,0.233,1.498,0.492,1424,546,75.5,B (ดี)
2069,2024-08-05,2567,8,ฤดูฝน,NHK09,หนองหาร (Lake),เหล่าปอแดง,6.42,30.9,188.0,7.48,0.3,6.8,0.01,0.728,0.179,4609,2220,89.9,A (ดีมาก)
2070,2024-02-13,2567,2,ฤดูแล้ง,NHK08,หนองหาร (Lake),นาตงวัฒนา,7.54,26.9,152.0,7.6,2.52,13.0,0.129,0.724,0.203,2945,1271,89.6,A (ดีมาก)
2071,2024-12-05,2567,12,ฤดูแล้ง,NHK06,หนองหาร (Lake),บ้านแป้น,8.16,26.1,168.0,6.47,1.47,4.0,0.133,0.815,0.291,7846,3839,83.8,A (ดีมาก)
2072,2024-05-31,2567,5,ฤดูแล้ง,NHK09,หนองหาร (Lake),เหล่าปอแดง,6.75,31.2,225.0,6.78,1.85,6.8,0.184,0.75,0.66,2723,1595,83.3,A (ดีมาก)
2073,2025-08-30,2568,8,ฤดูฝน,NHK05,หนองหาร (Lake),ท่าแร่,7.57,32.1,172.0,8.09,0.3,5.5,0.01,1.585,0.517,3719,850,88.0,A (ดีมาก)
2074,2024-01-04,2567,1,ฤดูแล้ง,BNH07,ลำห้วย (Tributary),งิ้วด่อน,7.46,24.9,330.0,5.5,4.4,31.5,0.753,2.015,1.489,22021,7329,66.0,B (ดี)
2075,2025-03-26,2568,3,ฤดูแล้ง,BNH06,ลำห้วย (Tributary),เหล่าปอแดง,8.12,27.1,294.0,5.55,5.18,24.7,0.617,1.971,1.665,21314,5163,66.3,B (ดี)
2076,2025-08-18,2568,8,ฤดูฝน,NHK03,หนองหาร (Lake),ฮางโฮง,7.64,29.8,215.0,6.69,0.99,4.0,0.129,0.759,0.155,1538,388,85.7,A (ดีมาก)
2077,2025-05-19,2568,5,ฤดูแล้ง,BNH08,ลำห้วย (Tributary),เมืองสกลนคร,7.59,31.5,424.0,3.3,7.14,34.8,1.555,3.128,2.459,196717,111349,43.1,C (พอใช้)
2078,2024-08-07,2567,8,ฤดูฝน,NHK02,หนองหาร (Lake),ธาตุนาเวง,6.78,31.0,242.0,5.43,3.8,25.7,0.96,2.762,1.519,5954,3429,61.9,B (ดี)
2079,2025-05-25,2568,5,ฤดูแล้ง,BNH08,ลำห้วย (Tributary),เมืองสกลนคร,6.9,30.1,432.0,2.86,6.28,24.6,1.7,3.276,2.541,47381,9808,39.4,D (เสื่อมโทรม)
2080,2025-05-09,2568,5,ฤดูแล้ง,NHK08,หนองหาร (Lake),นาตงวัฒนา,7.24,28.0,247.0,6.79,1.06,10.9,0.157,0.859,0.389,18208,5981,84.5,A (ดีมาก)
2081,2025-02-02,2568,2,ฤดูแล้ง,BNH07,ลำห้วย (Tributary),งิ้วด่อน,6.82,25.3,282.0,3.99,5.52,26.5,0.612,2.284,1.073,9906,2155,61.3,B (ดี)
2082,2024-02-04,2567,2,ฤดูแล้ง,NHK06,หนองหาร (Lake),บ้านแป้น,7.59,24.2,236.0,6.54,1.25,12.1,0.125,1.18,0.465,4224,1103,82.1,A (ดีมาก)
2083,2025-05-13,2568,5,ฤดูแล้ง,NHK09,หนองหาร (Lake),เหล่าปอแดง,6.96,30.3,260.0,7.22,2.61,16.1,0.272,0.658,0.577,2997,1589,85.4,A (ดีมาก)
2084,2024-08-20,2567,8,ฤดูฝน,BNH07,ลำห้วย (Tributary),งิ้วด่อน,7.06,33.6,333.0,5.78,2.04,13.4,0.401,2.076,1.57,14586,7778,68.6,B (ดี)
2085,2024-06-15,2567,6,ฤดูฝน,NHK04,หนองหาร (Lake),เชียงเครือ,7.29,30.9,167.0,6.93,0.83,4.0,0.01,1.347,0.391,2950,1014,84.3,A (ดีมาก)
2086,2024-06-23,2567,6,ฤดูฝน,NHK05,หนองหาร (Lake),ท่าแร่,6.88,28.4,291.0,8.0,0.3,4.0,0.096,1.15,0.328,3800,2198,89.5,A (ดีมาก)
2087,2024-11-28,2567,11,ฤดูแล้ง,NHK08,หนองหาร (Lake),นาตงวัฒนา,7.45,28.6,221.0,6.8,3.03,9.0,0.139,1.034,0.593,7092,1655,83.0,A (ดีมาก)
2088,2025-06-21,2568,6,ฤดูฝน,NHK04,หนองหาร (Lake),เชียงเครือ,7.05,29.6,227.0,7.55,0.67,9.5,0.113,0.794,0.195,4376,960,89.3,A (ดีมาก)
2089,2024-03-01,2567,3,ฤดูแล้ง,BNH03,ลำห้วย (Tributary),ท่าแร่,6.96,26.6,336.0,2.27,7.21,42.8,1.533,3.241,2.271,25399,7469,39.2,D (เสื่อมโทรม)
2090,2024-10-28,2567,10,ฤดูฝน,BNH02,ลำห้วย (Tributary),เชียงเครือ,6.95,27.7,265.0,6.26,2.67,12.7,0.497,1.999,3.041,9697,4604,63.1,B (ดี)
2091,2024-11-05,2567,11,ฤดูแล้ง,NHK02,หนองหาร (Lake),ธาตุนาเวง,7.37,25.0,287.0,4.92,5.41,31.0,1.118,2.083,1.314,9738,4630,62.0,B (ดี)
2092,2025-01-07,2568,1,ฤดูแล้ง,NHK04,หนองหาร (Lake),เชียงเครือ,7.35,24.9,170.0,7.66,1.58,21.4,0.134,0.792,0.222,1674,652,89.5,A (ดีมาก)
2093,2025-09-06,2568,9,ฤดูฝน,BNH02,ลำห้วย (Tributary),เชียงเครือ,7.49,29.5,353.0,4.91,3.1,13.6,0.608,2.793,1.219,4970,1630,62.9,B (ดี)
2094,2024-02-05,2567,2,ฤดูแล้ง,NHK02,หนองหาร (Lake),ธาตุนาเวง,7.28,25.8,245.0,4.32,4.44,20.0,1.2,2.095,1.59,7212,4064,57.4,C (พอใช้)
2095,2025-02-01,2568,2,ฤดูแล้ง,BNH06,ลำห้วย (Tributary),เหล่าปอแดง,7.1,25.6,326.0,4.73,2.64,10.7,0.895,2.284,1.199,10052,2233,62.3,B (ดี)
2096,2024-08-19,2567,8,ฤดูฝน,BNH08,ลำห้วย (Tributary),เมืองสกลนคร,7.61,32.3,425.0,4.62,7.25,21.2,1.486,3.666,2.322,10273,2945,48.2,C (พอใช้)
2097,2024-06-16,2567,6,ฤดูฝน,NHK07,หนองหาร (Lake),บ้านแป้น,7.28,31.1,265.0,9.2,0.58,4.0,0.01,0.745,0.174,2915,1740,97.5,A (ดีมาก)
2098,2025-07-17,2568,7,ฤดูฝน,NHK02,หนองหาร (Lake),ธาตุนาเวง,7.27,30.6,251.0,5.22,1.21,4.0,0.813,2.108,1.609,10181,2729,63.5,B (ดี)
2099,2025-01-03,2568,1,ฤดูแล้ง,NHK03,หนองหาร (Lake),ฮางโฮง,7.21,24.6,192.0,7.94,1.34,8.3,0.352,1.289,0.589,937,464,86.0,A (ดีมาก)
2100,2024-06-05,2567,6,ฤดูฝน,NHK10,หนองหาร (Lake),งิ้วด่อน,7.35,29.7,174.0,8.41,0.96,4.0,0.213,2.35,0.284,1652,339,86.9,A (ดีมาก)
2101,2025-04-04,2568,4,ฤดูแล้ง,NHK02,หนองหาร (Lake),ธาตุนาเวง,6.85,26.4,279.0,4.2,4.86,17.4,1.251,2.112,1.409,12804,3197,57.4,C (พอใช้)
2102,2024-07-02,2567,7,ฤดูฝน,NHK10,หนองหาร (Lake),งิ้วด่อน,7.2,30.4,289.0,8.19,1.28,13.4,0.042,1.555,0.948,1199,677,86.2,A (ดีมาก)
2103,2024-04-11,2567,4,ฤดูแล้ง,BNH02,ลำห้วย (Tributary),เชียงเครือ,7.4,29.1,311.0,5.78,5.22,24.3,0.694,2.105,1.271,19124,11010,68.4,B (ดี)
2104,2024-10-22,2567,10,ฤดูฝน,NHK02,หนองหาร (Lake),ธาตุนาเวง,7.25,26.0,302.0,5.67,3.35,7.8,0.838,1.863,1.406,5604,2435,67.1,B (ดี)
2105,2024-05-13,2567,5,ฤดูแล้ง,BNH07,ลำห้วย (Tributary),งิ้วด่อน,7.29,29.2,298.0,6.97,3.57,21.3,0.676,2.592,1.373,20442,8882,71.6,B (ดี)
2106,2025-11-23,2568,11,ฤดูแล้ง,BNH03,ลำห้วย (Tributary),ท่าแร่,6.99,26.7,422.0,2.26,6.89,25.5,1.676,4.175,2.417,31924,8671,34.4,D (เสื่อมโทรม)
2107,2025-10-18,2568,10,ฤดูฝน,NHK01,หนองหาร (Lake),เมืองสกลนคร,7.45,28.8,111.0,7.97,0.3,4.0,0.01,0.797,0.286,2831,569,91.3,A (ดีมาก)
2108,2025-11-15,2568,11,ฤดูแล้ง,NHK06,หนองหาร (Lake),บ้านแป้น,7.08,27.6,254.0,7.5,1.23,13.8,0.746,1.506,0.169,8464,4935,83.2,A (ดีมาก)
2109,2025-05-02,2568,5,ฤดูแล้ง,BNH02,ลำห้วย (Tributary),เชียงเครือ,7.34,27.4,357.0,4.63,4.78,30.0,0.617,2.517,1.945,19713,5455,58.9,C (พอใช้)
2110,2024-11-11,2567,11,ฤดูแล้ง,NHK02,หนองหาร (Lake),ธาตุนาเวง,7.05,26.3,296.0,4.96,3.09,8.4,1.041,2.15,1.564,7826,4050,61.1,B (ดี)
2111,2024-07-23,2567,7,ฤดูฝน,NHK09,หนองหาร (Lake),เหล่าปอแดง,7.53,32.7,221.0,7.52,0.3,9.5,0.01,2.691,0.394,1726,443,82.4,A (ดีมาก)
2112,2025-10-04,2568,10,ฤดูฝน,BNH06,ลำห้วย (Tributary),เหล่าปอแดง,7.08,26.1,325.0,5.55,3.44,4.0,0.46,2.163,1.305,8569,4912,68.3,B (ดี)
2113,2024-06-01,2567,6,ฤดูฝน,BNH06,ลำห้วย (Tributary),เหล่าปอแดง,7.19,31.6,262.0,4.6,2.49,4.0,0.413,1.923,1.672,4533,1173,63.3,B (ดี)
2114,2024-06-25,2567,6,ฤดูฝน,NHK10,หนองหาร (Lake),งิ้วด่อน,6.7,33.3,211.0,6.6,1.29,6.7,0.065,0.661,0.338,9528,4014,85.1,A (ดีมาก)
2115,2024-09-28,2567,9,ฤดูฝน,NHK02,หนองหาร (Lake),ธาตุนาเวง,6.61,28.4,280.0,5.14,3.79,9.5,1.038,2.122,1.487,10062,3779,62.4,B (ดี)
2116,2025-09-19,2568,9,ฤดูฝน,NHK02,หนองหาร (Lake),ธาตุนาเวง,6.6,31.7,337.0,5.92,5.38,23.8,0.8,2.141,1.262,11430,4260,68.3,B (ดี)
2117,2025-08-28,2568,8,ฤดูฝน,BNH08,ลำห้วย (Tributary),เมืองสกลนคร,6.61,29.7,372.0,3.95,5.52,24.6,1.32,3.2,2.179,45625,15395,48.4,C (พอใช้)
2118,2025-04-04,2568,4,ฤดูแล้ง,NHK03,หนองหาร (Lake),ฮางโฮง,7.47,28.4,228.0,6.99,0.76,12.1,0.102,0.636,0.442,11861,2804,86.1,A (ดีมาก)
2119,2024-10-15,2567,10,ฤดูฝน,BNH02,ลำห้วย (Tributary),เชียงเครือ,7.29,29.0,358.0,5.95,3.08,14.2,0.461,2.02,1.86,16490,9581,67.8,B (ดี)
2120,2025-02-03,2568,2,ฤดูแล้ง,BNH07,ลำห้วย (Tributary),งิ้วด่อน,7.15,23.9,361.0,4.82,3.73,14.3,0.605,1.944,1.125,11634,5405,65.9,B (ดี)
2121,2024-11-20,2567,11,ฤดูแล้ง,BNH06,ลำห้วย (Tributary),เหล่าปอแดง,7.12,27.3,317.0,4.33,3.27,28.5,0.63,2.061,1.094,14974,7630,63.3,B (ดี)
2122,2025-05-16,2568,5,ฤดูแล้ง,NHK07,หนองหาร (Lake),บ้านแป้น,6.73,28.1,183.0,7.61,0.4,4.0,0.181,1.278,0.356,4127,1003,86.7,A (ดีมาก)
2123,2025-03-30,2568,3,ฤดูแล้ง,NHK03,หนองหาร (Lake),ฮางโฮง,7.17,23.8,193.0,7.42,1.29,4.0,0.112,0.768,0.95,3973,1062,85.0,A (ดีมาก)
2124,2024-03-19,2567,3,ฤดูแล้ง,NHK05,หนองหาร (Lake),ท่าแร่,7.7,27.7,169.0,6.28,1.74,12.7,0.135,0.933,0.28,2239,499,82.6,A (ดีมาก)
2125,2025-03-11,2568,3,ฤดูแล้ง,BNH04,ลำห้วย (Tributary),นาแก้ว,7.15,27.2,426.0,2.57,7.53,32.8,1.803,3.195,2.307,65679,17361,38.9,D (เสื่อมโทรม)
2126,2024-06-05,2567,6,ฤดูฝน,BNH06,ลำห้วย (Tributary),เหล่าปอแดง,7.4,31.1,315.0,5.88,4.61,16.4,0.699,2.593,1.137,5860,3052,67.8,B (ดี)
2127,2025-02-19,2568,2,ฤดูแล้ง,NHK09,หนองหาร (Lake),เหล่าปอแดง,6.42,24.8,298.0,6.43,1.45,9.9,0.114,1.626,0.594,3487,949,79.5,B (ดี)
2128,2025-11-19,2568,11,ฤดูแล้ง,BNH03,ลำห้วย (Tributary),ท่าแร่,7.05,27.0,364.0,3.32,6.84,37.5,1.663,3.862,2.357,24762,14012,40.6,C (พอใช้)
2129,2024-09-18,2567,9,ฤดูฝน,NHK01,หนองหาร (Lake),เมืองสกลนคร,7.76,30.8,190.0,7.62,2.03,14.0,0.01,0.787,0.179,3899,1985,90.3,A (ดีมาก)
2130,2025-06-22,2568,6,ฤดูฝน,NHK10,หนองหาร (Lake),งิ้วด่อน,6.6,30.1,215.0,6.18,0.3,6.4,0.01,0.878,1.448,7019,3710,77.2,B (ดี)
2131,2025-07-22,2568,7,ฤดูฝน,NHK02,หนองหาร (Lake),ธาตุนาเวง,7.11,30.1,316.0,5.69,3.45,21.4,0.809,1.943,1.262,75553,15545,67.9,B (ดี)
2132,2025-02-15,2568,2,ฤดูแล้ง,NHK09,หนองหาร (Lake),เหล่าปอแดง,6.95,27.6,263.0,6.18,2.64,13.2,0.12,0.752,0.678,827,460,80.9,A (ดีมาก)
2133,2024-07-05,2567,7,ฤดูฝน,NHK05,หนองหาร (Lake),ท่าแร่,7.76,30.3,243.0,8.16,0.35,4.0,0.01,0.634,0.226,13660,5878,93.0,A (ดีมาก)
2134,2024-10-29,2567,10,ฤดูฝน,BNH02,ลำห้วย (Tributary),เชียงเครือ,7.34,26.6,312.0,5.73,3.79,20.5,0.436,3.114,1.21,15333,6525,66.5,B (ดี)
2135,2024-10-15,2567,10,ฤดูฝน,NHK02,หนองหาร (Lake),ธาตุนาเวง,7.05,28.2,316.0,5.48,3.54,25.4,1.012,2.383,1.255,37387,19297,64.3,B (ดี)
2136,2025-11-21,2568,11,ฤดูแล้ง,BNH02,ลำห้วย (Tributary),เชียงเครือ,6.93,27.7,350.0,4.67,3.48,4.0,0.756,1.927,1.81,53189,11870,61.0,B (ดี)
2137,2024-11-02,2567,11,ฤดูแล้ง,BNH01,ลำห้วย (Tributary),ธาตุนาเวง,6.61,28.2,414.0,2.65,7.22,34.1,1.776,3.129,2.625,42866,21421,38.1,D (เสื่อมโทรม)
2138,2024-01-05,2567,1,ฤดูแล้ง,NHK03,หนองหาร (Lake),ฮางโฮง,7.57,27.1,223.0,6.91,2.21,4.0,0.37,1.544,0.418,2185,1270,81.4,A (ดีมาก)
2139,2025-02-14,2568,2,ฤดูแล้ง,BNH07,ลำห้วย (Tributary),งิ้วด่อน,6.66,24.5,375.0,5.84,3.75,14.5,0.782,2.898,1.219,7318,3419,65.7,B (ดี)
2140,2025-04-27,2568,4,ฤดูแล้ง,NHK09,หนองหาร (Lake),เหล่าปอแดง,7.58,27.5,222.0,6.69,2.2,23.4,0.318,0.937,0.157,3761,1610,84.0,A (ดีมาก)
2141,2024-01-18,2567,1,ฤดูแล้ง,NHK04,หนองหาร (Lake),เชียงเครือ,6.73,24.4,198.0,7.24,2.61,10.6,0.165,0.641,0.202,5769,1925,88.1,A (ดีมาก)
2142,2025-05-10,2568,5,ฤดูแล้ง,NHK08,หนองหาร (Lake),นาตงวัฒนา,7.44,29.0,231.0,7.01,1.3,7.1,0.105,0.664,0.716,3833,1445,84.8,A (ดีมาก)
2143,2025-12-15,2568,12,ฤดูแล้ง,NHK04,หนองหาร (Lake),เชียงเครือ,6.94,25.4,242.0,6.93,2.53,18.7,0.135,1.367,0.417,13767,6387,83.4,A (ดีมาก)
2144,2025-09-20,2568,9,ฤดูฝน,NHK07,หนองหาร (Lake),บ้านแป้น,7.58,28.1,307.0,8.3,0.3,4.0,0.01,1.255,0.829,10392,5540,88.5,A (ดีมาก)
2145,2024-12-21,2567,12,ฤดูแล้ง,NHK02,หนองหาร (Lake),ธาตุนาเวง,6.95,25.7,285.0,5.13,5.01,27.5,1.314,2.978,1.305,18302,6547,58.8,C (พอใช้)
2146,2024-09-18,2567,9,ฤดูฝน,NHK04,หนองหาร (Lake),เชียงเครือ,6.66,30.0,227.0,7.81,0.3,4.0,0.169,0.613,0.286,1644,812,90.3,A (ดีมาก)
2147,2024-07-30,2567,7,ฤดูฝน,NHK03,หนองหาร (Lake),ฮางโฮง,7.79,31.6,247.0,7.39,1.48,8.7,0.394,1.426,0.789,2896,1306,81.9,A (ดีมาก)
2148,2024-06-08,2567,6,ฤดูฝน,BNH04,ลำห้วย (Tributary),นาแก้ว,6.73,31.6,440.0,3.51,7.06,28.7,1.468,3.534,2.181,100404,20321,44.5,C (พอใช้)
2149,2025-01-10,2568,1,ฤดูแล้ง,NHK05,หนองหาร (Lake),ท่าแร่,6.12,28.0,309.0,7.36,2.97,12.2,0.288,1.0,0.68,3995,2260,84.3,A (ดีมาก)
2150,2025-03-15,2568,3,ฤดูแล้ง,NHK06,หนองหาร (Lake),บ้านแป้น,6.91,27.2,330.0,6.82,0.79,7.1,0.205,0.614,0.713,4365,1632,83.5,A (ดีมาก)
2151,2025-02-10,2568,2,ฤดูแล้ง,NHK08,หนองหาร (Lake),นาตงวัฒนา,6.87,23.4,280.0,6.91,1.31,8.0,0.231,0.943,0.549,6847,1615,83.5,A (ดีมาก)
2152,2024-12-01,2567,12,ฤดูแล้ง,NHK09,หนองหาร (Lake),เหล่าปอแดง,6.89,26.0,247.0,7.36,2.71,8.5,0.124,0.864,0.261,2463,557,87.8,A (ดีมาก)
2153,2025-11-23,2568,11,ฤดูแล้ง,BNH01,ลำห้วย (Tributary),ธาตุนาเวง,7.33,27.4,397.0,2.94,7.38,41.0,1.502,3.385,2.237,11903,2396,42.0,C (พอใช้)
2154,2025-12-07,2568,12,ฤดูแล้ง,BNH08,ลำห้วย (Tributary),เมืองสกลนคร,6.74,25.0,291.0,3.28,6.65,21.4,1.565,3.864,2.249,59531,13840,41.5,C (พอใช้)
2155,2024-05-24,2567,5,ฤดูแล้ง,NHK10,หนองหาร (Lake),งิ้วด่อน,7.18,30.2,229.0,7.81,0.3,4.0,0.533,0.683,0.179,3690,967,88.5,A (ดีมาก)
2156,2024-09-17,2567,9,ฤดูฝน,BNH01,ลำห้วย (Tributary),ธาตุนาเวง,7.44,29.8,388.0,4.01,4.45,8.3,1.42,3.479,2.363,86688,19830,46.3,C (พอใช้)
2157,2025-05-08,2568,5,ฤดูแล้ง,NHK08,หนองหาร (Lake),นาตงวัฒนา,7.06,31.0,148.0,7.3,0.63,11.1,0.448,0.78,0.306,3918,1962,85.8,A (ดีมาก)
2158,2024-10-01,2567,10,ฤดูฝน,BNH05,ลำห้วย (Tributary),ม่วงลาย,7.17,27.1,355.0,5.65,3.22,15.6,0.499,1.974,1.263,9186,2697,69.4,B (ดี)
2159,2024-09-11,2567,9,ฤดูฝน,NHK02,หนองหาร (Lake),ธาตุนาเวง,7.25,28.4,294.0,5.73,3.17,18.0,0.887,2.57,1.409,11341,3920,64.8,B (ดี)
2160,2024-10-25,2567,10,ฤดูฝน,NHK05,หนองหาร (Lake),ท่าแร่,7.32,27.6,263.0,9.01,0.3,9.3,0.01,0.625,0.174,3669,1000,97.1,A (ดีมาก)
2161,2024-06-06,2567,6,ฤดูฝน,BNH01,ลำห้วย (Tributary),ธาตุนาเวง,7.58,29.8,412.0,4.44,5.88,23.7,1.624,3.14,2.199,29610,12377,49.0,C (พอใช้)
2162,2025-08-10,2568,8,ฤดูฝน,BNH03,ลำห้วย (Tributary),ท่าแร่,6.61,29.9,361.0,3.56,3.82,9.2,1.409,3.884,2.362,18383,5749,43.0,C (พอใช้)
2163,2025-12-25,2568,12,ฤดูแล้ง,BNH01,ลำห้วย (Tributary),ธาตุนาเวง,6.97,25.6,370.0,2.4,8.34,44.2,1.565,3.17,2.286,163239,85798,39.7,D (เสื่อมโทรม)
2164,2024-05-11,2567,5,ฤดูแล้ง,NHK05,หนองหาร (Lake),ท่าแร่,7.01,30.3,177.0,6.14,2.12,9.5,0.116,1.178,0.455,5550,3223,80.4,A (ดีมาก)
2165,2025-09-28,2568,9,ฤดูฝน,BNH07,ลำห้วย (Tributary),งิ้วด่อน,7.28,27.4,305.0,6.42,3.84,11.5,0.532,1.915,1.081,9032,2004,73.7,B (ดี)
2166,2025-09-02,2568,9,ฤดูฝน,NHK06,หนองหาร (Lake),บ้านแป้น,6.92,31.4,278.0,9.31,1.59,12.2,0.01,1.31,0.363,5895,2346,95.1,A (ดีมาก)
2167,2024-12-25,2567,12,ฤดูแล้ง,NHK10,หนองหาร (Lake),งิ้วด่อน,7.13,24.5,93.0,6.56,2.43,4.2,0.297,1.085,0.227,1995,998,82.7,A (ดีมาก)
2168,2024-09-06,2567,9,ฤดูฝน,NHK08,หนองหาร (Lake),นาตงวัฒนา,7.16,28.0,221.0,7.56,1.28,4.0,0.02,1.119,0.15,3965,1438,89.0,A (ดีมาก)
2169,2024-03-07,2567,3,ฤดูแล้ง,NHK10,หนองหาร (Lake),งิ้วด่อน,7.31,25.6,214.0,7.56,0.65,4.0,0.235,1.89,0.425,3416,1297,83.8,A (ดีมาก)
2170,2025-03-01,2568,3,ฤดูแล้ง,NHK07,หนองหาร (Lake),บ้านแป้น,7.93,28.0,226.0,5.42,1.52,5.3,0.227,0.777,0.301,1371,639,78.7,B (ดี)
2171,2025-08-25,2568,8,ฤดูฝน,NHK08,หนองหาร (Lake),นาตงวัฒนา,6.6,30.6,239.0,6.45,1.86,10.6,0.012,0.939,0.259,2710,973,84.1,A (ดีมาก)
2172,2024-05-06,2567,5,ฤดูแล้ง,BNH03,ลำห้วย (Tributary),ท่าแร่,6.79,27.7,331.0,3.71,7.57,31.1,1.517,3.455,2.626,14726,7936,43.2,C (พอใช้)
2173,2024-02-15,2567,2,ฤดูแล้ง,NHK10,หนองหาร (Lake),งิ้วด่อน,7.61,22.0,290.0,6.68,2.74,10.0,0.148,1.392,0.595,1438,802,81.2,A (ดีมาก)
2174,2024-10-02,2567,10,ฤดูฝน,BNH01,ลำห้วย (Tributary),ธาตุนาเวง,6.69,27.9,382.0,4.62,6.25,28.5,1.397,3.13,2.416,40906,22755,50.0,C (พอใช้)
2175,2024-06-04,2567,6,ฤดูฝน,BNH07,ลำห้วย (Tributary),งิ้วด่อน,6.75,29.7,259.0,5.94,2.82,12.9,0.636,1.99,1.119,7623,3837,70.5,B (ดี)
2176,2024-01-07,2567,1,ฤดูแล้ง,BNH05,ลำห้วย (Tributary),ม่วงลาย,6.98,24.9,347.0,5.74,4.08,23.3,0.736,2.488,1.659,34827,9152,64.7,B (ดี)
2177,2025-03-14,2568,3,ฤดูแล้ง,NHK05,หนองหาร (Lake),ท่าแร่,7.01,27.3,243.0,5.96,0.48,4.0,0.222,0.642,0.925,1830,781,78.5,B (ดี)
2178,2024-06-26,2567,6,ฤดูฝน,NHK01,หนองหาร (Lake),เมืองสกลนคร,7.55,30.7,259.0,7.05,2.38,10.4,0.01,1.501,0.26,3182,1281,85.0,A (ดีมาก)
2179,2024-11-22,2567,11,ฤดูแล้ง,BNH01,ลำห้วย (Tributary),ธาตุนาเวง,7.07,27.6,372.0,2.84,5.47,24.2,1.658,4.886,2.355,25344,12859,35.1,D (เสื่อมโทรม)
2180,2024-03-18,2567,3,ฤดูแล้ง,NHK02,หนองหาร (Lake),ธาตุนาเวง,6.06,26.3,393.0,5.0,3.65,8.3,1.049,2.487,1.262,3460,1713,61.6,B (ดี)
2181,2024-12-31,2567,12,ฤดูแล้ง,BNH06,ลำห้วย (Tributary),เหล่าปอแดง,7.06,24.8,370.0,5.19,2.05,4.0,0.61,2.425,1.802,8687,3703,62.5,B (ดี)
2182,2024-03-05,2567,3,ฤดูแล้ง,BNH02,ลำห้วย (Tributary),เชียงเครือ,7.57,26.7,298.0,6.21,4.49,18.5,0.618,3.225,1.079,3860,2020,67.9,B (ดี)
2183,2024-03-14,2567,3,ฤดูแล้ง,NHK03,หนองหาร (Lake),ฮางโฮง,7.05,25.2,228.0,7.85,2.02,8.4,0.144,0.695,0.199,2839,1088,90.8,A (ดีมาก)
2184,2025-09-01,2568,9,ฤดูฝน,NHK10,หนองหาร (Lake),งิ้วด่อน,8.1,29.0,262.0,7.36,0.81,9.9,0.031,0.772,0.165,4628,1104,89.1,A (ดีมาก)
2185,2024-06-17,2567,6,ฤดูฝน,NHK04,หนองหาร (Lake),เชียงเครือ,6.98,30.0,245.0,7.08,0.3,4.0,0.014,0.636,0.401,1819,833,87.2,A (ดีมาก)
2186,2025-06-20,2568,6,ฤดูฝน,NHK08,หนองหาร (Lake),นาตงวัฒนา,6.67,30.3,193.0,8.79,2.02,9.8,0.01,0.914,0.231,4639,1398,94.8,A (ดีมาก)
2187,2024-04-09,2567,4,ฤดูแล้ง,BNH01,ลำห้วย (Tributary),ธาตุนาเวง,7.24,28.0,472.0,2.35,7.75,37.0,2.055,3.101,2.211,52365,28688,37.3,D (เสื่อมโทรม)
2188,2024-08-16,2567,8,ฤดูฝน,NHK09,หนองหาร (Lake),เหล่าปอแดง,7.82,31.5,238.0,7.63,0.6,4.0,0.352,0.645,0.175,4179,1548,88.9,A (ดีมาก)
2189,2025-09-14,2568,9,ฤดูฝน,BNH03,ลำห้วย (Tributary),ท่าแร่,7.38,29.9,428.0,4.43,5.88,13.3,1.327,3.272,2.244,29970,9989,50.0,C (พอใช้)
2190,2024-06-04,2567,6,ฤดูฝน,NHK09,หนองหาร (Lake),เหล่าปอแดง,6.62,31.5,203.0,7.0,0.9,4.0,0.01,1.949,0.461,8742,2300,82.2,A (ดีมาก)
2191,2025-10-06,2568,10,ฤดูฝน,BNH01,ลำห้วย (Tributary),ธาตุนาเวง,6.9,28.1,364.0,4.9,5.6,25.4,1.374,3.393,2.295,28722,6655,51.1,C (พอใช้)
2192,2024-05-20,2567,5,ฤดูแล้ง,NHK04,หนองหาร (Lake),เชียงเครือ,6.68,28.5,125.0,6.58,1.46,4.0,0.397,0.87,0.352,9277,3356,82.3,A (ดีมาก)
2193,2024-01-09,2567,1,ฤดูแล้ง,NHK05,หนองหาร (Lake),ท่าแร่,6.95,26.8,283.0,6.86,1.03,4.0,0.104,0.6,0.418,2359,545,85.8,A (ดีมาก)
2194,2024-10-09,2567,10,ฤดูฝน,NHK09,หนองหาร (Lake),เหล่าปอแดง,6.8,26.7,246.0,7.25,0.3,4.0,0.085,2.135,0.173,2760,1139,83.7,A (ดีมาก)
2195,2025-09-05,2568,9,ฤดูฝน,BNH05,ลำห้วย (Tributary),ม่วงลาย,7.64,31.9,262.0,6.12,2.8,21.6,0.467,2.748,1.163,13153,4071,69.5,B (ดี)
2196,2025-01-13,2568,1,ฤดูแล้ง,BNH05,ลำห้วย (Tributary),ม่วงลาย,6.8,25.9,397.0,4.69,3.24,20.5,0.785,2.356,1.189,28517,15497,62.6,B (ดี)
2197,2024-09-24,2567,9,ฤดูฝน,NHK02,หนองหาร (Lake),ธาตุนาเวง,7.44,27.8,253.0,6.66,4.54,21.0,1.148,1.83,1.321,2009,974,70.4,B (ดี)
2198,2025-12-21,2568,12,ฤดูแล้ง,BNH01,ลำห้วย (Tributary),ธาตุนาเวง,7.28,25.3,397.0,2.4,7.05,31.0,1.71,3.19,2.633,65610,26390,37.1,D (เสื่อมโทรม)
2199,2024-04-20,2567,4,ฤดูแล้ง,NHK01,หนองหาร (Lake),เมืองสกลนคร,6.79,28.7,286.0,6.38,2.13,15.9,0.3,1.317,0.285,3468,826,80.8,A (ดีมาก)
2200,2025-12-21,2568,12,ฤดูแล้ง,BNH07,ลำห้วย (Tributary),งิ้วด่อน,7.26,26.3,284.0,4.81,3.88,16.9,0.651,1.946,1.383,13637,5161,64.3,B (ดี)
2201,2024-10-01,2567,10,ฤดูฝน,BNH05,ลำห้วย (Tributary),ม่วงลาย,7.52,26.2,309.0,5.96,3.59,20.9,0.426,1.959,1.095,13435,6929,72.0,B (ดี)
2202,2024-05-19,2567,5,ฤดูแล้ง,NHK03,หนองหาร (Lake),ฮางโฮง,6.75,28.9,245.0,6.9,2.69,8.1,0.498,1.25,0.227,1749,408,82.5,A (ดีมาก)
2203,2024-10-12,2567,10,ฤดูฝน,NHK03,หนองหาร (Lake),ฮางโฮง,7.59,27.7,232.0,8.03,1.15,10.2,0.01,1.462,0.313,6188,2440,89.2,A (ดีมาก)
2204,2024-11-05,2567,11,ฤดูแล้ง,NHK01,หนองหาร (Lake),เมืองสกลนคร,7.08,26.2,242.0,6.81,1.61,11.3,0.158,0.611,0.954,2700,1468,82.6,A (ดีมาก)
2205,2024-12-14,2567,12,ฤดูแล้ง,BNH08,ลำห้วย (Tributary),เมืองสกลนคร,7.25,25.5,408.0,2.63,7.57,29.4,1.593,3.39,2.453,7979,2812,39.0,D (เสื่อมโทรม)
2206,2025-01-19,2568,1,ฤดูแล้ง,BNH02,ลำห้วย (Tributary),เชียงเครือ,6.96,24.5,339.0,5.08,3.81,14.6,1.23,2.239,1.315,14816,5076,61.5,B (ดี)
2207,2025-02-16,2568,2,ฤดูแล้ง,BNH04,ลำห้วย (Tributary),นาแก้ว,7.55,24.1,351.0,2.33,6.33,32.2,1.77,3.608,2.31,57190,22245,36.7,D (เสื่อมโทรม)
2208,2025-03-19,2568,3,ฤดูแล้ง,BNH07,ลำห้วย (Tributary),งิ้วด่อน,7.19,27.3,332.0,6.23,3.82,26.3,1.171,2.594,1.342,7983,1746,65.6,B (ดี)
2209,2024-02-02,2567,2,ฤดูแล้ง,NHK10,หนองหาร (Lake),งิ้วด่อน,6.6,24.7,190.0,7.91,0.3,4.0,0.24,0.679,0.152,5747,2457,90.8,A (ดีมาก)
2210,2024-07-29,2567,7,ฤดูฝน,NHK10,หนองหาร (Lake),งิ้วด่อน,6.75,30.4,235.0,7.76,0.3,4.0,0.096,0.839,0.32,2802,1551,89.5,A (ดีมาก)
2211,2024-06-30,2567,6,ฤดูฝน,BNH08,ลำห้วย (Tributary),เมืองสกลนคร,7.1,31.5,358.0,4.88,7.45,26.7,1.821,3.43,2.343,50498,28629,48.2,C (พอใช้)
2212,2024-09-03,2567,9,ฤดูฝน,BNH07,ลำห้วย (Tributary),งิ้วด่อน,6.5,29.3,283.0,4.9,5.13,26.4,0.6,1.958,1.066,50827,14686,66.5,B (ดี)
2213,2024-01-03,2567,1,ฤดูแล้ง,NHK07,หนองหาร (Lake),บ้านแป้น,7.25,25.6,229.0,5.49,1.37,4.0,0.176,0.68,0.645,14779,7652,77.9,B (ดี)
2214,2024-04-21,2567,4,ฤดูแล้ง,BNH03,ลำห้วย (Tributary),ท่าแร่,6.34,28.4,303.0,2.8,5.85,31.5,1.511,3.386,2.312,14696,6950,41.0,C (พอใช้)
2215,2025-08-10,2568,8,ฤดูฝน,BNH08,ลำห้วย (Tributary),เมืองสกลนคร,6.59,28.5,428.0,4.32,6.63,29.3,1.509,3.777,2.402,21924,10688,46.0,C (พอใช้)
2216,2025-05-02,2568,5,ฤดูแล้ง,NHK01,หนองหาร (Lake),เมืองสกลนคร,7.32,28.8,205.0,5.26,1.4,4.0,0.116,0.77,0.323,5552,2450,78.6,B (ดี)
2217,2024-07-21,2567,7,ฤดูฝน,NHK01,หนองหาร (Lake),เมืองสกลนคร,7.02,32.3,220.0,7.49,0.3,4.0,0.01,0.606,1.022,6359,2870,86.1,A (ดีมาก)
2218,2025-04-24,2568,4,ฤดูแล้ง,NHK08,หนองหาร (Lake),นาตงวัฒนา,7.46,29.1,268.0,6.67,2.06,10.8,0.133,1.695,0.237,2362,1203,82.0,A (ดีมาก)
2219,2024-05-04,2567,5,ฤดูแล้ง,BNH07,ลำห้วย (Tributary),งิ้วด่อน,7.24,30.7,312.0,5.44,1.48,8.3,0.697,2.177,1.059,7067,1500,67.7,B (ดี)
2220,2025-01-03,2568,1,ฤดูแล้ง,BNH02,ลำห้วย (Tributary),เชียงเครือ,7.09,26.6,306.0,6.39,3.57,20.7,0.69,1.995,1.181,16360,4002,71.9,B (ดี)
2221,2025-12-23,2568,12,ฤดูแล้ง,NHK06,หนองหาร (Lake),บ้านแป้น,7.81,25.6,251.0,6.83,0.91,5.3,0.23,1.094,0.388,2808,713,83.4,A (ดีมาก)
2222,2024-08-01,2567,8,ฤดูฝน,NHK07,หนองหาร (Lake),บ้านแป้น,7.76,30.9,271.0,7.89,0.45,4.0,0.551,0.807,0.41,4276,1390,87.2,A (ดีมาก)
2223,2024-02-19,2567,2,ฤดูแล้ง,NHK09,หนองหาร (Lake),เหล่าปอแดง,7.02,26.4,345.0,6.04,0.89,4.0,0.1,1.579,0.467,3353,1885,78.7,B (ดี)
2224,2025-01-27,2568,1,ฤดูแล้ง,NHK10,หนองหาร (Lake),งิ้วด่อน,6.68,24.2,172.0,7.79,0.59,6.4,0.31,0.909,0.889,1407,793,85.4,A (ดีมาก)
2225,2025-06-19,2568,6,ฤดูฝน,NHK06,หนองหาร (Lake),บ้านแป้น,7.37,30.1,192.0,7.17,0.3,4.0,0.069,0.762,0.582,3185,1771,86.0,A (ดีมาก)
2226,2024-03-24,2567,3,ฤดูแล้ง,NHK10,หนองหาร (Lake),งิ้วด่อน,7.24,29.0,217.0,7.42,0.3,4.0,0.101,1.176,0.334,8471,2371,86.8,A (ดีมาก)
2227,2025-03-11,2568,3,ฤดูแล้ง,NHK05,หนองหาร (Lake),ท่าแร่,7.55,26.5,183.0,6.95,2.29,6.5,0.242,0.798,0.271,1476,396,85.5,A (ดีมาก)
2228,2025-03-10,2568,3,ฤดูแล้ง,NHK09,หนองหาร (Lake),เหล่าปอแดง,7.54,27.6,225.0,5.38,1.71,5.5,0.481,1.28,0.296,4871,2398,75.4,B (ดี)
2229,2024-12-09,2567,12,ฤดูแล้ง,NHK01,หนองหาร (Lake),เมืองสกลนคร,7.23,23.7,290.0,7.4,2.44,5.1,0.149,1.776,0.735,3008,1265,82.4,A (ดีมาก)
2230,2024-06-17,2567,6,ฤดูฝน,NHK09,หนองหาร (Lake),เหล่าปอแดง,7.7,31.5,229.0,6.37,0.42,4.8,0.05,0.854,0.459,2483,1448,82.9,A (ดีมาก)
2231,2025-04-23,2568,4,ฤดูแล้ง,NHK02,หนองหาร (Lake),ธาตุนาเวง,6.78,25.8,234.0,5.42,5.4,24.2,1.152,2.34,2.046,10368,6151,59.5,C (พอใช้)
2232,2025-07-12,2568,7,ฤดูฝน,BNH07,ลำห้วย (Tributary),งิ้วด่อน,7.0,32.0,281.0,4.95,2.11,4.0,0.455,2.046,1.702,7372,3922,64.1,B (ดี)
2233,2024-12-28,2567,12,ฤดูแล้ง,NHK09,หนองหาร (Lake),เหล่าปอแดง,7.52,26.4,249.0,6.68,0.74,4.0,0.159,2.245,0.174,2307,1163,80.4,A (ดีมาก)
2234,2025-11-17,2568,11,ฤดูแล้ง,BNH06,ลำห้วย (Tributary),เหล่าปอแดง,7.11,26.9,259.0,5.03,3.52,11.0,0.821,1.962,1.235,3690,2167,64.9,B (ดี)
2235,2024-07-30,2567,7,ฤดูฝน,NHK02,หนองหาร (Lake),ธาตุนาเวง,7.63,31.3,323.0,6.09,4.6,14.0,1.143,1.921,1.317,34341,14256,67.5,B (ดี)
2236,2024-01-07,2567,1,ฤดูแล้ง,NHK09,หนองหาร (Lake),เหล่าปอแดง,7.45,23.9,200.0,6.5,0.89,4.0,0.232,0.768,0.247,9073,2471,83.8,A (ดีมาก)
2237,2024-11-08,2567,11,ฤดูแล้ง,BNH02,ลำห้วย (Tributary),เชียงเครือ,6.45,29.3,322.0,5.55,4.94,15.9,0.604,1.949,1.372,15384,6865,67.9,B (ดี)
2238,2024-08-15,2567,8,ฤดูฝน,BNH04,ลำห้วย (Tributary),นาแก้ว,7.21,30.9,407.0,4.46,6.93,31.7,1.34,3.767,2.321,32524,8823,48.0,C (พอใช้)
2239,2025-03-26,2568,3,ฤดูแล้ง,BNH08,ลำห้วย (Tributary),เมืองสกลนคร,6.66,27.0,319.0,2.78,6.5,33.3,1.511,5.244,2.166,72202,38159,35.4,D (เสื่อมโทรม)
2240,2024-07-17,2567,7,ฤดูฝน,NHK07,หนองหาร (Lake),บ้านแป้น,6.61,29.7,256.0,8.23,0.56,4.0,0.01,0.928,1.977,4814,2119,83.5,A (ดีมาก)
2241,2025-07-20,2568,7,ฤดูฝน,NHK05,หนองหาร (Lake),ท่าแร่,6.6,31.2,232.0,8.12,2.06,8.3,0.01,0.94,0.321,4339,1863,91.3,A (ดีมาก)
2242,2024-05-29,2567,5,ฤดูแล้ง,NHK06,หนองหาร (Lake),บ้านแป้น,7.32,30.5,207.0,8.12,2.49,13.0,0.457,0.638,0.422,4090,1746,89.2,A (ดีมาก)
2243,2024-02-25,2567,2,ฤดูแล้ง,NHK05,หนองหาร (Lake),ท่าแร่,7.27,24.4,269.0,6.91,1.78,7.5,0.307,0.844,0.799,10238,5968,82.2,A (ดีมาก)
2244,2025-09-02,2568,9,ฤดูฝน,BNH02,ลำห้วย (Tributary),เชียงเครือ,6.89,30.6,306.0,5.58,2.84,19.6,0.778,1.941,1.193,8167,4104,67.9,B (ดี)
2245,2025-05-20,2568,5,ฤดูแล้ง,NHK10,หนองหาร (Lake),งิ้วด่อน,7.32,31.4,236.0,6.22,1.71,6.6,0.124,0.634,0.499,10888,6160,82.3,A (ดีมาก)
2246,2025-05-23,2568,5,ฤดูแล้ง,NHK05,หนองหาร (Lake),ท่าแร่,6.73,31.3,286.0,6.41,0.3,4.0,0.145,0.841,0.167,3327,944,84.0,A (ดีมาก)
2247,2024-06-17,2567,6,ฤดูฝน,BNH01,ลำห้วย (Tributary),ธาตุนาเวง,6.78,30.0,377.0,5.38,6.06,24.0,1.688,3.192,2.206,40837,14706,52.6,C (พอใช้)
2248,2024-03-14,2567,3,ฤดูแล้ง,BNH08,ลำห้วย (Tributary),เมืองสกลนคร,7.21,25.5,293.0,2.39,8.27,27.6,1.6,3.711,2.152,99438,37501,38.3,D (เสื่อมโทรม)
2249,2024-08-24,2567,8,ฤดูฝน,NHK09,หนองหาร (Lake),เหล่าปอแดง,7.8,29.5,282.0,8.07,0.3,4.0,0.269,0.87,0.536,1531,857,88.7,A (ดีมาก)
2250,2025-05-28,2568,5,ฤดูแล้ง,NHK02,หนองหาร (Lake),ธาตุนาเวง,6.89,31.6,234.0,4.19,3.42,17.3,1.061,3.823,1.351,21735,8283,53.0,C (พอใช้)
2251,2025-11-26,2568,11,ฤดูแล้ง,NHK03,หนองหาร (Lake),ฮางโฮง,6.6,26.4,244.0,7.4,2.94,18.0,0.121,0.624,0.198,2357,1267,89.1,A (ดีมาก)
2252,2025-08-17,2568,8,ฤดูฝน,NHK10,หนองหาร (Lake),งิ้วด่อน,7.56,32.6,182.0,7.37,0.81,7.1,0.274,0.97,0.151,6028,2544,87.2,A (ดีมาก)
2253,2025-12-06,2568,12,ฤดูแล้ง,NHK05,หนองหาร (Lake),ท่าแร่,6.95,23.2,216.0,7.17,1.02,8.6,0.12,0.831,0.556,8095,3392,85.6,A (ดีมาก)
2254,2025-08-18,2568,8,ฤดูฝน,NHK06,หนองหาร (Lake),บ้านแป้น,7.58,30.8,249.0,8.36,1.66,4.0,0.275,0.989,0.217,2506,1373,91.2,A (ดีมาก)
2255,2025-08-17,2568,8,ฤดูฝน,NHK08,หนองหาร (Lake),นาตงวัฒนา,7.24,30.4,277.0,7.99,0.3,4.1,0.01,0.649,0.198,6367,2314,92.3,A (ดีมาก)
2256,2025-10-05,2568,10,ฤดูฝน,NHK05,หนองหาร (Lake),ท่าแร่,7.44,27.7,197.0,6.66,0.94,4.0,0.01,0.982,0.234,2319,1191,85.1,A (ดีมาก)
2257,2025-08-18,2568,8,ฤดูฝน,BNH07,ลำห้วย (Tributary),งิ้วด่อน,6.44,31.8,305.0,6.57,3.05,19.2,0.409,2.414,1.313,11442,3065,72.3,B (ดี)
2258,2024-12-04,2567,12,ฤดูแล้ง,BNH04,ลำห้วย (Tributary),นาแก้ว,6.81,24.7,377.0,3.75,6.38,35.1,1.599,3.11,2.258,28827,8486,45.9,C (พอใช้)
2259,2024-07-23,2567,7,ฤดูฝน,BNH04,ลำห้วย (Tributary),นาแก้ว,7.3,32.4,357.0,3.36,7.99,33.3,1.76,3.722,2.223,36921,8108,41.4,C (พอใช้)
2260,2025-02-01,2568,2,ฤดูแล้ง,BNH04,ลำห้วย (Tributary),นาแก้ว,6.79,25.1,341.0,2.56,7.96,43.5,1.95,3.531,2.311,117779,37630,36.9,D (เสื่อมโทรม)
2261,2024-11-08,2567,11,ฤดูแล้ง,BNH02,ลำห้วย (Tributary),เชียงเครือ,7.26,27.1,327.0,5.94,2.93,9.3,0.631,2.061,1.476,6785,4052,68.5,B (ดี)
2262,2024-05-17,2567,5,ฤดูแล้ง,NHK10,หนองหาร (Lake),งิ้วด่อน,7.18,28.6,247.0,6.47,1.52,4.0,0.25,0.885,0.238,2103,538,83.2,A (ดีมาก)
2263,2025-10-10,2568,10,ฤดูฝน,BNH05,ลำห้วย (Tributary),ม่วงลาย,7.24,30.2,320.0,6.51,3.09,13.1,0.921,2.069,1.247,12607,6086,70.6,B (ดี)
2264,2025-07-26,2568,7,ฤดูฝน,BNH03,ลำห้วย (Tributary),ท่าแร่,6.83,29.6,358.0,2.99,6.19,19.9,1.352,3.141,2.895,64755,19997,40.6,C (พอใช้)
2265,2025-11-28,2568,11,ฤดูแล้ง,NHK02,หนองหาร (Lake),ธาตุนาเวง,6.92,27.3,259.0,4.89,5.28,25.7,1.105,2.346,1.297,18154,8851,61.1,B (ดี)
2266,2025-01-10,2568,1,ฤดูแล้ง,NHK06,หนองหาร (Lake),บ้านแป้น,7.21,28.1,179.0,6.95,1.67,4.7,0.386,1.068,0.35,3075,1686,83.4,A (ดีมาก)
2267,2025-06-25,2568,6,ฤดูฝน,NHK03,หนองหาร (Lake),ฮางโฮง,7.13,31.8,224.0,7.33,0.46,13.0,0.023,1.229,0.211,9607,3462,87.3,A (ดีมาก)
2268,2024-08-21,2567,8,ฤดูฝน,NHK01,หนองหาร (Lake),เมืองสกลนคร,7.25,30.4,231.0,8.94,0.3,4.0,0.408,0.895,0.202,4361,2010,93.4,A (ดีมาก)
2269,2025-01-10,2568,1,ฤดูแล้ง,BNH08,ลำห้วย (Tributary),เมืองสกลนคร,7.32,24.5,374.0,4.11,6.78,33.8,1.557,3.118,2.154,52793,20075,48.2,C (พอใช้)
2270,2025-11-08,2568,11,ฤดูแล้ง,NHK05,หนองหาร (Lake),ท่าแร่,7.58,26.4,274.0,7.19,1.07,10.4,0.207,1.507,0.202,2377,707,84.7,A (ดีมาก)
2271,2025-06-05,2568,6,ฤดูฝน,NHK06,หนองหาร (Lake),บ้านแป้น,6.93,28.6,213.0,7.57,0.82,12.0,0.01,0.745,0.208,1655,822,90.1,A (ดีมาก)
2272,2024-04-24,2567,4,ฤดูแล้ง,NHK02,หนองหาร (Lake),ธาตุนาเวง,7.67,27.2,329.0,4.31,5.88,25.7,1.099,2.689,1.346,10163,5659,57.2,C (พอใช้)
2273,2024-03-17,2567,3,ฤดูแล้ง,NHK02,หนองหาร (Lake),ธาตุนาเวง,7.13,25.0,315.0,4.59,4.6,8.7,1.085,2.172,1.396,5968,3389,60.0,C (พอใช้)
2274,2024-08-26,2567,8,ฤดูฝน,NHK04,หนองหาร (Lake),เชียงเครือ,7.98,30.4,171.0,8.0,1.46,14.5,0.01,0.669,0.258,2123,802,92.0,A (ดีมาก)
2275,2024-03-15,2567,3,ฤดูแล้ง,BNH08,ลำห้วย (Tributary),เมืองสกลนคร,7.08,25.8,334.0,1.52,7.27,16.5,2.003,3.168,2.564,120583,67235,31.9,D (เสื่อมโทรม)
2276,2024-02-01,2567,2,ฤดูแล้ง,NHK10,หนองหาร (Lake),งิ้วด่อน,6.88,26.4,228.0,6.69,0.31,4.0,0.339,1.024,0.651,2733,1632,81.1,A (ดีมาก)
2277,2024-03-28,2567,3,ฤดูแล้ง,NHK08,หนองหาร (Lake),นาตงวัฒนา,6.61,26.3,359.0,6.96,2.15,10.0,0.357,0.653,0.157,2957,1544,85.9,A (ดีมาก)
2278,2025-12-09,2568,12,ฤดูแล้ง,BNH01,ลำห้วย (Tributary),ธาตุนาเวง,7.67,25.4,376.0,3.66,8.88,36.7,1.65,3.84,2.19,40890,21810,43.1,C (พอใช้)
2279,2025-04-07,2568,4,ฤดูแล้ง,NHK09,หนองหาร (Lake),เหล่าปอแดง,6.9,26.1,265.0,5.71,2.44,7.9,0.348,0.635,0.195,2222,1207,80.3,A (ดีมาก)
2280,2025-08-02,2568,8,ฤดูฝน,BNH02,ลำห้วย (Tributary),เชียงเครือ,7.03,30.6,323.0,5.34,2.26,11.5,0.4,2.684,1.124,17885,8993,66.9,B (ดี)
2281,2024-09-29,2567,9,ฤดูฝน,BNH08,ลำห้วย (Tributary),เมืองสกลนคร,6.44,30.4,391.0,3.28,5.36,25.5,1.318,3.262,2.299,38806,21001,44.7,C (พอใช้)
2282,2024-09-09,2567,9,ฤดูฝน,BNH03,ลำห้วย (Tributary),ท่าแร่,7.54,28.7,381.0,4.77,5.42,19.2,1.449,3.139,2.261,40505,17423,51.1,C (พอใช้)
2283,2025-05-02,2568,5,ฤดูแล้ง,BNH07,ลำห้วย (Tributary),งิ้วด่อน,7.85,28.4,294.0,5.88,4.03,25.2,0.767,2.4,1.447,32525,12423,66.5,B (ดี)
2284,2024-08-19,2567,8,ฤดูฝน,BNH04,ลำห้วย (Tributary),นาแก้ว,6.8,30.0,347.0,4.87,6.06,25.5,1.568,3.127,2.959,31226,11292,47.5,C (พอใช้)
2285,2024-04-12,2567,4,ฤดูแล้ง,NHK05,หนองหาร (Lake),ท่าแร่,7.13,29.0,235.0,7.64,0.3,4.0,0.403,0.697,0.534,4849,2715,86.7,A (ดีมาก)
2286,2024-09-01,2567,9,ฤดูฝน,BNH03,ลำห้วย (Tributary),ท่าแร่,7.07,30.2,343.0,4.0,8.34,47.0,1.418,3.407,2.34,50897,16717,46.6,C (พอใช้)
2287,2025-08-04,2568,8,ฤดูฝน,BNH07,ลำห้วย (Tributary),งิ้วด่อน,6.77,28.8,345.0,6.35,3.87,21.0,0.524,1.941,1.451,4344,2175,71.5,B (ดี)
2288,2025-03-25,2568,3,ฤดูแล้ง,NHK06,หนองหาร (Lake),บ้านแป้น,6.67,27.5,300.0,6.97,2.72,17.7,0.286,0.769,0.316,2665,1321,85.2,A (ดีมาก)
2289,2024-05-30,2567,5,ฤดูแล้ง,NHK07,หนองหาร (Lake),บ้านแป้น,7.29,31.7,242.0,6.14,0.3,4.0,0.112,0.764,0.362,5552,2714,82.3,A (ดีมาก)
2290,2025-05-01,2568,5,ฤดูแล้ง,NHK10,หนองหาร (Lake),งิ้วด่อน,7.0,28.5,215.0,6.94,2.11,4.5,0.246,0.707,0.204,5844,2642,86.1,A (ดีมาก)
2291,2025-07-15,2568,7,ฤดูฝน,NHK10,หนองหาร (Lake),งิ้วด่อน,7.06,28.5,315.0,8.31,0.3,4.0,0.01,1.06,0.181,3874,1141,92.4,A (ดีมาก)
2292,2025-03-04,2568,3,ฤดูแล้ง,NHK04,หนองหาร (Lake),เชียงเครือ,7.56,27.0,224.0,7.89,2.09,4.0,0.144,2.344,0.527,7622,1795,83.8,A (ดีมาก)
2293,2024-05-28,2567,5,ฤดูแล้ง,BNH04,ลำห้วย (Tributary),นาแก้ว,7.29,31.0,371.0,2.77,7.52,19.9,1.533,3.342,2.759,55268,32858,38.6,D (เสื่อมโทรม)
2294,2024-12-01,2567,12,ฤดูแล้ง,NHK08,หนองหาร (Lake),นาตงวัฒนา,7.31,23.5,259.0,6.68,1.12,4.0,0.19,0.898,0.469,7349,2623,83.3,A (ดีมาก)
2295,2024-10-14,2567,10,ฤดูฝน,NHK09,หนองหาร (Lake),เหล่าปอแดง,7.21,27.5,255.0,8.69,2.45,10.5,0.232,0.727,1.003,4702,2106,89.9,A (ดีมาก)
2296,2024-11-02,2567,11,ฤดูแล้ง,NHK03,หนองหาร (Lake),ฮางโฮง,6.92,29.7,214.0,8.0,1.96,5.4,0.194,1.313,1.192,7883,3091,84.1,A (ดีมาก)
2297,2025-10-06,2568,10,ฤดูฝน,BNH08,ลำห้วย (Tributary),เมืองสกลนคร,7.07,25.4,346.0,3.68,4.39,11.3,1.392,3.186,3.023,104292,50392,42.7,C (พอใช้)
2298,2024-01-13,2567,1,ฤดูแล้ง,BNH03,ลำห้วย (Tributary),ท่าแร่,6.58,22.8,378.0,2.41,8.14,29.8,1.519,3.486,2.407,44251,9399,38.4,D (เสื่อมโทรม)
2299,2025-05-01,2568,5,ฤดูแล้ง,NHK04,หนองหาร (Lake),เชียงเครือ,6.78,29.9,213.0,6.14,0.3,4.0,0.234,0.759,0.411,3668,1142,81.4,A (ดีมาก)
2300,2025-04-29,2568,4,ฤดูแล้ง,NHK03,หนองหาร (Lake),ฮางโฮง,6.9,27.2,192.0,6.64,2.36,14.0,0.313,0.859,0.279,18528,10075,83.4,A (ดีมาก)
2301,2025-03-01,2568,3,ฤดูแล้ง,NHK03,หนองหาร (Lake),ฮางโฮง,7.4,24.5,265.0,6.87,3.17,20.0,0.111,1.053,0.906,2927,1632,81.9,A (ดีมาก)
2302,2025-03-27,2568,3,ฤดูแล้ง,NHK04,หนองหาร (Lake),เชียงเครือ,7.02,26.6,154.0,7.0,1.67,7.7,0.234,0.96,0.605,3171,1073,83.5,A (ดีมาก)
2303,2024-02-06,2567,2,ฤดูแล้ง,BNH07,ลำห้วย (Tributary),งิ้วด่อน,6.62,25.1,252.0,5.07,3.37,25.3,0.758,2.196,1.671,15426,9239,62.5,B (ดี)
2304,2025-05-13,2568,5,ฤดูแล้ง,NHK02,หนองหาร (Lake),ธาตุนาเวง,6.68,28.0,297.0,5.27,5.39,19.8,1.114,1.852,1.646,17212,6292,62.7,B (ดี)
2305,2024-03-05,2567,3,ฤดูแล้ง,BNH05,ลำห้วย (Tributary),ม่วงลาย,7.1,25.8,340.0,5.21,4.03,14.0,0.618,3.073,1.682,10252,5352,61.0,B (ดี)
2306,2024-02-15,2567,2,ฤดูแล้ง,NHK09,หนองหาร (Lake),เหล่าปอแดง,7.05,26.8,210.0,6.53,1.77,5.8,0.345,0.856,2.266,2550,521,72.8,B (ดี)
2307,2024-09-01,2567,9,ฤดูฝน,NHK06,หนองหาร (Lake),บ้านแป้น,7.76,28.4,216.0,7.76,0.3,5.3,0.157,1.255,0.267,11723,6683,88.1,A (ดีมาก)
2308,2025-07-13,2568,7,ฤดูฝน,BNH04,ลำห้วย (Tributary),นาแก้ว,7.1,30.1,289.0,4.07,5.76,20.7,1.541,3.612,2.221,71131,16643,46.1,C (พอใช้)
2309,2024-09-11,2567,9,ฤดูฝน,BNH01,ลำห้วย (Tributary),ธาตุนาเวง,6.64,30.1,328.0,3.79,6.68,34.6,1.783,3.441,2.198,34870,9333,44.2,C (พอใช้)
2310,2025-10-25,2568,10,ฤดูฝน,NHK06,หนองหาร (Lake),บ้านแป้น,7.31,27.4,227.0,7.73,0.3,4.0,0.125,0.977,0.239,3224,988,89.2,A (ดีมาก)
2311,2025-03-15,2568,3,ฤดูแล้ง,NHK04,หนองหาร (Lake),เชียงเครือ,7.1,25.9,251.0,7.07,2.57,11.2,0.116,0.641,0.753,1349,790,84.9,A (ดีมาก)
2312,2025-06-24,2568,6,ฤดูฝน,NHK03,หนองหาร (Lake),ฮางโฮง,7.25,29.7,187.0,7.01,1.02,6.5,0.02,0.759,0.205,3194,914,87.5,A (ดีมาก)
2313,2025-11-20,2568,11,ฤดูแล้ง,NHK06,หนองหาร (Lake),บ้านแป้น,7.36,28.2,287.0,7.74,0.39,4.0,0.242,0.72,0.627,5268,1130,87.5,A (ดีมาก)
2314,2024-11-29,2567,11,ฤดูแล้ง,BNH08,ลำห้วย (Tributary),เมืองสกลนคร,6.59,26.1,355.0,3.23,7.9,33.5,1.577,3.286,2.464,85268,23270,42.1,C (พอใช้)
2315,2024-01-10,2567,1,ฤดูแล้ง,BNH03,ลำห้วย (Tributary),ท่าแร่,7.06,25.7,376.0,3.16,5.57,15.4,1.532,4.225,2.273,47674,21709,39.8,D (เสื่อมโทรม)
2316,2024-04-22,2567,4,ฤดูแล้ง,BNH02,ลำห้วย (Tributary),เชียงเครือ,6.92,28.6,332.0,4.56,4.27,27.5,0.601,2.153,1.341,8477,2186,62.9,B (ดี)
2317,2025-03-11,2568,3,ฤดูแล้ง,BNH04,ลำห้วย (Tributary),นาแก้ว,7.39,25.5,421.0,2.01,7.12,37.9,1.558,3.349,2.969,23901,10410,34.0,D (เสื่อมโทรม)
2318,2025-12-29,2568,12,ฤดูแล้ง,BNH05,ลำห้วย (Tributary),ม่วงลาย,7.39,25.0,251.0,6.64,4.34,20.0,0.727,2.477,1.357,19037,5118,70.3,B (ดี)
2319,2024-08-02,2567,8,ฤดูฝน,NHK09,หนองหาร (Lake),เหล่าปอแดง,7.32,30.4,216.0,7.45,1.08,10.1,0.01,0.764,0.509,2632,863,88.0,A (ดีมาก)
2320,2025-08-28,2568,8,ฤดูฝน,BNH06,ลำห้วย (Tributary),เหล่าปอแดง,6.73,31.2,390.0,5.72,4.15,16.0,0.423,2.226,1.118,19338,8154,70.0,B (ดี)
2321,2025-09-30,2568,9,ฤดูฝน,BNH01,ลำห้วย (Tributary),ธาตุนาเวง,6.89,30.2,390.0,3.87,5.98,27.3,1.377,3.745,2.508,36947,14227,44.3,C (พอใช้)
2322,2025-05-22,2568,5,ฤดูแล้ง,BNH07,ลำห้วย (Tributary),งิ้วด่อน,6.64,29.3,275.0,4.88,4.75,20.5,0.756,2.492,1.094,23337,13515,63.6,B (ดี)
2323,2025-10-11,2568,10,ฤดูฝน,NHK03,หนองหาร (Lake),ฮางโฮง,7.41,27.7,236.0,7.52,0.44,6.9,0.01,0.797,0.762,1816,931,86.9,A (ดีมาก)
2324,2025-04-21,2568,4,ฤดูแล้ง,BNH06,ลำห้วย (Tributary),เหล่าปอแดง,7.22,27.4,304.0,5.18,4.57,23.2,0.613,2.009,1.278,3276,717,66.4,B (ดี)
2325,2025-12-23,2568,12,ฤดูแล้ง,NHK09,หนองหาร (Lake),เหล่าปอแดง,7.19,25.8,193.0,5.83,1.04,4.0,0.266,1.138,0.338,7204,1470,78.9,B (ดี)
2326,2024-10-07,2567,10,ฤดูฝน,BNH02,ลำห้วย (Tributary),เชียงเครือ,7.8,27.7,342.0,6.6,2.4,8.6,0.605,2.756,1.129,21014,6516,71.0,B (ดี)
2327,2025-04-14,2568,4,ฤดูแล้ง,NHK05,หนองหาร (Lake),ท่าแร่,7.59,27.9,182.0,6.66,0.3,4.0,0.842,1.003,0.48,1096,603,79.1,B (ดี)
2328,2025-03-21,2568,3,ฤดูแล้ง,NHK03,หนองหาร (Lake),ฮางโฮง,7.9,25.7,297.0,5.67,1.23,7.8,0.232,0.731,0.159,3846,1453,80.6,A (ดีมาก)
2329,2024-10-02,2567,10,ฤดูฝน,NHK06,หนองหาร (Lake),บ้านแป้น,7.09,26.9,184.0,7.81,1.79,10.7,0.224,0.677,0.294,1482,772,89.7,A (ดีมาก)
2330,2025-03-14,2568,3,ฤดูแล้ง,NHK07,หนองหาร (Lake),บ้านแป้น,8.01,24.8,197.0,7.35,2.31,13.5,0.162,0.783,0.3,7489,3668,87.6,A (ดีมาก)
2331,2025-02-14,2568,2,ฤดูแล้ง,BNH06,ลำห้วย (Tributary),เหล่าปอแดง,6.96,24.5,324.0,6.85,4.89,23.8,0.64,2.482,1.178,10035,5430,72.6,B (ดี)
2332,2024-06-13,2567,6,ฤดูฝน,BNH06,ลำห้วย (Tributary),เหล่าปอแดง,7.45,30.4,280.0,6.35,3.43,16.9,0.542,2.051,1.112,5243,1178,72.8,B (ดี)
2333,2025-06-10,2568,6,ฤดูฝน,BNH07,ลำห้วย (Tributary),งิ้วด่อน,6.77,28.9,352.0,6.29,3.28,16.0,0.535,2.354,1.15,49913,22371,71.3,B (ดี)
2334,2024-08-02,2567,8,ฤดูฝน,BNH04,ลำห้วย (Tributary),นาแก้ว,7.29,31.8,401.0,2.29,5.89,25.6,1.389,3.682,2.294,199965,96637,38.5,D (เสื่อมโทรม)
2335,2024-08-23,2567,8,ฤดูฝน,NHK03,หนองหาร (Lake),ฮางโฮง,7.2,30.3,216.0,6.78,0.3,4.0,0.034,1.089,0.64,1945,534,83.1,A (ดีมาก)
2336,2025-06-07,2568,6,ฤดูฝน,NHK09,หนองหาร (Lake),เหล่าปอแดง,6.86,30.2,225.0,6.65,0.64,4.0,0.01,0.627,0.311,7341,3952,85.8,A (ดีมาก)
2337,2025-05-09,2568,5,ฤดูแล้ง,BNH07,ลำห้วย (Tributary),งิ้วด่อน,7.86,31.2,342.0,5.27,3.95,17.1,0.72,2.072,1.711,27227,5613,63.9,B (ดี)
2338,2024-11-19,2567,11,ฤดูแล้ง,BNH03,ลำห้วย (Tributary),ท่าแร่,7.95,25.9,362.0,3.87,7.18,36.2,1.541,3.208,2.155,10139,3363,46.9,C (พอใช้)
2339,2025-02-17,2568,2,ฤดูแล้ง,NHK07,หนองหาร (Lake),บ้านแป้น,7.24,26.4,232.0,6.9,2.78,18.8,0.161,0.772,0.201,1584,541,86.2,A (ดีมาก)
2340,2024-08-13,2567,8,ฤดูฝน,NHK02,หนองหาร (Lake),ธาตุนาเวง,6.95,31.8,258.0,4.7,4.69,30.3,0.84,2.524,1.255,25510,14795,61.4,B (ดี)
2341,2024-12-04,2567,12,ฤดูแล้ง,NHK08,หนองหาร (Lake),นาตงวัฒนา,6.87,25.8,206.0,8.35,0.51,4.0,0.127,0.864,1.266,2592,976,87.2,A (ดีมาก)
2342,2025-10-12,2568,10,ฤดูฝน,NHK09,หนองหาร (Lake),เหล่าปอแดง,6.91,26.2,176.0,7.06,1.57,4.0,0.297,0.918,0.228,6974,3316,85.5,A (ดีมาก)
2343,2024-11-30,2567,11,ฤดูแล้ง,NHK03,หนองหาร (Lake),ฮางโฮง,7.69,27.2,185.0,7.21,0.3,7.6,0.122,1.007,0.477,3487,1156,85.6,A (ดีมาก)
2344,2025-03-22,2568,3,ฤดูแล้ง,NHK07,หนองหาร (Lake),บ้านแป้น,7.61,27.0,274.0,7.5,0.3,14.2,0.29,0.881,0.406,5766,1344,86.7,A (ดีมาก)
2345,2025-12-02,2568,12,ฤดูแล้ง,NHK03,หนองหาร (Lake),ฮางโฮง,7.12,24.4,282.0,6.6,1.77,4.5,0.106,0.809,1.045,7610,3229,80.8,A (ดีมาก)
2346,2024-08-25,2567,8,ฤดูฝน,BNH07,ลำห้วย (Tributary),งิ้วด่อน,7.29,31.5,335.0,6.19,3.42,16.2,0.577,2.127,1.135,7296,3149,71.4,B (ดี)
2347,2025-12-23,2568,12,ฤดูแล้ง,NHK05,หนองหาร (Lake),ท่าแร่,6.75,25.5,232.0,6.92,0.32,4.0,0.22,0.649,0.167,2213,1138,86.5,A (ดีมาก)
2348,2025-02-03,2568,2,ฤดูแล้ง,NHK02,หนองหาร (Lake),ธาตุนาเวง,7.12,26.0,282.0,4.01,3.58,11.3,1.014,3.085,1.338,3272,946,55.1,C (พอใช้)
2349,2024-04-30,2567,4,ฤดูแล้ง,NHK09,หนองหาร (Lake),เหล่าปอแดง,6.67,29.8,279.0,6.27,2.35,9.9,0.22,0.685,0.188,10491,2233,83.4,A (ดีมาก)
2350,2025-11-15,2568,11,ฤดูแล้ง,BNH07,ลำห้วย (Tributary),งิ้วด่อน,7.97,25.3,337.0,6.32,3.21,18.2,0.713,2.16,1.481,5251,1437,69.4,B (ดี)
2351,2025-10-28,2568,10,ฤดูฝน,BNH03,ลำห้วย (Tributary),ท่าแร่,7.48,27.1,328.0,4.78,4.68,16.7,1.347,3.659,2.36,24797,7448,49.5,C (พอใช้)
2352,2024-08-03,2567,8,ฤดูฝน,BNH02,ลำห้วย (Tributary),เชียงเครือ,7.15,31.9,271.0,6.16,3.1,22.0,0.645,2.121,1.097,12661,6553,71.1,B (ดี)
2353,2025-11-24,2568,11,ฤดูแล้ง,BNH08,ลำห้วย (Tributary),เมืองสกลนคร,6.92,29.2,367.0,1.82,7.25,27.0,1.686,3.448,2.312,94126,49458,35.4,D (เสื่อมโทรม)
2354,2025-05-06,2568,5,ฤดูแล้ง,BNH03,ลำห้วย (Tributary),ท่าแร่,7.21,29.7,338.0,4.03,7.08,32.8,1.565,4.494,2.245,81948,25440,42.8,C (พอใช้)
2355,2025-03-23,2568,3,ฤดูแล้ง,BNH01,ลำห้วย (Tributary),ธาตุนาเวง,7.28,26.3,369.0,4.26,7.18,27.8,1.541,3.368,2.279,27036,9883,47.5,C (พอใช้)
2356,2025-10-20,2568,10,ฤดูฝน,NHK07,หนองหาร (Lake),บ้านแป้น,7.04,29.8,243.0,8.56,0.91,4.0,0.01,0.755,0.293,9738,5549,94.0,A (ดีมาก)
2357,2025-12-13,2568,12,ฤดูแล้ง,BNH01,ลำห้วย (Tributary),ธาตุนาเวง,6.71,26.3,389.0,2.51,7.76,20.3,1.535,3.159,2.606,73241,27535,38.8,D (เสื่อมโทรม)
2358,2025-11-13,2568,11,ฤดูแล้ง,NHK02,หนองหาร (Lake),ธาตุนาเวง,6.96,26.8,372.0,4.62,4.26,21.6,1.48,1.856,1.408,17296,4041,58.8,C (พอใช้)
2359,2024-07-15,2567,7,ฤดูฝน,NHK08,หนองหาร (Lake),นาตงวัฒนา,6.98,32.0,228.0,8.42,0.32,4.0,0.042,0.695,0.479,4239,2376,92.5,A (ดีมาก)
2360,2025-09-02,2568,9,ฤดูฝน,BNH08,ลำห้วย (Tributary),เมืองสกลนคร,7.83,31.2,388.0,3.87,5.87,17.5,1.561,3.928,2.263,17639,5479,43.9,C (พอใช้)
2361,2025-12-26,2568,12,ฤดูแล้ง,NHK04,หนองหาร (Lake),เชียงเครือ,7.56,25.4,236.0,7.55,2.51,13.9,0.308,1.076,0.586,3853,1720,85.3,A (ดีมาก)
2362,2024-11-08,2567,11,ฤดูแล้ง,NHK07,หนองหาร (Lake),บ้านแป้น,6.94,25.7,158.0,5.93,2.13,4.0,0.18,0.737,0.198,16752,3692,81.9,A (ดีมาก)
2363,2025-05-14,2568,5,ฤดูแล้ง,BNH01,ลำห้วย (Tributary),ธาตุนาเวง,6.67,29.3,393.0,1.16,7.48,33.6,1.529,3.116,2.309,97112,41863,34.5,D (เสื่อมโทรม)
2364,2025-10-24,2568,10,ฤดูฝน,BNH04,ลำห้วย (Tributary),นาแก้ว,7.43,27.3,365.0,2.96,5.21,23.4,1.376,3.188,2.498,92471,36045,42.2,C (พอใช้)
2365,2024-09-29,2567,9,ฤดูฝน,NHK02,หนองหาร (Lake),ธาตุนาเวง,7.28,30.8,304.0,6.01,2.25,7.8,1.044,2.031,1.468,19618,10366,66.6,B (ดี)
2366,2024-02-24,2567,2,ฤดูแล้ง,NHK03,หนองหาร (Lake),ฮางโฮง,7.43,26.1,248.0,6.64,2.58,14.8,0.285,0.728,0.236,4280,1365,84.3,A (ดีมาก)
2367,2024-09-06,2567,9,ฤดูฝน,BNH06,ลำห้วย (Tributary),เหล่าปอแดง,7.32,32.2,357.0,6.91,1.97,7.9,0.739,2.056,1.107,13961,8208,74.1,B (ดี)
2368,2024-12-10,2567,12,ฤดูแล้ง,BNH04,ลำห้วย (Tributary),นาแก้ว,7.02,25.1,350.0,2.75,8.61,35.2,1.663,3.905,2.24,49569,26671,38.5,D (เสื่อมโทรม)
2369,2024-07-03,2567,7,ฤดูฝน,BNH02,ลำห้วย (Tributary),เชียงเครือ,7.19,29.0,349.0,5.88,2.73,9.8,0.454,2.516,1.318,50835,18063,68.6,B (ดี)
2370,2024-01-22,2567,1,ฤดูแล้ง,BNH02,ลำห้วย (Tributary),เชียงเครือ,7.47,24.7,272.0,5.06,4.75,15.4,0.683,1.995,1.338,7002,2548,65.2,B (ดี)
2371,2024-10-22,2567,10,ฤดูฝน,NHK06,หนองหาร (Lake),บ้านแป้น,7.32,27.3,182.0,9.42,0.3,4.0,0.01,0.605,0.931,1261,697,95.1,A (ดีมาก)
2372,2024-08-24,2567,8,ฤดูฝน,BNH01,ลำห้วย (Tributary),ธาตุนาเวง,7.32,29.9,385.0,3.29,7.69,30.6,1.482,3.497,2.652,54635,14020,41.2,C (พอใช้)
2373,2025-11-29,2568,11,ฤดูแล้ง,BNH01,ลำห้วย (Tributary),ธาตุนาเวง,7.13,26.5,415.0,4.01,6.49,20.6,1.619,3.147,2.151,216264,58128,47.3,C (พอใช้)
2374,2025-07-27,2568,7,ฤดูฝน,NHK01,หนองหาร (Lake),เมืองสกลนคร,7.52,30.0,182.0,8.66,0.39,4.0,0.01,0.781,0.18,2112,1192,94.9,A (ดีมาก)
2375,2024-02-28,2567,2,ฤดูแล้ง,NHK05,หนองหาร (Lake),ท่าแร่,7.32,26.8,217.0,7.46,1.57,8.6,0.191,1.219,0.34,6793,3679,86.3,A (ดีมาก)
2376,2024-06-11,2567,6,ฤดูฝน,BNH04,ลำห้วย (Tributary),นาแก้ว,7.26,31.8,347.0,5.47,6.84,33.4,1.441,3.289,2.342,113569,55140,53.4,C (พอใช้)
2377,2025-09-02,2568,9,ฤดูฝน,NHK08,หนองหาร (Lake),นาตงวัฒนา,6.67,30.3,206.0,7.46,0.84,5.7,0.01,1.239,0.449,26734,6680,86.7,A (ดีมาก)
2378,2025-05-16,2568,5,ฤดูแล้ง,NHK01,หนองหาร (Lake),เมืองสกลนคร,7.44,28.8,224.0,6.84,2.23,15.8,0.207,1.629,0.517,3121,1829,81.2,A (ดีมาก)
2379,2024-03-02,2567,3,ฤดูแล้ง,BNH08,ลำห้วย (Tributary),เมืองสกลนคร,7.34,26.0,415.0,1.38,7.61,34.3,1.518,3.238,2.208,32895,18222,35.6,D (เสื่อมโทรม)
2380,2024-11-09,2567,11,ฤดูแล้ง,NHK01,หนองหาร (Lake),เมืองสกลนคร,7.62,25.9,272.0,8.02,2.56,17.1,0.757,0.732,0.786,4490,1743,85.0,A (ดีมาก)
2381,2024-09-22,2567,9,ฤดูฝน,BNH07,ลำห้วย (Tributary),งิ้วด่อน,7.41,29.7,333.0,5.42,4.13,13.4,0.717,2.711,1.204,15901,5182,65.0,B (ดี)
2382,2024-12-01,2567,12,ฤดูแล้ง,BNH08,ลำห้วย (Tributary),เมืองสกลนคร,7.82,25.9,412.0,2.48,7.04,37.5,1.582,3.864,2.376,16698,6334,37.2,D (เสื่อมโทรม)
2383,2025-05-24,2568,5,ฤดูแล้ง,NHK01,หนองหาร (Lake),เมืองสกลนคร,6.87,28.9,199.0,7.21,1.42,4.0,0.387,1.642,0.213,12391,5255,83.3,A (ดีมาก)
2384,2024-04-10,2567,4,ฤดูแล้ง,NHK02,หนองหาร (Lake),ธาตุนาเวง,7.21,28.5,351.0,4.03,5.05,22.4,1.096,2.457,2.001,6992,1422,53.4,C (พอใช้)
2385,2024-04-12,2567,4,ฤดูแล้ง,BNH01,ลำห้วย (Tributary),ธาตุนาเวง,7.15,28.4,358.0,2.1,8.81,42.7,1.513,3.166,2.258,6982,2233,38.8,D (เสื่อมโทรม)
2386,2024-08-19,2567,8,ฤดูฝน,NHK10,หนองหาร (Lake),งิ้วด่อน,8.24,30.9,302.0,8.02,2.3,4.0,0.01,0.649,0.288,5298,2278,92.0,A (ดีมาก)
2387,2025-08-14,2568,8,ฤดูฝน,BNH06,ลำห้วย (Tributary),เหล่าปอแดง,8.0,30.2,369.0,7.33,1.9,12.4,0.48,2.302,1.059,7811,2877,76.9,B (ดี)
2388,2025-03-09,2568,3,ฤดูแล้ง,NHK10,หนองหาร (Lake),งิ้วด่อน,7.35,26.2,222.0,6.67,3.58,22.9,0.216,2.062,0.437,1679,674,79.4,B (ดี)
2389,2025-05-12,2568,5,ฤดูแล้ง,NHK02,หนองหาร (Lake),ธาตุนาเวง,6.99,28.6,274.0,4.36,5.35,26.2,1.261,2.364,1.565,10884,2665,56.5,C (พอใช้)
2390,2025-03-31,2568,3,ฤดูแล้ง,BNH08,ลำห้วย (Tributary),เมืองสกลนคร,6.71,26.2,375.0,1.02,9.55,50.5,1.509,3.181,2.351,16001,6351,33.5,D (เสื่อมโทรม)
2391,2025-02-13,2568,2,ฤดูแล้ง,BNH02,ลำห้วย (Tributary),เชียงเครือ,7.59,25.1,314.0,4.21,4.68,18.1,1.717,1.993,1.207,10107,2997,56.2,C (พอใช้)
2392,2025-07-15,2568,7,ฤดูฝน,NHK09,หนองหาร (Lake),เหล่าปอแดง,7.53,30.0,233.0,6.18,0.3,4.0,0.015,1.082,0.233,3087,1156,82.6,A (ดีมาก)
2393,2025-04-09,2568,4,ฤดูแล้ง,NHK05,หนองหาร (Lake),ท่าแร่,7.5,30.6,244.0,6.18,2.9,13.4,0.184,1.292,0.399,2697,1258,80.1,A (ดีมาก)
2394,2024-11-02,2567,11,ฤดูแล้ง,NHK08,หนองหาร (Lake),นาตงวัฒนา,6.23,29.8,301.0,7.44,0.54,4.0,0.846,1.127,0.451,5217,1582,82.2,A (ดีมาก)
2395,2024-08-31,2567,8,ฤดูฝน,BNH01,ลำห้วย (Tributary),ธาตุนาเวง,7.59,29.5,342.0,4.02,6.23,30.4,1.524,3.276,2.277,48271,25415,46.9,C (พอใช้)
2396,2024-04-07,2567,4,ฤดูแล้ง,NHK03,หนองหาร (Lake),ฮางโฮง,7.17,27.0,232.0,6.26,1.63,4.0,0.148,1.093,0.398,6316,3718,81.4,A (ดีมาก)
2397,2025-02-06,2568,2,ฤดูแล้ง,BNH07,ลำห้วย (Tributary),งิ้วด่อน,7.27,24.9,304.0,5.4,4.57,20.9,0.821,3.321,1.18,15128,7947,62.3,B (ดี)
2398,2025-10-19,2568,10,ฤดูฝน,NHK03,หนองหาร (Lake),ฮางโฮง,7.31,27.8,194.0,6.2,0.3,4.0,0.165,0.684,0.613,5938,3197,81.3,A (ดีมาก)
2399,2025-05-11,2568,5,ฤดูแล้ง,BNH01,ลำห้วย (Tributary),ธาตุนาเวง,7.43,27.5,394.0,3.4,8.6,44.4,1.768,3.418,2.385,8661,2752,41.7,C (พอใช้)
2400,2025-05-05,2568,5,ฤดูแล้ง,BNH06,ลำห้วย (Tributary),เหล่าปอแดง,6.79,29.1,318.0,4.39,1.69,8.4,0.607,2.062,1.141,10689,6340,63.4,B (ดี)
2401,2024-09-20,2567,9,ฤดูฝน,BNH08,ลำห้วย (Tributary),เมืองสกลนคร,7.21,30.4,394.0,3.11,5.8,24.6,1.32,4.096,2.439,81210,21917,40.4,C (พอใช้)
2402,2024-06-15,2567,6,ฤดูฝน,BNH04,ลำห้วย (Tributary),นาแก้ว,8.05,32.6,398.0,3.98,5.13,13.2,1.883,3.552,2.228,30864,10225,44.0,C (พอใช้)
2403,2025-11-30,2568,11,ฤดูแล้ง,NHK10,หนองหาร (Lake),งิ้วด่อน,7.53,27.9,251.0,6.17,1.6,6.6,0.285,0.604,0.203,4137,1312,82.8,A (ดีมาก)
2404,2025-04-06,2568,4,ฤดูแล้ง,BNH08,ลำห้วย (Tributary),เมืองสกลนคร,7.16,28.4,372.0,3.49,6.77,40.2,2.102,3.223,3.127,64511,34808,37.1,D (เสื่อมโทรม)
2405,2024-04-13,2567,4,ฤดูแล้ง,NHK05,หนองหาร (Lake),ท่าแร่,6.91,27.4,225.0,7.84,0.38,6.0,0.221,1.826,0.287,2254,696,86.1,A (ดีมาก)
2406,2025-11-11,2568,11,ฤดูแล้ง,NHK05,หนองหาร (Lake),ท่าแร่,6.85,27.2,165.0,7.47,0.66,4.0,0.162,1.288,0.227,1871,894,86.8,A (ดีมาก)
2407,2025-04-26,2568,4,ฤดูแล้ง,NHK06,หนองหาร (Lake),บ้านแป้น,7.47,27.7,273.0,5.96,1.24,6.6,0.243,1.376,0.384,8390,3322,78.6,B (ดี)
2408,2025-12-15,2568,12,ฤดูแล้ง,NHK03,หนองหาร (Lake),ฮางโฮง,7.66,24.9,204.0,7.9,2.7,6.0,0.472,0.822,0.385,3202,748,87.7,A (ดีมาก)
2409,2024-11-01,2567,11,ฤดูแล้ง,BNH01,ลำห้วย (Tributary),ธาตุนาเวง,7.07,26.5,382.0,3.75,7.72,38.3,1.605,3.23,2.279,72382,27071,45.3,C (พอใช้)
2410,2024-12-13,2567,12,ฤดูแล้ง,NHK07,หนองหาร (Lake),บ้านแป้น,7.4,26.4,187.0,6.74,0.6,4.0,0.136,0.926,0.154,3473,1951,85.3,A (ดีมาก)
2411,2024-07-17,2567,7,ฤดูฝน,BNH01,ลำห้วย (Tributary),ธาตุนาเวง,6.97,31.5,423.0,3.5,6.25,29.9,1.448,4.093,2.939,25755,10591,38.9,D (เสื่อมโทรม)
2412,2025-06-16,2568,6,ฤดูฝน,BNH02,ลำห้วย (Tributary),เชียงเครือ,6.76,30.1,334.0,5.94,3.36,11.3,0.445,2.113,1.378,19673,8668,69.9,B (ดี)
2413,2024-07-24,2567,7,ฤดูฝน,NHK05,หนองหาร (Lake),ท่าแร่,7.42,29.3,199.0,8.36,1.47,4.4,0.01,0.698,0.417,5020,1197,92.7,A (ดีมาก)
2414,2024-09-14,2567,9,ฤดูฝน,NHK02,หนองหาร (Lake),ธาตุนาเวง,6.74,31.9,261.0,4.65,4.59,16.4,0.865,2.375,1.332,19584,9834,61.2,B (ดี)
2415,2025-07-11,2568,7,ฤดูฝน,BNH08,ลำห้วย (Tributary),เมืองสกลนคร,7.17,32.8,400.0,3.09,7.07,32.0,1.387,3.649,2.169,51482,16893,42.8,C (พอใช้)
2416,2025-10-19,2568,10,ฤดูฝน,NHK10,หนองหาร (Lake),งิ้วด่อน,7.44,27.5,228.0,7.26,0.3,7.8,0.098,0.866,0.185,2646,1302,87.9,A (ดีมาก)
2417,2024-01-05,2567,1,ฤดูแล้ง,NHK06,หนองหาร (Lake),บ้านแป้น,7.24,26.7,264.0,7.14,0.92,9.5,0.117,1.235,0.755,7529,4059,83.2,A (ดีมาก)
2418,2025-07-03,2568,7,ฤดูฝน,NHK01,หนองหาร (Lake),เมืองสกลนคร,8.06,28.6,221.0,7.69,0.55,9.4,0.094,0.654,0.43,5598,2838,89.3,A (ดีมาก)
2419,2025-12-16,2568,12,ฤดูแล้ง,BNH05,ลำห้วย (Tributary),ม่วงลาย,6.64,23.9,335.0,4.93,4.02,19.4,0.751,2.142,1.473,11712,5602,63.1,B (ดี)
2420,2025-11-03,2568,11,ฤดูแล้ง,BNH06,ลำห้วย (Tributary),เหล่าปอแดง,6.91,25.5,342.0,4.08,3.75,15.5,0.631,2.969,1.093,13013,3192,59.2,C (พอใช้)
2421,2025-09-12,2568,9,ฤดูฝน,BNH03,ลำห้วย (Tributary),ท่าแร่,6.47,28.7,359.0,4.62,5.74,17.5,1.989,3.414,2.325,24984,6131,46.2,C (พอใช้)
2422,2025-06-05,2568,6,ฤดูฝน,NHK02,หนองหาร (Lake),ธาตุนาเวง,7.61,28.6,273.0,5.58,3.63,17.9,0.966,1.961,1.26,9069,4112,66.4,B (ดี)
2423,2024-10-22,2567,10,ฤดูฝน,NHK04,หนองหาร (Lake),เชียงเครือ,7.78,28.5,275.0,8.64,0.86,5.3,0.202,0.631,0.183,2077,501,94.2,A (ดีมาก)
2424,2025-01-19,2568,1,ฤดูแล้ง,BNH02,ลำห้วย (Tributary),เชียงเครือ,7.06,24.8,286.0,5.31,2.52,16.4,0.616,2.103,1.131,5619,1203,67.4,B (ดี)
2425,2025-01-04,2568,1,ฤดูแล้ง,BNH03,ลำห้วย (Tributary),ท่าแร่,7.3,25.8,325.0,3.84,6.03,33.0,1.822,3.378,3.08,31176,15404,40.0,D (เสื่อมโทรม)
2426,2024-12-21,2567,12,ฤดูแล้ง,NHK02,หนองหาร (Lake),ธาตุนาเวง,6.63,27.5,281.0,5.19,3.87,17.5,1.097,1.864,1.497,17503,6952,63.1,B (ดี)
2427,2025-11-03,2568,11,ฤดูแล้ง,BNH06,ลำห้วย (Tributary),เหล่าปอแดง,7.07,26.0,330.0,6.19,5.01,21.3,0.823,1.983,2.344,19832,8632,64.5,B (ดี)
2428,2024-01-28,2567,1,ฤดูแล้ง,NHK08,หนองหาร (Lake),นาตงวัฒนา,7.53,25.2,314.0,7.47,1.71,7.7,0.212,0.898,0.167,1743,1004,88.1,A (ดีมาก)
2429,2025-06-29,2568,6,ฤดูฝน,NHK07,หนองหาร (Lake),บ้านแป้น,7.54,31.5,205.0,7.98,0.3,4.0,0.01,0.707,0.486,2932,1709,90.6,A (ดีมาก)
2430,2024-01-18,2567,1,ฤดูแล้ง,NHK09,หนองหาร (Lake),เหล่าปอแดง,7.07,25.0,185.0,6.17,3.17,19.0,0.159,0.839,0.315,879,186,82.1,A (ดีมาก)
2431,2025-07-14,2568,7,ฤดูฝน,NHK07,หนองหาร (Lake),บ้านแป้น,7.02,30.6,206.0,6.9,0.3,6.4,0.584,0.654,0.485,2016,1204,82.7,A (ดีมาก)
2432,2025-04-09,2568,4,ฤดูแล้ง,BNH01,ลำห้วย (Tributary),ธาตุนาเวง,6.49,28.7,381.0,3.59,6.17,24.6,1.523,3.506,2.51,18606,6506,43.0,C (พอใช้)
2433,2025-06-05,2568,6,ฤดูฝน,NHK02,หนองหาร (Lake),ธาตุนาเวง,6.76,28.6,223.0,5.61,1.57,4.0,0.814,2.267,1.636,17859,9534,64.6,B (ดี)
2434,2025-07-08,2568,7,ฤดูฝน,NHK07,หนองหาร (Lake),บ้านแป้น,6.84,30.7,263.0,6.96,0.3,4.0,0.256,0.654,0.273,968,267,85.9,A (ดีมาก)
2435,2025-05-17,2568,5,ฤดูแล้ง,BNH02,ลำห้วย (Tributary),เชียงเครือ,7.08,28.7,326.0,4.5,4.35,16.9,0.67,2.188,1.529,27136,13997,61.3,B (ดี)
2436,2025-03-15,2568,3,ฤดูแล้ง,NHK06,หนองหาร (Lake),บ้านแป้น,7.36,25.7,201.0,5.27,1.77,14.0,0.304,0.774,0.314,3314,943,77.6,B (ดี)
2437,2024-06-05,2567,6,ฤดูฝน,NHK10,หนองหาร (Lake),งิ้วด่อน,7.14,31.6,202.0,9.5,1.49,9.0,0.01,0.67,0.594,3303,1946,97.0,A (ดีมาก)
2438,2024-07-21,2567,7,ฤดูฝน,NHK07,หนองหาร (Lake),บ้านแป้น,7.35,32.0,188.0,7.57,1.61,9.5,0.01,0.724,0.187,9654,4102,90.2,A (ดีมาก)
2439,2024-02-28,2567,2,ฤดูแล้ง,NHK07,หนองหาร (Lake),บ้านแป้น,6.92,24.9,225.0,6.67,1.77,4.0,0.139,1.672,0.586,11138,2926,80.3,A (ดีมาก)
2440,2024-06-21,2567,6,ฤดูฝน,NHK10,หนองหาร (Lake),งิ้วด่อน,7.46,28.1,283.0,7.25,0.3,4.0,0.01,0.635,0.922,3393,1072,85.4,A (ดีมาก)
2441,2024-02-08,2567,2,ฤดูแล้ง,BNH02,ลำห้วย (Tributary),เชียงเครือ,7.55,23.5,256.0,4.58,4.63,19.4,0.676,1.914,1.351,21564,6747,63.4,B (ดี)
2442,2024-02-19,2567,2,ฤดูแล้ง,NHK04,หนองหาร (Lake),เชียงเครือ,7.13,25.1,202.0,7.48,1.27,4.0,0.105,0.997,0.478,8522,4597,86.9,A (ดีมาก)
2443,2024-05-12,2567,5,ฤดูแล้ง,NHK05,หนองหาร (Lake),ท่าแร่,7.15,29.9,222.0,7.04,1.37,6.9,0.461,0.694,0.404,2933,949,84.3,A (ดีมาก)
2444,2025-01-13,2568,1,ฤดูแล้ง,BNH06,ลำห้วย (Tributary),เหล่าปอแดง,6.59,25.5,313.0,5.65,2.72,4.0,0.651,2.106,1.122,10636,5289,68.8,B (ดี)
2445,2024-01-11,2567,1,ฤดูแล้ง,BNH05,ลำห้วย (Tributary),ม่วงลาย,7.59,25.4,262.0,5.27,4.9,20.4,0.945,2.418,1.15,24560,7176,64.2,B (ดี)
2446,2024-09-22,2567,9,ฤดูฝน,NHK09,หนองหาร (Lake),เหล่าปอแดง,6.7,29.5,279.0,7.55,0.3,4.0,0.01,1.26,0.237,3172,1446,88.1,A (ดีมาก)
2447,2024-09-16,2567,9,ฤดูฝน,NHK10,หนองหาร (Lake),งิ้วด่อน,6.54,29.0,232.0,7.88,1.28,15.5,0.01,0.705,1.823,3356,1759,83.5,A (ดีมาก)
2448,2024-04-19,2567,4,ฤดูแล้ง,BNH03,ลำห้วย (Tributary),ท่าแร่,7.14,25.7,421.0,3.77,7.29,29.3,1.506,3.503,2.542,56667,12605,43.8,C (พอใช้)
2449,2025-07-10,2568,7,ฤดูฝน,NHK08,หนองหาร (Lake),นาตงวัฒนา,7.47,29.2,244.0,9.31,1.9,11.7,0.01,0.975,0.26,4815,1229,96.8,A (ดีมาก)
2450,2024-01-31,2567,1,ฤดูแล้ง,BNH01,ลำห้วย (Tributary),ธาตุนาเวง,7.35,25.6,366.0,2.17,5.76,25.3,1.635,3.248,2.276,13225,3212,38.1,D (เสื่อมโทรม)
2451,2024-02-13,2567,2,ฤดูแล้ง,NHK09,หนองหาร (Lake),เหล่าปอแดง,7.55,26.5,197.0,6.19,0.82,13.1,0.189,0.967,0.183,16767,7795,82.3,A (ดีมาก)
2452,2025-12-14,2568,12,ฤดูแล้ง,NHK01,หนองหาร (Lake),เมืองสกลนคร,7.65,25.9,251.0,7.1,2.9,4.0,0.26,1.285,0.323,3541,961,84.2,A (ดีมาก)
2453,2025-05-07,2568,5,ฤดูแล้ง,NHK01,หนองหาร (Lake),เมืองสกลนคร,7.1,29.7,192.0,6.22,1.72,7.3,0.117,0.772,0.353,754,438,82.6,A (ดีมาก)
2454,2025-07-24,2568,7,ฤดูฝน,BNH05,ลำห้วย (Tributary),ม่วงลาย,7.22,31.6,269.0,5.4,4.85,25.8,0.52,2.667,1.384,14973,7799,65.2,B (ดี)
2455,2025-04-17,2568,4,ฤดูแล้ง,NHK05,หนองหาร (Lake),ท่าแร่,7.6,29.3,229.0,6.85,1.08,11.9,0.419,0.696,1.166,1657,886,79.9,B (ดี)
2456,2025-04-06,2568,4,ฤดูแล้ง,NHK09,หนองหาร (Lake),เหล่าปอแดง,7.18,25.9,325.0,8.15,2.42,5.1,0.149,1.163,0.18,2220,907,90.6,A (ดีมาก)
2457,2025-04-08,2568,4,ฤดูแล้ง,NHK04,หนองหาร (Lake),เชียงเครือ,6.63,29.9,228.0,7.43,1.99,9.1,0.247,2.589,0.155,1602,863,82.2,A (ดีมาก)
2458,2025-09-27,2568,9,ฤดูฝน,NHK01,หนองหาร (Lake),เมืองสกลนคร,7.18,29.7,229.0,6.38,0.3,4.2,0.027,0.895,0.943,2385,1141,80.5,A (ดีมาก)
2459,2025-04-15,2568,4,ฤดูแล้ง,NHK01,หนองหาร (Lake),เมืองสกลนคร,7.3,28.5,214.0,6.73,3.38,15.3,0.117,0.708,0.24,4747,1523,85.7,A (ดีมาก)
2460,2024-05-13,2567,5,ฤดูแล้ง,BNH01,ลำห้วย (Tributary),ธาตุนาเวง,7.18,30.5,286.0,2.51,6.18,30.8,1.538,3.563,2.352,47473,10525,38.7,D (เสื่อมโทรม)
2461,2025-04-21,2568,4,ฤดูแล้ง,NHK05,หนองหาร (Lake),ท่าแร่,7.26,26.0,164.0,7.35,3.98,19.3,0.441,0.645,0.486,1446,325,85.6,A (ดีมาก)
2462,2024-11-01,2567,11,ฤดูแล้ง,NHK07,หนองหาร (Lake),บ้านแป้น,6.65,25.5,316.0,6.8,2.8,16.2,0.178,1.922,0.477,3112,1089,80.4,A (ดีมาก)
2463,2025-01-23,2568,1,ฤดูแล้ง,BNH06,ลำห้วย (Tributary),เหล่าปอแดง,6.24,23.8,294.0,6.18,4.54,24.4,0.684,2.129,1.509,16329,7419,68.9,B (ดี)
2464,2024-12-04,2567,12,ฤดูแล้ง,BNH08,ลำห้วย (Tributary),เมืองสกลนคร,7.21,24.1,336.0,3.31,6.1,26.1,1.555,3.559,2.218,38649,21172,42.9,C (พอใช้)
2465,2025-10-06,2568,10,ฤดูฝน,NHK01,หนองหาร (Lake),เมืองสกลนคร,7.56,29.2,233.0,8.38,0.3,4.0,0.134,1.475,0.588,2764,1144,88.6,A (ดีมาก)
2466,2025-09-29,2568,9,ฤดูฝน,NHK06,หนองหาร (Lake),บ้านแป้น,7.2,31.2,239.0,7.12,1.02,4.0,0.01,0.619,0.315,2665,1296,87.9,A (ดีมาก)
2467,2025-11-09,2568,11,ฤดูแล้ง,NHK01,หนองหาร (Lake),เมืองสกลนคร,7.55,27.3,297.0,6.55,1.42,12.1,0.338,0.626,0.243,1836,1075,83.9,A (ดีมาก)
2468,2024-12-25,2567,12,ฤดูแล้ง,BNH05,ลำห้วย (Tributary),ม่วงลาย,7.11,24.0,307.0,4.82,4.18,20.3,0.842,2.596,1.355,32509,18916,61.2,B (ดี)
2469,2025-03-04,2568,3,ฤดูแล้ง,BNH05,ลำห้วย (Tributary),ม่วงลาย,6.53,25.5,325.0,4.3,5.19,26.0,0.826,3.024,1.114,16302,9612,58.8,C (พอใช้)
2470,2025-04-25,2568,4,ฤดูแล้ง,NHK07,หนองหาร (Lake),บ้านแป้น,7.16,29.0,156.0,6.42,1.18,4.0,0.376,0.717,0.553,1737,366,81.2,A (ดีมาก)
2471,2024-05-27,2567,5,ฤดูแล้ง,BNH06,ลำห้วย (Tributary),เหล่าปอแดง,7.62,29.1,286.0,5.37,5.6,32.4,0.773,2.219,1.717,7345,2412,63.5,B (ดี)
2472,2024-01-18,2567,1,ฤดูแล้ง,BNH04,ลำห้วย (Tributary),นาแก้ว,6.86,24.7,321.0,3.88,6.2,32.2,1.644,3.305,2.24,27089,12283,45.7,C (พอใช้)
2473,2025-07-16,2568,7,ฤดูฝน,NHK06,หนองหาร (Lake),บ้านแป้น,7.62,32.4,201.0,6.93,1.65,4.0,0.01,1.46,0.747,7643,4060,82.2,A (ดีมาก)
2474,2024-12-06,2567,12,ฤดูแล้ง,NHK01,หนองหาร (Lake),เมืองสกลนคร,7.09,25.4,222.0,5.98,1.07,8.7,0.357,1.056,0.421,3518,1841,78.9,B (ดี)
2475,2024-11-10,2567,11,ฤดูแล้ง,BNH08,ลำห้วย (Tributary),เมืองสกลนคร,6.34,26.0,420.0,3.05,7.07,38.7,1.56,3.199,2.187,17741,6169,43.0,C (พอใช้)
2476,2024-06-07,2567,6,ฤดูฝน,NHK03,หนองหาร (Lake),ฮางโฮง,6.8,30.5,247.0,7.36,0.3,4.0,0.018,0.87,0.285,6736,4021,88.3,A (ดีมาก)
2477,2025-08-16,2568,8,ฤดูฝน,NHK07,หนองหาร (Lake),บ้านแป้น,7.63,30.8,289.0,7.36,0.38,4.0,0.035,1.011,0.487,3108,645,86.7,A (ดีมาก)
2478,2025-01-16,2568,1,ฤดูแล้ง,NHK08,หนองหาร (Lake),นาตงวัฒนา,7.15,23.7,175.0,6.33,3.15,16.5,0.102,0.877,0.818,5365,1935,80.5,A (ดีมาก)
2479,2024-07-16,2567,7,ฤดูฝน,BNH01,ลำห้วย (Tributary),ธาตุนาเวง,6.61,31.3,399.0,4.26,6.71,26.4,2.281,3.132,3.537,49074,27172,37.8,D (เสื่อมโทรม)
2480,2025-12-11,2568,12,ฤดูแล้ง,NHK07,หนองหาร (Lake),บ้านแป้น,7.99,26.6,219.0,6.58,1.2,11.8,0.156,0.929,0.179,7187,3114,84.3,A (ดีมาก)
2481,2024-12-09,2567,12,ฤดูแล้ง,BNH05,ลำห้วย (Tributary),ม่วงลาย,6.64,26.0,307.0,4.94,3.92,15.6,0.7,2.75,1.558,3202,1807,61.0,B (ดี)
2482,2024-05-02,2567,5,ฤดูแล้ง,BNH02,ลำห้วย (Tributary),เชียงเครือ,7.31,29.6,308.0,4.4,3.29,13.5,0.773,2.08,1.094,3711,2130,62.7,B (ดี)
2483,2025-06-11,2568,6,ฤดูฝน,NHK08,หนองหาร (Lake),นาตงวัฒนา,7.1,31.6,205.0,7.29,0.67,5.8,0.085,1.064,0.27,2211,1134,87.0,A (ดีมาก)
2484,2024-06-14,2567,6,ฤดูฝน,BNH06,ลำห้วย (Tributary),เหล่าปอแดง,6.83,29.9,342.0,5.65,3.32,17.2,0.623,2.367,1.124,11690,3725,68.0,B (ดี)
2485,2025-02-14,2568,2,ฤดูแล้ง,BNH03,ลำห้วย (Tributary),ท่าแร่,7.2,25.6,342.0,2.3,7.47,35.6,1.762,3.294,2.375,49146,13868,37.3,D (เสื่อมโทรม)
2486,2025-09-28,2568,9,ฤดูฝน,BNH01,ลำห้วย (Tributary),ธาตุนาเวง,6.51,29.8,387.0,3.16,5.9,30.1,1.384,4.08,2.288,61431,32163,41.1,C (พอใช้)
2487,2025-05-21,2568,5,ฤดูแล้ง,BNH01,ลำห้วย (Tributary),ธาตุนาเวง,7.06,30.6,360.0,2.46,8.94,42.5,1.568,3.414,2.305,10304,2963,39.1,D (เสื่อมโทรม)
2488,2025-09-24,2568,9,ฤดูฝน,NHK03,หนองหาร (Lake),ฮางโฮง,7.18,30.7,230.0,7.95,0.49,4.0,0.397,0.917,0.175,3067,1070,89.1,A (ดีมาก)
2489,2024-07-26,2567,7,ฤดูฝน,NHK01,หนองหาร (Lake),เมืองสกลนคร,7.57,31.9,268.0,6.59,0.77,12.3,0.088,1.794,0.776,8845,3867,78.9,B (ดี)
2490,2025-11-22,2568,11,ฤดูแล้ง,BNH06,ลำห้วย (Tributary),เหล่าปอแดง,7.06,27.8,360.0,6.41,3.8,25.7,0.603,2.744,1.308,40945,19593,69.4,B (ดี)
2491,2024-05-19,2567,5,ฤดูแล้ง,BNH01,ลำห้วย (Tributary),ธาตุนาเวง,7.14,30.7,341.0,3.62,6.81,32.6,1.707,3.208,2.217,133177,27505,44.5,C (พอใช้)
2492,2025-07-14,2568,7,ฤดูฝน,NHK09,หนองหาร (Lake),เหล่าปอแดง,7.59,30.5,182.0,7.54,1.23,6.7,0.012,0.871,0.323,10501,5701,88.9,A (ดีมาก)
2493,2025-12-03,2568,12,ฤดูแล้ง,NHK01,หนองหาร (Lake),เมืองสกลนคร,7.2,25.5,205.0,7.49,0.4,4.0,0.213,1.091,0.374,10530,4133,86.6,A (ดีมาก)
2494,2024-08-29,2567,8,ฤดูฝน,BNH05,ลำห้วย (Tributary),ม่วงลาย,7.54,33.1,345.0,6.13,2.4,4.7,0.533,2.185,1.31,12284,5057,70.4,B (ดี)
2495,2025-03-15,2568,3,ฤดูแล้ง,NHK01,หนองหาร (Lake),เมืองสกลนคร,7.32,26.1,236.0,5.95,4.09,11.1,0.189,0.701,0.186,2970,1419,82.1,A (ดีมาก)
2496,2024-02-10,2567,2,ฤดูแล้ง,NHK01,หนองหาร (Lake),เมืองสกลนคร,7.28,25.5,278.0,6.83,1.29,4.0,0.138,1.683,0.471,2804,955,81.6,A (ดีมาก)
2497,2025-11-08,2568,11,ฤดูแล้ง,NHK03,หนองหาร (Lake),ฮางโฮง,6.87,25.5,208.0,6.01,2.01,4.0,0.119,0.784,0.261,2657,1006,82.1,A (ดีมาก)
2498,2025-08-29,2568,8,ฤดูฝน,NHK09,หนองหาร (Lake),เหล่าปอแดง,7.1,30.4,227.0,6.93,0.66,8.8,0.01,1.11,0.188,5700,2826,86.1,A (ดีมาก)
2499,2025-01-04,2568,1,ฤดูแล้ง,NHK08,หนองหาร (Lake),นาตงวัฒนา,6.62,23.3,225.0,5.95,0.3,4.0,0.189,0.822,0.471,2210,477,80.3,A (ดีมาก)
2500,2025-08-04,2568,8,ฤดูฝน,BNH08,ลำห้วย (Tributary),เมืองสกลนคร,7.54,30.7,352.0,5.02,5.19,35.0,1.469,3.174,2.778,11942,6194,49.5,C (พอใช้)
2501,2024-09-02,2567,9,ฤดูฝน,BNH04,ลำห้วย (Tributary),นาแก้ว,6.78,28.4,435.0,3.82,4.54,24.6,1.328,4.918,2.301,169365,51102,41.5,C (พอใช้)
2502,2025-12-08,2568,12,ฤดูแล้ง,BNH01,ลำห้วย (Tributary),ธาตุนาเวง,7.93,26.3,317.0,2.26,6.97,23.9,1.524,3.738,2.208,63754,26035,37.8,D (เสื่อมโทรม)
2503,2025-01-02,2568,1,ฤดูแล้ง,BNH01,ลำห้วย (Tributary),ธาตุนาเวง,6.88,24.6,401.0,2.49,6.26,30.9,1.646,3.161,2.319,70561,35699,39.5,D (เสื่อมโทรม)
2504,2025-02-05,2568,2,ฤดูแล้ง,NHK01,หนองหาร (Lake),เมืองสกลนคร,7.48,26.6,334.0,7.49,0.3,4.2,0.216,0.725,0.203,3081,1163,88.6,A (ดีมาก)
2505,2024-05-08,2567,5,ฤดูแล้ง,BNH08,ลำห้วย (Tributary),เมืองสกลนคร,6.94,30.4,379.0,1.76,7.3,32.7,1.633,4.013,2.199,58263,17782,34.1,D (เสื่อมโทรม)
2506,2024-06-11,2567,6,ฤดูฝน,NHK04,หนองหาร (Lake),เชียงเครือ,7.44,30.5,258.0,8.03,0.76,4.0,0.34,1.001,0.643,3639,2148,87.2,A (ดีมาก)
2507,2024-07-21,2567,7,ฤดูฝน,NHK09,หนองหาร (Lake),เหล่าปอแดง,7.21,32.0,272.0,6.71,0.72,4.3,0.57,1.128,0.238,7978,3802,81.6,A (ดีมาก)
2508,2025-09-28,2568,9,ฤดูฝน,NHK04,หนองหาร (Lake),เชียงเครือ,7.23,29.1,230.0,6.97,0.3,4.5,0.014,1.938,0.82,3606,2000,80.3,A (ดีมาก)
2509,2025-05-25,2568,5,ฤดูแล้ง,BNH01,ลำห้วย (Tributary),ธาตุนาเวง,7.21,28.8,375.0,3.06,5.78,21.2,1.615,3.413,2.28,62610,34946,41.6,C (พอใช้)
2510,2025-07-11,2568,7,ฤดูฝน,BNH08,ลำห้วย (Tributary),เมืองสกลนคร,7.15,30.7,389.0,3.23,5.8,22.5,1.449,3.984,2.176,58911,28110,41.9,C (พอใช้)
2511,2025-08-26,2568,8,ฤดูฝน,NHK04,หนองหาร (Lake),เชียงเครือ,7.23,31.4,211.0,8.48,1.68,7.4,0.105,0.762,0.164,2764,1241,93.7,A (ดีมาก)
2512,2024-09-02,2567,9,ฤดูฝน,NHK04,หนองหาร (Lake),เชียงเครือ,6.69,28.8,236.0,8.14,0.3,5.1,0.091,0.683,0.306,1881,1032,91.9,A (ดีมาก)
2513,2025-03-18,2568,3,ฤดูแล้ง,BNH03,ลำห้วย (Tributary),ท่าแร่,6.65,27.3,363.0,2.54,8.01,32.1,1.537,3.445,2.296,26991,11794,39.5,D (เสื่อมโทรม)
2514,2024-01-28,2567,1,ฤดูแล้ง,NHK06,หนองหาร (Lake),บ้านแป้น,6.77,25.1,265.0,6.07,1.64,11.1,0.2,0.659,0.575,908,186,80.8,A (ดีมาก)
2515,2024-05-22,2567,5,ฤดูแล้ง,NHK10,หนองหาร (Lake),งิ้วด่อน,7.04,30.5,259.0,7.42,0.3,4.0,0.32,0.76,0.207,13275,6956,87.6,A (ดีมาก)
2516,2024-02-01,2567,2,ฤดูแล้ง,BNH04,ลำห้วย (Tributary),นาแก้ว,7.88,23.2,364.0,2.64,6.36,28.3,1.693,3.318,2.408,60674,31458,39.0,D (เสื่อมโทรม)
2517,2025-07-10,2568,7,ฤดูฝน,NHK03,หนองหาร (Lake),ฮางโฮง,6.96,33.7,312.0,7.32,0.3,4.0,0.05,1.372,0.393,2892,1517,85.7,A (ดีมาก)
2518,2024-02-26,2567,2,ฤดูแล้ง,BNH01,ลำห้วย (Tributary),ธาตุนาเวง,7.34,28.3,347.0,3.37,8.39,40.6,1.628,3.289,2.35,20935,4885,42.9,C (พอใช้)
2519,2025-03-25,2568,3,ฤดูแล้ง,NHK03,หนองหาร (Lake),ฮางโฮง,6.98,26.1,233.0,5.89,1.53,4.0,0.155,0.691,0.178,8359,4794,82.1,A (ดีมาก)
2520,2024-10-22,2567,10,ฤดูฝน,NHK01,หนองหาร (Lake),เมืองสกลนคร,7.11,28.0,226.0,6.97,2.37,11.7,0.261,1.026,0.346,2602,1508,84.3,A (ดีมาก)
2521,2024-05-28,2567,5,ฤดูแล้ง,BNH06,ลำห้วย (Tributary),เหล่าปอแดง,7.13,27.9,310.0,4.01,3.77,19.9,0.903,1.948,1.093,12231,4190,60.7,B (ดี)
2522,2025-09-02,2568,9,ฤดูฝน,NHK07,หนองหาร (Lake),บ้านแป้น,7.46,29.7,197.0,8.6,0.3,4.0,0.01,1.734,0.416,3059,1655,90.3,A (ดีมาก)
2523,2025-05-22,2568,5,ฤดูแล้ง,NHK10,หนองหาร (Lake),งิ้วด่อน,7.49,28.4,259.0,7.42,0.91,8.9,0.418,1.014,0.245,5040,2230,86.0,A (ดีมาก)
2524,2025-07-12,2568,7,ฤดูฝน,BNH03,ลำห้วย (Tributary),ท่าแร่,7.2,29.9,482.0,3.03,5.5,32.4,1.375,3.562,2.26,60734,32504,42.4,C (พอใช้)
2525,2024-03-23,2567,3,ฤดูแล้ง,NHK04,หนองหาร (Lake),เชียงเครือ,7.21,26.4,180.0,7.44,2.27,5.4,0.265,1.748,0.308,3313,1960,84.2,A (ดีมาก)
2526,2025-02-23,2568,2,ฤดูแล้ง,NHK07,หนองหาร (Lake),บ้านแป้น,7.24,24.5,221.0,7.13,1.95,4.0,0.105,0.766,0.524,9934,4837,85.9,A (ดีมาก)
2527,2024-01-12,2567,1,ฤดูแล้ง,NHK06,หนองหาร (Lake),บ้านแป้น,7.69,25.4,253.0,6.27,0.3,4.0,0.115,1.101,0.223,6842,1858,82.4,A (ดีมาก)
2528,2024-03-30,2567,3,ฤดูแล้ง,NHK03,หนองหาร (Lake),ฮางโฮง,6.98,24.4,242.0,6.54,2.64,14.7,0.191,0.665,0.355,1557,653,84.0,A (ดีมาก)
2529,2025-10-16,2568,10,ฤดูฝน,NHK06,หนองหาร (Lake),บ้านแป้น,7.14,27.0,220.0,7.78,0.3,4.0,0.01,1.082,0.427,4735,1850,88.8,A (ดีมาก)
2530,2024-07-24,2567,7,ฤดูฝน,BNH03,ลำห้วย (Tributary),ท่าแร่,7.17,32.5,415.0,3.94,8.53,38.0,1.341,3.25,2.24,65924,34012,47.8,C (พอใช้)
2531,2024-11-09,2567,11,ฤดูแล้ง,NHK06,หนองหาร (Lake),บ้านแป้น,7.33,26.6,278.0,6.25,1.67,4.0,0.152,0.608,0.295,3570,850,83.4,A (ดีมาก)
2532,2024-04-28,2567,4,ฤดูแล้ง,BNH06,ลำห้วย (Tributary),เหล่าปอแดง,7.62,27.9,337.0,4.48,4.31,6.6,0.632,1.94,1.606,13782,4084,61.8,B (ดี)
2533,2025-10-13,2568,10,ฤดูฝน,BNH02,ลำห้วย (Tributary),เชียงเครือ,7.77,26.5,316.0,6.48,3.44,18.8,0.607,2.624,1.066,16205,8419,71.3,B (ดี)
2534,2025-10-28,2568,10,ฤดูฝน,BNH05,ลำห้วย (Tributary),ม่วงลาย,7.88,29.7,341.0,5.95,3.58,6.4,0.479,2.027,1.969,5024,2470,67.1,B (ดี)
2535,2025-11-04,2568,11,ฤดูแล้ง,BNH04,ลำห้วย (Tributary),นาแก้ว,7.71,23.8,401.0,2.44,7.19,32.5,1.702,3.369,2.172,26701,10437,39.0,D (เสื่อมโทรม)
2536,2024-06-14,2567,6,ฤดูฝน,NHK08,หนองหาร (Lake),นาตงวัฒนา,7.74,29.5,336.0,7.15,0.3,4.2,0.09,0.873,0.249,2100,1191,87.1,A (ดีมาก)
2537,2025-09-04,2568,9,ฤดูฝน,NHK07,หนองหาร (Lake),บ้านแป้น,6.88,29.8,256.0,7.73,0.75,4.0,0.03,1.097,0.243,2632,921,89.3,A (ดีมาก)
2538,2025-10-25,2568,10,ฤดูฝน,NHK01,หนองหาร (Lake),เมืองสกลนคร,7.89,28.7,193.0,7.96,0.3,4.0,0.01,1.142,0.225,2385,731,90.4,A (ดีมาก)
2539,2025-11-03,2568,11,ฤดูแล้ง,NHK08,หนองหาร (Lake),นาตงวัฒนา,6.94,26.3,246.0,6.32,0.87,4.9,0.12,1.151,0.467,5543,1325,81.2,A (ดีมาก)
2540,2025-04-14,2568,4,ฤดูแล้ง,NHK06,หนองหาร (Lake),บ้านแป้น,7.1,28.7,185.0,6.97,2.67,12.8,0.359,0.697,0.393,1241,356,84.6,A (ดีมาก)
2541,2024-07-20,2567,7,ฤดูฝน,NHK02,หนองหาร (Lake),ธาตุนาเวง,7.23,30.1,337.0,4.99,4.49,28.1,0.868,2.621,1.504,32306,14938,61.0,B (ดี)
2542,2024-09-13,2567,9,ฤดูฝน,BNH03,ลำห้วย (Tributary),ท่าแร่,7.4,30.0,423.0,3.48,5.5,20.9,1.538,3.457,2.267,73756,29858,43.8,C (พอใช้)
2543,2024-12-17,2567,12,ฤดูแล้ง,NHK08,หนองหาร (Lake),นาตงวัฒนา,7.08,25.7,215.0,7.95,1.9,5.9,0.579,0.624,0.927,2165,1223,85.3,A (ดีมาก)
2544,2024-10-13,2567,10,ฤดูฝน,NHK06,หนองหาร (Lake),บ้านแป้น,7.35,29.3,205.0,7.89,2.07,15.0,0.01,0.758,0.192,6225,1658,91.5,A (ดีมาก)
2545,2025-08-14,2568,8,ฤดูฝน,NHK01,หนองหาร (Lake),เมืองสกลนคร,7.35,30.0,224.0,7.25,1.51,6.4,0.01,0.676,0.207,14369,7205,88.9,A (ดีมาก)
2546,2024-11-04,2567,11,ฤดูแล้ง,NHK07,หนองหาร (Lake),บ้านแป้น,7.05,27.4,171.0,7.05,0.91,6.8,0.314,1.098,0.323,1329,774,84.3,A (ดีมาก)
2547,2024-08-28,2567,8,ฤดูฝน,NHK05,หนองหาร (Lake),ท่าแร่,7.72,31.7,271.0,7.99,0.3,4.0,0.441,1.116,0.479,3515,1320,86.9,A (ดีมาก)
2548,2025-07-11,2568,7,ฤดูฝน,NHK03,หนองหาร (Lake),ฮางโฮง,7.72,31.4,288.0,6.9,2.03,10.2,0.01,1.468,0.657,1582,940,82.4,A (ดีมาก)
2549,2024-05-27,2567,5,ฤดูแล้ง,BNH05,ลำห้วย (Tributary),ม่วงลาย,6.93,29.8,319.0,5.45,4.47,13.6,0.896,2.597,1.4,1502,656,63.5,B (ดี)
2550,2025-09-27,2568,9,ฤดูฝน,NHK03,หนองหาร (Lake),ฮางโฮง,7.17,29.9,288.0,7.8,1.29,12.0,0.126,1.035,0.639,1509,866,87.3,A (ดีมาก)
2551,2024-09-06,2567,9,ฤดูฝน,BNH07,ลำห้วย (Tributary),งิ้วด่อน,7.66,28.4,307.0,6.08,1.96,11.4,0.595,1.969,1.421,6537,2915,69.9,B (ดี)
2552,2024-05-15,2567,5,ฤดูแล้ง,BNH06,ลำห้วย (Tributary),เหล่าปอแดง,6.97,30.4,326.0,6.87,3.08,4.8,0.67,2.809,1.291,11915,2939,70.9,B (ดี)
2553,2024-06-08,2567,6,ฤดูฝน,NHK05,หนองหาร (Lake),ท่าแร่,7.43,32.5,193.0,7.55,0.45,5.7,0.02,1.111,0.54,3087,622,87.1,A (ดีมาก)
2554,2024-01-13,2567,1,ฤดูแล้ง,BNH01,ลำห้วย (Tributary),ธาตุนาเวง,7.17,23.7,480.0,2.73,6.79,29.2,1.647,3.195,2.296,8990,2292,40.6,C (พอใช้)
2555,2024-01-28,2567,1,ฤดูแล้ง,BNH05,ลำห้วย (Tributary),ม่วงลาย,7.02,27.3,343.0,5.19,3.22,7.0,0.81,1.991,1.102,5006,2799,66.3,B (ดี)
2556,2025-10-24,2568,10,ฤดูฝน,NHK02,หนองหาร (Lake),ธาตุนาเวง,7.51,28.3,269.0,5.84,3.56,11.4,0.898,2.067,1.357,14189,2948,67.2,B (ดี)
2557,2024-11-27,2567,11,ฤดูแล้ง,BNH04,ลำห้วย (Tributary),นาแก้ว,7.24,23.6,388.0,2.32,7.21,27.2,1.534,3.106,2.183,38974,17900,40.3,C (พอใช้)
2558,2024-10-21,2567,10,ฤดูฝน,BNH03,ลำห้วย (Tributary),ท่าแร่,7.39,28.3,341.0,3.31,5.25,27.3,1.72,3.401,2.469,70051,25286,41.2,C (พอใช้)
2559,2024-05-01,2567,5,ฤดูแล้ง,NHK09,หนองหาร (Lake),เหล่าปอแดง,7.46,30.4,247.0,7.17,1.44,4.0,0.436,1.236,0.168,3239,1209,84.4,A (ดีมาก)
2560,2025-05-28,2568,5,ฤดูแล้ง,NHK06,หนองหาร (Lake),บ้านแป้น,7.14,29.9,276.0,6.25,2.12,9.0,0.199,2.426,0.239,17162,9768,77.4,B (ดี)
2561,2025-12-16,2568,12,ฤดูแล้ง,BNH07,ลำห้วย (Tributary),งิ้วด่อน,7.41,26.1,340.0,6.44,4.64,14.1,0.792,1.989,1.945,12872,4297,67.8,B (ดี)
2562,2025-10-22,2568,10,ฤดูฝน,BNH06,ลำห้วย (Tributary),เหล่าปอแดง,6.75,30.1,238.0,5.95,1.7,6.0,0.433,1.95,1.21,12051,6599,71.4,B (ดี)
2563,2025-10-30,2568,10,ฤดูฝน,BNH08,ลำห้วย (Tributary),เมืองสกลนคร,7.03,29.7,421.0,3.68,5.79,26.3,1.443,4.025,2.581,28096,10535,41.8,C (พอใช้)
2564,2024-06-12,2567,6,ฤดูฝน,NHK08,หนองหาร (Lake),นาตงวัฒนา,6.85,32.3,251.0,7.9,0.3,4.0,0.01,2.029,0.271,2717,1230,87.0,A (ดีมาก)
2565,2025-05-19,2568,5,ฤดูแล้ง,NHK04,หนองหาร (Lake),เชียงเครือ,7.33,28.0,238.0,6.41,1.73,5.1,0.346,0.669,0.345,2335,1371,82.6,A (ดีมาก)
2566,2024-03-31,2567,3,ฤดูแล้ง,BNH06,ลำห้วย (Tributary),เหล่าปอแดง,7.53,27.3,303.0,5.15,5.18,27.0,1.064,2.148,1.338,12428,3670,62.9,B (ดี)
2567,2025-02-11,2568,2,ฤดูแล้ง,NHK04,หนองหาร (Lake),เชียงเครือ,7.52,27.2,264.0,5.97,2.74,15.2,0.354,0.805,0.338,4844,2254,80.1,A (ดีมาก)
2568,2025-08-29,2568,8,ฤดูฝน,BNH07,ลำห้วย (Tributary),งิ้วด่อน,6.91,29.3,355.0,5.8,2.77,14.4,0.535,1.904,1.328,57028,33661,69.8,B (ดี)
2569,2024-01-09,2567,1,ฤดูแล้ง,NHK08,หนองหาร (Lake),นาตงวัฒนา,7.3,26.9,227.0,6.29,1.53,10.4,0.151,1.827,0.785,5167,1315,77.1,B (ดี)
2570,2024-10-25,2567,10,ฤดูฝน,NHK06,หนองหาร (Lake),บ้านแป้น,7.38,27.2,223.0,8.14,0.31,4.0,0.01,1.248,0.528,15775,6213,89.3,A (ดีมาก)
2571,2025-03-09,2568,3,ฤดูแล้ง,BNH08,ลำห้วย (Tributary),เมืองสกลนคร,6.77,26.9,368.0,3.08,6.28,25.6,1.692,3.765,2.382,26391,14379,39.5,D (เสื่อมโทรม)
2572,2025-11-26,2568,11,ฤดูแล้ง,BNH04,ลำห้วย (Tributary),นาแก้ว,6.77,28.0,400.0,3.39,7.74,40.5,1.644,3.213,2.463,15322,5032,42.6,C (พอใช้)
2573,2025-08-22,2568,8,ฤดูฝน,BNH05,ลำห้วย (Tributary),ม่วงลาย,6.97,31.2,205.0,6.29,2.77,13.3,0.685,2.015,1.145,10293,3320,71.6,B (ดี)
2574,2024-02-03,2567,2,ฤดูแล้ง,NHK05,หนองหาร (Lake),ท่าแร่,7.09,23.7,274.0,5.49,0.59,8.7,0.205,0.681,1.338,2451,798,74.3,B (ดี)
2575,2025-08-20,2568,8,ฤดูฝน,NHK04,หนองหาร (Lake),เชียงเครือ,7.2,32.4,245.0,8.06,1.15,17.9,0.19,2.795,0.318,1054,563,83.8,A (ดีมาก)
2576,2024-10-26,2567,10,ฤดูฝน,BNH06,ลำห้วย (Tributary),เหล่าปอแดง,7.39,30.8,272.0,6.22,1.94,7.9,0.402,2.452,1.399,12345,6737,70.2,B (ดี)
2577,2024-08-28,2567,8,ฤดูฝน,NHK02,หนองหาร (Lake),ธาตุนาเวง,7.53,31.2,258.0,6.26,3.97,11.0,1.015,2.083,1.502,29486,15698,67.6,B (ดี)
2578,2024-05-11,2567,5,ฤดูแล้ง,NHK09,หนองหาร (Lake),เหล่าปอแดง,6.78,29.9,290.0,6.43,3.01,8.1,0.346,0.657,0.246,7917,1819,83.2,A (ดีมาก)
2579,2025-12-25,2568,12,ฤดูแล้ง,NHK03,หนองหาร (Lake),ฮางโฮง,7.46,24.3,201.0,6.88,1.78,5.7,0.358,0.876,0.281,1490,742,84.2,A (ดีมาก)
2580,2025-09-13,2568,9,ฤดูฝน,BNH07,ลำห้วย (Tributary),งิ้วด่อน,6.87,29.0,301.0,6.38,3.08,19.8,0.532,2.867,1.466,10699,3439,68.4,B (ดี)
2581,2025-08-29,2568,8,ฤดูฝน,BNH08,ลำห้วย (Tributary),เมืองสกลนคร,6.78,31.2,312.0,4.78,6.19,23.6,1.489,4.103,2.162,53105,31491,48.2,C (พอใช้)
2582,2024-12-26,2567,12,ฤดูแล้ง,BNH03,ลำห้วย (Tributary),ท่าแร่,6.83,25.2,366.0,3.68,8.76,33.0,1.708,3.429,2.156,31896,12410,44.4,C (พอใช้)
2583,2024-11-08,2567,11,ฤดูแล้ง,NHK07,หนองหาร (Lake),บ้านแป้น,7.17,25.2,237.0,5.79,2.78,10.6,0.184,1.248,0.301,7910,4709,79.0,B (ดี)
2584,2025-06-27,2568,6,ฤดูฝน,NHK09,หนองหาร (Lake),เหล่าปอแดง,7.57,30.2,205.0,8.89,0.42,4.0,0.013,0.627,0.361,8300,3461,95.5,A (ดีมาก)
2585,2024-10-28,2567,10,ฤดูฝน,NHK03,หนองหาร (Lake),ฮางโฮง,7.57,28.1,182.0,8.61,1.06,17.4,0.109,0.81,0.229,1733,986,93.8,A (ดีมาก)
2586,2025-10-26,2568,10,ฤดูฝน,BNH04,ลำห้วย (Tributary),นาแก้ว,7.0,29.9,383.0,2.57,6.06,26.3,1.306,3.733,2.304,44698,18857,40.0,C (พอใช้)
2587,2025-04-30,2568,4,ฤดูแล้ง,NHK03,หนองหาร (Lake),ฮางโฮง,7.33,26.4,259.0,7.74,0.35,4.0,0.175,1.045,0.376,1607,781,88.0,A (ดีมาก)
2588,2025-07-20,2568,7,ฤดูฝน,NHK09,หนองหาร (Lake),เหล่าปอแดง,7.03,33.0,214.0,7.25,2.14,9.8,0.01,1.443,0.721,10365,3976,83.7,A (ดีมาก)
2589,2025-02-25,2568,2,ฤดูแล้ง,BNH03,ลำห้วย (Tributary),ท่าแร่,7.4,25.8,419.0,3.22,8.45,47.7,1.609,3.574,2.296,54820,32432,41.7,C (พอใช้)
2590,2024-07-17,2567,7,ฤดูฝน,NHK03,หนองหาร (Lake),ฮางโฮง,6.79,32.6,204.0,8.38,1.02,16.2,0.067,0.942,0.238,3023,1624,92.5,A (ดีมาก)
2591,2024-09-21,2567,9,ฤดูฝน,BNH03,ลำห้วย (Tributary),ท่าแร่,7.17,29.1,388.0,3.52,5.41,22.7,1.336,3.383,2.399,30129,6603,44.8,C (พอใช้)
2592,2024-12-01,2567,12,ฤดูแล้ง,NHK02,หนองหาร (Lake),ธาตุนาเวง,6.46,25.0,319.0,4.53,2.81,12.1,1.041,1.842,1.253,13042,3315,61.8,B (ดี)
2593,2024-06-10,2567,6,ฤดูฝน,NHK06,หนองหาร (Lake),บ้านแป้น,7.49,29.7,200.0,7.73,0.77,4.0,0.01,0.798,0.251,6889,3971,90.4,A (ดีมาก)
2594,2025-10-11,2568,10,ฤดูฝน,NHK02,หนองหาร (Lake),ธาตุนาเวง,7.19,27.3,256.0,4.45,4.08,17.5,0.849,1.971,1.254,24610,5955,62.1,B (ดี)
2595,2025-03-24,2568,3,ฤดูแล้ง,NHK06,หนองหาร (Lake),บ้านแป้น,7.71,28.7,195.0,6.69,0.79,5.2,0.634,0.736,0.332,5784,2244,82.0,A (ดีมาก)
2596,2024-10-06,2567,10,ฤดูฝน,NHK04,หนองหาร (Lake),เชียงเครือ,7.17,27.5,227.0,7.11,0.3,4.0,0.01,0.695,0.268,4185,1329,87.9,A (ดีมาก)
2597,2025-02-24,2568,2,ฤดูแล้ง,BNH01,ลำห้วย (Tributary),ธาตุนาเวง,7.48,23.9,475.0,2.74,7.83,34.9,1.554,3.713,2.264,100176,21386,39.6,D (เสื่อมโทรม)
2598,2024-05-19,2567,5,ฤดูแล้ง,BNH07,ลำห้วย (Tributary),งิ้วด่อน,7.46,31.3,317.0,4.81,3.31,19.3,0.896,2.655,1.089,8207,2748,62.0,B (ดี)
2599,2024-06-17,2567,6,ฤดูฝน,BNH03,ลำห้วย (Tributary),ท่าแร่,6.81,30.4,426.0,4.22,6.18,37.4,1.347,3.684,2.997,14158,7021,43.8,C (พอใช้)
2600,2024-05-16,2567,5,ฤดูแล้ง,NHK05,หนองหาร (Lake),ท่าแร่,6.9,27.8,307.0,7.47,1.35,4.0,0.263,0.775,0.424,7484,1693,87.0,A (ดีมาก)
2601,2024-10-01,2567,10,ฤดูฝน,NHK03,หนองหาร (Lake),ฮางโฮง,7.24,27.1,274.0,6.54,2.05,10.7,0.055,0.979,0.279,1703,429,84.1,A (ดีมาก)
2602,2025-11-20,2568,11,ฤดูแล้ง,BNH05,ลำห้วย (Tributary),ม่วงลาย,7.65,26.5,311.0,6.18,3.88,32.3,0.612,2.126,1.142,6290,2622,71.2,B (ดี)
2603,2025-08-24,2568,8,ฤดูฝน,NHK10,หนองหาร (Lake),งิ้วด่อน,6.68,30.5,186.0,8.42,0.3,4.0,0.01,0.656,0.204,4922,1704,94.1,A (ดีมาก)
2604,2024-07-21,2567,7,ฤดูฝน,NHK05,หนองหาร (Lake),ท่าแร่,7.11,29.3,249.0,7.91,0.53,4.0,0.01,0.951,0.352,8472,2198,90.2,A (ดีมาก)
2605,2024-09-23,2567,9,ฤดูฝน,NHK06,หนองหาร (Lake),บ้านแป้น,6.48,26.7,322.0,7.64,0.3,4.4,0.287,1.205,0.354,4295,2362,86.5,A (ดีมาก)
2606,2025-08-19,2568,8,ฤดูฝน,NHK09,หนองหาร (Lake),เหล่าปอแดง,7.03,29.6,217.0,8.09,0.3,4.0,0.187,0.651,0.18,4461,2307,91.8,A (ดีมาก)
2607,2024-09-25,2567,9,ฤดูฝน,NHK04,หนองหาร (Lake),เชียงเครือ,7.09,29.1,148.0,8.0,2.05,4.0,0.01,0.771,0.235,3637,769,91.7,A (ดีมาก)
2608,2024-06-03,2567,6,ฤดูฝน,BNH05,ลำห้วย (Tributary),ม่วงลาย,7.9,32.3,339.0,5.75,4.26,15.3,0.494,2.509,1.167,12882,3433,68.5,B (ดี)
2609,2025-06-20,2568,6,ฤดูฝน,NHK08,หนองหาร (Lake),นาตงวัฒนา,7.23,29.3,178.0,6.18,0.65,4.0,0.093,0.718,0.328,7952,2477,82.9,A (ดีมาก)
2610,2024-10-12,2567,10,ฤดูฝน,NHK03,หนองหาร (Lake),ฮางโฮง,7.08,28.5,255.0,7.74,0.3,4.0,0.01,0.92,0.422,4731,1737,89.2,A (ดีมาก)
2611,2024-12-08,2567,12,ฤดูแล้ง,BNH03,ลำห้วย (Tributary),ท่าแร่,6.75,25.1,385.0,2.83,6.02,24.3,1.8,3.205,2.506,22499,6574,39.1,D (เสื่อมโทรม)
2612,2025-10-21,2568,10,ฤดูฝน,NHK08,หนองหาร (Lake),นาตงวัฒนา,7.55,27.8,242.0,7.57,0.96,8.5,0.012,0.699,0.559,2589,573,88.4,A (ดีมาก)
2613,2025-02-11,2568,2,ฤดูแล้ง,BNH01,ลำห้วย (Tributary),ธาตุนาเวง,7.62,25.2,394.0,1.83,7.81,37.2,1.906,3.223,2.845,91673,46712,32.3,D (เสื่อมโทรม)
2614,2024-01-17,2567,1,ฤดูแล้ง,NHK10,หนองหาร (Lake),งิ้วด่อน,7.17,25.6,190.0,7.02,1.2,4.0,0.201,0.815,0.684,2773,1189,83.9,A (ดีมาก)
2615,2024-07-03,2567,7,ฤดูฝน,NHK06,หนองหาร (Lake),บ้านแป้น,7.22,30.0,233.0,7.12,0.46,4.0,0.138,0.864,0.174,7653,3990,87.1,A (ดีมาก)
2616,2024-10-16,2567,10,ฤดูฝน,NHK05,หนองหาร (Lake),ท่าแร่,7.11,25.9,238.0,7.29,2.05,12.3,0.01,0.843,0.192,1896,589,88.6,A (ดีมาก)
2617,2024-07-27,2567,7,ฤดูฝน,BNH08,ลำห้วย (Tributary),เมืองสกลนคร,6.96,31.8,371.0,4.53,6.22,28.8,1.529,3.519,2.634,71396,28376,46.5,C (พอใช้)
2618,2024-05-21,2567,5,ฤดูแล้ง,NHK01,หนองหาร (Lake),เมืองสกลนคร,7.04,32.0,214.0,7.15,1.41,4.0,0.149,0.684,0.927,8477,4197,84.0,A (ดีมาก)
2619,2024-01-22,2567,1,ฤดูแล้ง,NHK04,หนองหาร (Lake),เชียงเครือ,7.03,25.7,264.0,7.33,0.83,9.5,0.141,1.713,0.735,4344,1346,82.4,A (ดีมาก)
2620,2024-06-18,2567,6,ฤดูฝน,BNH02,ลำห้วย (Tributary),เชียงเครือ,7.53,30.7,414.0,5.34,1.17,6.1,0.417,2.053,1.36,11739,6343,67.7,B (ดี)
2621,2025-08-28,2568,8,ฤดูฝน,BNH08,ลำห้วย (Tributary),เมืองสกลนคร,6.46,28.7,403.0,5.39,6.11,26.2,1.535,3.197,2.175,24978,7178,53.7,C (พอใช้)
2622,2024-07-30,2567,7,ฤดูฝน,NHK02,หนองหาร (Lake),ธาตุนาเวง,7.06,28.4,283.0,5.11,2.97,14.6,0.806,1.911,1.643,8493,2626,63.5,B (ดี)
2623,2025-07-19,2568,7,ฤดูฝน,NHK09,หนองหาร (Lake),เหล่าปอแดง,7.44,32.7,206.0,7.69,1.85,8.5,0.01,0.751,0.301,3178,1567,90.1,A (ดีมาก)
2624,2025-07-04,2568,7,ฤดูฝน,BNH03,ลำห้วย (Tributary),ท่าแร่,7.1,30.3,385.0,4.72,5.64,29.9,1.399,3.938,2.698,56695,33751,46.4,C (พอใช้)
2625,2025-03-11,2568,3,ฤดูแล้ง,BNH07,ลำห้วย (Tributary),งิ้วด่อน,7.01,26.0,343.0,5.84,4.94,27.8,0.607,2.072,1.478,24197,13697,68.2,B (ดี)
2626,2025-12-09,2568,12,ฤดูแล้ง,NHK03,หนองหาร (Lake),ฮางโฮง,6.9,25.6,231.0,5.99,1.16,7.5,0.175,1.016,0.336,946,354,80.5,A (ดีมาก)
2627,2025-11-12,2568,11,ฤดูแล้ง,NHK03,หนองหาร (Lake),ฮางโฮง,7.46,28.4,248.0,5.11,2.25,12.9,0.131,1.728,0.178,3156,1202,75.3,B (ดี)
2628,2025-06-28,2568,6,ฤดูฝน,BNH07,ลำห้วย (Tributary),งิ้วด่อน,7.69,32.7,326.0,6.01,3.14,18.9,0.564,2.39,1.494,7386,1690,68.1,B (ดี)
2629,2025-01-06,2568,1,ฤดูแล้ง,NHK02,หนองหาร (Lake),ธาตุนาเวง,7.16,25.0,298.0,4.2,4.77,25.3,1.428,2.116,1.31,48751,16053,56.9,C (พอใช้)
2630,2025-06-16,2568,6,ฤดูฝน,NHK05,หนองหาร (Lake),ท่าแร่,7.23,29.8,199.0,8.34,0.75,4.0,0.042,0.861,0.834,18404,9451,89.8,A (ดีมาก)
2631,2025-04-23,2568,4,ฤดูแล้ง,BNH01,ลำห้วย (Tributary),ธาตุนาเวง,7.57,28.8,373.0,3.49,8.25,43.1,1.614,3.191,2.192,26185,7777,44.7,C (พอใช้)
2632,2025-02-10,2568,2,ฤดูแล้ง,NHK02,หนองหาร (Lake),ธาตุนาเวง,6.67,25.1,293.0,6.09,3.31,26.4,1.148,2.009,1.267,24041,5182,67.5,B (ดี)
2633,2024-08-21,2567,8,ฤดูฝน,NHK04,หนองหาร (Lake),เชียงเครือ,7.46,30.5,278.0,7.43,0.3,4.0,0.01,1.128,0.179,4376,2116,88.3,A (ดีมาก)
2634,2024-01-31,2567,1,ฤดูแล้ง,NHK07,หนองหาร (Lake),บ้านแป้น,6.51,24.1,236.0,7.34,0.4,4.0,0.127,1.082,0.218,2927,1391,87.2,A (ดีมาก)
2635,2024-06-04,2567,6,ฤดูฝน,NHK02,หนองหาร (Lake),ธาตุนาเวง,6.3,30.1,280.0,5.66,3.44,14.4,0.983,1.824,1.395,63982,36187,66.5,B (ดี)
2636,2025-03-14,2568,3,ฤดูแล้ง,NHK01,หนองหาร (Lake),เมืองสกลนคร,7.39,28.3,233.0,5.9,1.4,4.0,0.111,0.889,0.833,3886,1291,78.5,B (ดี)
2637,2024-07-21,2567,7,ฤดูฝน,NHK10,หนองหาร (Lake),งิ้วด่อน,7.2,28.8,267.0,8.44,0.3,4.0,0.179,1.496,0.38,4145,1689,89.6,A (ดีมาก)
2638,2025-05-02,2568,5,ฤดูแล้ง,NHK04,หนองหาร (Lake),เชียงเครือ,6.36,28.6,234.0,7.16,3.26,11.1,0.203,0.802,0.199,6527,3726,87.0,A (ดีมาก)
2639,2024-01-28,2567,1,ฤดูแล้ง,BNH02,ลำห้วย (Tributary),เชียงเครือ,7.42,24.7,242.0,5.8,4.88,30.4,0.796,2.004,1.29,30598,16180,68.1,B (ดี)
2640,2024-09-10,2567,9,ฤดูฝน,BNH08,ลำห้วย (Tributary),เมืองสกลนคร,6.92,27.4,402.0,3.43,7.21,31.4,1.353,3.867,2.28,28971,12861,43.2,C (พอใช้)
2641,2024-05-08,2567,5,ฤดูแล้ง,NHK05,หนองหาร (Lake),ท่าแร่,7.23,31.3,269.0,6.9,0.8,5.0,0.469,1.812,0.391,2227,750,80.0,A (ดีมาก)
2642,2024-01-19,2567,1,ฤดูแล้ง,NHK01,หนองหาร (Lake),เมืองสกลนคร,6.81,23.0,225.0,5.6,1.39,6.8,0.119,1.016,0.339,6461,3325,79.1,B (ดี)
2643,2025-12-30,2568,12,ฤดูแล้ง,BNH08,ลำห้วย (Tributary),เมืองสกลนคร,7.22,25.0,369.0,3.38,6.67,18.3,1.5,3.83,3.231,67273,31327,37.5,D (เสื่อมโทรม)
2644,2025-08-20,2568,8,ฤดูฝน,BNH08,ลำห้วย (Tributary),เมืองสกลนคร,7.33,27.3,337.0,3.57,5.85,20.4,1.304,3.49,3.017,13083,6195,41.7,C (พอใช้)
2645,2025-01-31,2568,1,ฤดูแล้ง,NHK03,หนองหาร (Lake),ฮางโฮง,6.92,24.7,304.0,6.75,2.49,16.3,0.255,1.226,0.197,1541,442,83.5,A (ดีมาก)
2646,2025-01-20,2568,1,ฤดูแล้ง,NHK08,หนองหาร (Lake),นาตงวัฒนา,6.17,27.3,289.0,6.24,0.5,10.5,0.134,0.631,0.188,5524,2103,83.9,A (ดีมาก)
2647,2024-12-10,2567,12,ฤดูแล้ง,BNH02,ลำห้วย (Tributary),เชียงเครือ,7.02,25.4,329.0,6.4,4.33,18.8,0.924,1.9,1.066,27169,12108,71.5,B (ดี)
2648,2025-12-07,2568,12,ฤดูแล้ง,BNH01,ลำห้วย (Tributary),ธาตุนาเวง,7.21,26.5,417.0,3.65,6.69,36.7,1.688,3.101,2.249,28061,6866,45.0,C (พอใช้)
2649,2024-08-13,2567,8,ฤดูฝน,NHK06,หนองหาร (Lake),บ้านแป้น,7.16,30.4,279.0,8.3,0.75,11.8,0.01,1.22,0.247,11852,3857,91.5,A (ดีมาก)
2650,2024-02-25,2567,2,ฤดูแล้ง,BNH04,ลำห้วย (Tributary),นาแก้ว,7.17,24.0,390.0,3.87,8.12,33.6,1.575,3.476,2.373,51845,15715,44.7,C (พอใช้)
2651,2024-03-15,2567,3,ฤดูแล้ง,NHK07,หนองหาร (Lake),บ้านแป้น,7.35,26.2,287.0,6.28,1.69,9.5,0.184,0.63,0.248,921,452,83.5,A (ดีมาก)
2652,2025-11-20,2568,11,ฤดูแล้ง,NHK06,หนองหาร (Lake),บ้านแป้น,7.31,25.2,185.0,7.2,0.75,5.8,0.266,0.8,0.173,5153,1762,86.9,A (ดีมาก)
2653,2024-09-24,2567,9,ฤดูฝน,NHK02,หนองหาร (Lake),ธาตุนาเวง,7.11,30.4,246.0,4.3,2.95,9.5,1.119,1.875,1.321,24128,5182,59.8,C (พอใช้)
2654,2025-09-05,2568,9,ฤดูฝน,BNH06,ลำห้วย (Tributary),เหล่าปอแดง,6.89,28.2,267.0,6.09,4.5,19.9,0.679,2.305,1.177,35210,12719,69.6,B (ดี)
2655,2024-12-09,2567,12,ฤดูแล้ง,NHK01,หนองหาร (Lake),เมืองสกลนคร,7.35,27.3,306.0,7.68,1.85,18.0,0.204,0.605,0.783,2758,1499,87.0,A (ดีมาก)
2656,2025-01-30,2568,1,ฤดูแล้ง,NHK05,หนองหาร (Lake),ท่าแร่,7.14,26.0,189.0,5.7,1.27,4.9,0.154,0.634,0.956,10029,3958,77.6,B (ดี)
2657,2024-08-26,2567,8,ฤดูฝน,NHK10,หนองหาร (Lake),งิ้วด่อน,6.99,31.9,237.0,7.78,0.3,4.0,0.01,0.698,0.409,3904,1252,90.1,A (ดีมาก)
2658,2025-11-13,2568,11,ฤดูแล้ง,BNH07,ลำห้วย (Tributary),งิ้วด่อน,7.76,28.5,331.0,4.19,4.31,20.3,0.733,2.804,1.144,18180,8611,59.4,C (พอใช้)
2659,2024-06-01,2567,6,ฤดูฝน,BNH06,ลำห้วย (Tributary),เหล่าปอแดง,7.83,30.2,359.0,6.21,4.19,17.1,0.455,2.559,1.695,5398,2442,68.0,B (ดี)
2660,2024-07-17,2567,7,ฤดูฝน,NHK06,หนองหาร (Lake),บ้านแป้น,7.15,31.1,225.0,7.94,2.89,11.0,0.01,0.643,0.209,3668,1820,92.0,A (ดีมาก)
2661,2024-06-26,2567,6,ฤดูฝน,NHK01,หนองหาร (Lake),เมืองสกลนคร,7.02,29.8,170.0,7.94,1.34,10.9,0.01,2.015,0.248,5885,3303,87.3,A (ดีมาก)
2662,2025-08-15,2568,8,ฤดูฝน,BNH05,ลำห้วย (Tributary),ม่วงลาย,6.88,29.8,343.0,6.35,3.39,14.0,0.526,2.072,1.112,18872,6497,72.7,B (ดี)
2663,2025-09-10,2568,9,ฤดูฝน,BNH06,ลำห้วย (Tributary),เหล่าปอแดง,7.11,29.7,341.0,5.82,4.06,22.6,0.409,2.177,2.204,16136,4011,65.3,B (ดี)
2664,2025-06-19,2568,6,ฤดูฝน,NHK03,หนองหาร (Lake),ฮางโฮง,7.25,30.3,226.0,8.29,0.96,4.0,0.083,1.403,0.736,1679,457,88.0,A (ดีมาก)
2665,2024-05-01,2567,5,ฤดูแล้ง,NHK04,หนองหาร (Lake),เชียงเครือ,7.24,28.7,232.0,5.97,1.44,5.2,0.13,0.984,0.197,1903,763,81.5,A (ดีมาก)
2666,2025-11-30,2568,11,ฤดูแล้ง,NHK07,หนองหาร (Lake),บ้านแป้น,6.72,27.7,266.0,7.24,1.47,4.0,0.174,1.2,0.221,22587,11793,86.1,A (ดีมาก)
2667,2024-06-16,2567,6,ฤดูฝน,NHK09,หนองหาร (Lake),เหล่าปอแดง,7.25,29.3,246.0,7.85,0.75,10.4,0.204,0.907,0.176,1473,479,89.8,A (ดีมาก)
2668,2024-03-02,2567,3,ฤดูแล้ง,NHK01,หนองหาร (Lake),เมืองสกลนคร,7.27,26.8,243.0,7.14,2.37,19.2,0.386,0.8,0.156,3700,1428,86.1,A (ดีมาก)
2669,2024-07-14,2567,7,ฤดูฝน,BNH07,ลำห้วย (Tributary),งิ้วด่อน,7.67,30.9,365.0,6.6,4.54,17.5,0.43,2.086,1.546,2389,985,72.2,B (ดี)
2670,2025-01-27,2568,1,ฤดูแล้ง,NHK03,หนองหาร (Lake),ฮางโฮง,7.09,23.5,233.0,6.8,1.87,5.0,0.194,0.658,0.253,2246,655,85.7,A (ดีมาก)
2671,2025-11-03,2568,11,ฤดูแล้ง,NHK04,หนองหาร (Lake),เชียงเครือ,7.12,26.5,211.0,6.94,1.86,9.3,0.568,0.694,1.218,5548,2815,79.2,B (ดี)
2672,2024-09-24,2567,9,ฤดูฝน,NHK05,หนองหาร (Lake),ท่าแร่,6.82,28.9,200.0,7.86,1.49,4.9,0.063,0.853,0.364,786,370,89.9,A (ดีมาก)
2673,2025-04-09,2568,4,ฤดูแล้ง,NHK04,หนองหาร (Lake),เชียงเครือ,7.97,28.7,281.0,6.21,2.05,5.1,0.162,1.393,0.73,2517,1173,78.4,B (ดี)
2674,2025-07-31,2568,7,ฤดูฝน,BNH02,ลำห้วย (Tributary),เชียงเครือ,7.11,32.8,314.0,7.61,2.86,6.8,0.807,1.953,1.092,5617,2565,77.2,B (ดี)
2675,2024-12-12,2567,12,ฤดูแล้ง,BNH01,ลำห้วย (Tributary),ธาตุนาเวง,8.03,23.4,388.0,3.5,8.32,33.0,1.711,3.197,2.886,87359,37309,40.7,C (พอใช้)
2676,2024-02-18,2567,2,ฤดูแล้ง,NHK02,หนองหาร (Lake),ธาตุนาเวง,7.46,25.3,337.0,5.16,5.49,34.7,1.106,2.013,1.492,14688,3930,62.4,B (ดี)
2677,2024-02-06,2567,2,ฤดูแล้ง,BNH06,ลำห้วย (Tributary),เหล่าปอแดง,7.56,25.8,348.0,4.63,3.97,17.5,0.945,1.958,1.288,10383,4648,62.2,B (ดี)
2678,2025-05-25,2568,5,ฤดูแล้ง,NHK06,หนองหาร (Lake),บ้านแป้น,7.18,28.1,267.0,7.21,0.35,4.0,0.118,0.658,0.287,7475,2772,87.7,A (ดีมาก)
2679,2025-07-29,2568,7,ฤดูฝน,BNH08,ลำห้วย (Tributary),เมืองสกลนคร,6.92,31.5,432.0,2.97,7.13,30.8,1.394,4.403,2.601,76540,25880,37.5,D (เสื่อมโทรม)
2680,2024-05-25,2567,5,ฤดูแล้ง,NHK02,หนองหาร (Lake),ธาตุนาเวง,6.87,30.6,269.0,4.32,4.3,16.5,1.085,2.82,1.4,7704,3367,56.6,C (พอใช้)
2681,2024-11-21,2567,11,ฤดูแล้ง,BNH07,ลำห้วย (Tributary),งิ้วด่อน,7.41,28.5,273.0,5.49,3.42,16.0,0.676,2.05,1.108,10356,2104,68.2,B (ดี)
2682,2025-03-25,2568,3,ฤดูแล้ง,BNH08,ลำห้วย (Tributary),เมืองสกลนคร,6.85,28.9,357.0,4.02,6.22,19.1,1.622,3.187,2.683,10738,4573,44.5,C (พอใช้)
2683,2024-09-28,2567,9,ฤดูฝน,NHK03,หนองหาร (Lake),ฮางโฮง,7.36,30.6,191.0,7.29,1.22,14.0,0.01,0.741,0.453,1275,517,87.6,A (ดีมาก)
2684,2025-08-19,2568,8,ฤดูฝน,NHK03,หนองหาร (Lake),ฮางโฮง,7.24,29.8,149.0,6.61,2.39,31.7,0.11,0.657,0.227,1328,666,85.4,A (ดีมาก)
2685,2024-01-10,2567,1,ฤดูแล้ง,BNH04,ลำห้วย (Tributary),นาแก้ว,6.79,24.4,382.0,3.12,6.38,21.2,1.59,3.382,2.454,56897,26134,41.2,C (พอใช้)
2686,2025-03-05,2568,3,ฤดูแล้ง,NHK02,หนองหาร (Lake),ธาตุนาเวง,7.28,27.9,343.0,4.67,3.99,15.7,1.517,1.886,1.457,9044,3529,58.5,C (พอใช้)
2687,2024-02-26,2567,2,ฤดูแล้ง,NHK08,หนองหาร (Lake),นาตงวัฒนา,6.92,25.4,246.0,6.61,2.23,18.6,0.131,0.904,0.301,3199,649,84.1,A (ดีมาก)
2688,2024-03-20,2567,3,ฤดูแล้ง,BNH06,ลำห้วย (Tributary),เหล่าปอแดง,7.71,26.2,399.0,4.37,4.68,32.4,0.766,2.273,1.096,9961,5727,62.0,B (ดี)
2689,2024-08-10,2567,8,ฤดูฝน,NHK06,หนองหาร (Lake),บ้านแป้น,7.58,32.1,245.0,7.64,1.4,4.0,0.01,1.173,0.152,5557,2251,89.2,A (ดีมาก)
2690,2024-06-23,2567,6,ฤดูฝน,BNH06,ลำห้วย (Tributary),เหล่าปอแดง,7.93,30.6,342.0,6.38,5.11,25.0,0.464,1.988,1.388,15182,5586,72.2,B (ดี)
2691,2025-12-17,2568,12,ฤดูแล้ง,BNH06,ลำห้วย (Tributary),เหล่าปอแดง,6.93,24.5,337.0,5.83,4.52,20.4,0.622,1.901,1.17,6244,3644,70.2,B (ดี)
2692,2025-02-14,2568,2,ฤดูแล้ง,BNH06,ลำห้วย (Tributary),เหล่าปอแดง,6.92,25.8,392.0,6.11,4.32,27.3,0.617,2.733,1.433,10051,3258,67.4,B (ดี)
2693,2025-10-15,2568,10,ฤดูฝน,NHK08,หนองหาร (Lake),นาตงวัฒนา,7.17,27.4,272.0,8.24,0.3,4.6,0.062,2.086,0.29,5354,1897,87.9,A (ดีมาก)
2694,2025-11-23,2568,11,ฤดูแล้ง,NHK08,หนองหาร (Lake),นาตงวัฒนา,7.7,25.6,223.0,7.81,1.35,4.0,0.226,0.925,0.742,2390,1205,86.6,A (ดีมาก)
2695,2025-07-02,2568,7,ฤดูฝน,NHK07,หนองหาร (Lake),บ้านแป้น,7.44,30.9,230.0,7.98,0.37,6.2,0.057,1.409,0.3,2940,1022,88.9,A (ดีมาก)
2696,2025-11-30,2568,11,ฤดูแล้ง,NHK02,หนองหาร (Lake),ธาตุนาเวง,7.17,25.8,329.0,3.19,3.87,12.0,1.271,1.935,1.547,8656,5047,52.7,C (พอใช้)
2697,2025-01-17,2568,1,ฤดูแล้ง,BNH04,ลำห้วย (Tributary),นาแก้ว,7.35,25.7,426.0,2.85,7.78,47.6,1.511,3.517,2.165,15388,9121,41.5,C (พอใช้)
2698,2024-11-15,2567,11,ฤดูแล้ง,BNH07,ลำห้วย (Tributary),งิ้วด่อน,7.15,27.6,236.0,6.04,3.11,14.2,0.628,2.143,1.256,7352,4263,69.8,B (ดี)
2699,2024-11-04,2567,11,ฤดูแล้ง,NHK01,หนองหาร (Lake),เมืองสกลนคร,7.54,26.6,233.0,7.13,1.67,4.0,0.29,1.871,0.321,3452,1051,82.2,A (ดีมาก)
2700,2024-01-03,2567,1,ฤดูแล้ง,NHK01,หนองหาร (Lake),เมืองสกลนคร,6.63,25.5,271.0,7.27,2.11,9.1,0.274,0.633,0.198,1102,504,87.7,A (ดีมาก)
2701,2024-06-26,2567,6,ฤดูฝน,BNH01,ลำห้วย (Tributary),ธาตุนาเวง,7.6,31.7,384.0,4.2,6.33,28.7,1.302,3.105,2.307,117109,35846,49.4,C (พอใช้)
2702,2025-02-18,2568,2,ฤดูแล้ง,NHK08,หนองหาร (Lake),นาตงวัฒนา,6.69,25.0,249.0,6.45,0.37,4.0,0.521,1.885,0.199,5339,1307,78.4,B (ดี)
2703,2025-02-24,2568,2,ฤดูแล้ง,NHK05,หนองหาร (Lake),ท่าแร่,6.97,25.3,245.0,7.76,2.03,5.4,0.518,1.12,0.264,4098,1595,86.5,A (ดีมาก)
2704,2025-11-07,2568,11,ฤดูแล้ง,BNH08,ลำห้วย (Tributary),เมืองสกลนคร,6.83,24.0,289.0,3.19,7.75,37.6,1.647,3.367,3.001,22035,8196,38.5,D (เสื่อมโทรม)
2705,2025-12-24,2568,12,ฤดูแล้ง,BNH08,ลำห้วย (Tributary),เมืองสกลนคร,7.12,27.1,353.0,3.31,7.35,37.3,1.599,3.41,2.233,21568,8416,43.0,C (พอใช้)
2706,2025-10-12,2568,10,ฤดูฝน,NHK02,หนองหาร (Lake),ธาตุนาเวง,6.87,27.5,275.0,3.84,3.74,24.7,0.978,2.098,1.446,9782,4494,57.3,C (พอใช้)
2707,2025-02-02,2568,2,ฤดูแล้ง,NHK08,หนองหาร (Lake),นาตงวัฒนา,6.97,26.8,299.0,7.7,1.53,10.2,0.661,0.994,0.373,3809,1012,85.3,A (ดีมาก)
2708,2024-09-27,2567,9,ฤดูฝน,BNH01,ลำห้วย (Tributary),ธาตุนาเวง,6.9,30.5,413.0,4.24,5.01,26.3,1.55,3.258,2.242,79351,34382,47.9,C (พอใช้)
2709,2025-06-12,2568,6,ฤดูฝน,BNH01,ลำห้วย (Tributary),ธาตุนาเวง,7.41,31.4,375.0,3.95,6.7,39.5,1.475,4.009,2.726,35648,21147,42.1,C (พอใช้)
2710,2025-06-24,2568,6,ฤดูฝน,NHK01,หนองหาร (Lake),เมืองสกลนคร,7.51,29.6,166.0,6.8,0.3,6.8,0.01,1.296,0.213,3430,1522,84.8,A (ดีมาก)
2711,2025-09-18,2568,9,ฤดูฝน,BNH06,ลำห้วย (Tributary),เหล่าปอแดง,7.23,30.4,397.0,5.81,3.0,12.1,0.67,1.996,1.397,12064,4668,68.3,B (ดี)
2712,2025-07-08,2568,7,ฤดูฝน,BNH01,ลำห้วย (Tributary),ธาตุนาเวง,6.88,30.0,448.0,3.23,5.32,21.9,1.423,3.468,2.178,82430,36332,43.8,C (พอใช้)
2713,2025-01-11,2568,1,ฤดูแล้ง,NHK06,หนองหาร (Lake),บ้านแป้น,7.23,25.3,245.0,6.58,2.06,8.6,0.251,1.216,0.321,4352,920,82.2,A (ดีมาก)
2714,2024-01-13,2567,1,ฤดูแล้ง,NHK04,หนองหาร (Lake),เชียงเครือ,7.25,26.0,253.0,7.01,0.68,4.1,0.112,0.828,0.189,2148,474,86.8,A (ดีมาก)
2715,2024-09-20,2567,9,ฤดูฝน,NHK04,หนองหาร (Lake),เชียงเครือ,7.91,30.9,184.0,7.47,0.3,4.0,0.058,0.971,0.237,2337,988,88.4,A (ดีมาก)
2716,2024-06-04,2567,6,ฤดูฝน,NHK04,หนองหาร (Lake),เชียงเครือ,6.83,30.2,234.0,7.61,2.36,5.4,0.01,1.342,0.228,2919,733,88.2,A (ดีมาก)
2717,2024-03-13,2567,3,ฤดูแล้ง,NHK10,หนองหาร (Lake),งิ้วด่อน,7.47,26.9,268.0,7.3,1.51,11.6,0.187,0.927,0.25,2344,884,87.0,A (ดีมาก)
2718,2025-03-10,2568,3,ฤดูแล้ง,NHK05,หนองหาร (Lake),ท่าแร่,7.24,26.4,213.0,6.51,0.48,4.0,0.152,1.122,1.232,1616,371,78.1,B (ดี)
2719,2024-08-18,2567,8,ฤดูฝน,NHK01,หนองหาร (Lake),เมืองสกลนคร,6.43,30.0,179.0,8.58,1.87,4.0,0.01,1.63,0.229,8175,2280,91.5,A (ดีมาก)
2720,2024-07-21,2567,7,ฤดูฝน,BNH03,ลำห้วย (Tributary),ท่าแร่,7.43,32.5,413.0,1.96,5.96,33.8,1.446,3.275,2.153,148944,37533,38.7,D (เสื่อมโทรม)
2721,2025-05-09,2568,5,ฤดูแล้ง,BNH05,ลำห้วย (Tributary),ม่วงลาย,7.08,28.5,322.0,5.29,2.99,4.0,0.777,2.8,1.264,58446,19916,63.4,B (ดี)
2722,2024-07-09,2567,7,ฤดูฝน,NHK02,หนองหาร (Lake),ธาตุนาเวง,7.21,29.6,265.0,6.05,5.23,22.8,1.074,1.833,1.289,12197,7130,68.2,B (ดี)
2723,2025-12-19,2568,12,ฤดูแล้ง,NHK05,หนองหาร (Lake),ท่าแร่,7.19,26.9,214.0,7.15,0.48,5.7,0.189,0.773,0.467,4633,2163,85.8,A (ดีมาก)
2724,2024-06-30,2567,6,ฤดูฝน,NHK08,หนองหาร (Lake),นาตงวัฒนา,7.93,31.0,265.0,8.12,1.6,15.1,0.071,1.011,0.567,3770,1982,89.5,A (ดีมาก)
2725,2024-05-14,2567,5,ฤดูแล้ง,NHK10,หนองหาร (Lake),งิ้วด่อน,7.31,29.3,227.0,6.72,2.88,9.3,0.271,1.62,0.163,4875,2382,82.1,A (ดีมาก)
2726,2024-08-15,2567,8,ฤดูฝน,NHK05,หนองหาร (Lake),ท่าแร่,7.55,30.8,182.0,7.49,1.07,4.0,0.055,0.906,0.284,8709,2571,88.5,A (ดีมาก)
2727,2025-09-15,2568,9,ฤดูฝน,NHK08,หนองหาร (Lake),นาตงวัฒนา,7.69,28.9,287.0,6.16,0.89,4.0,0.01,0.922,0.453,6604,1613,82.0,A (ดีมาก)
2728,2025-01-02,2568,1,ฤดูแล้ง,NHK08,หนองหาร (Lake),นาตงวัฒนา,6.87,22.9,248.0,5.36,1.47,6.5,0.758,1.006,0.32,8460,5073,74.6,B (ดี)
2729,2024-06-23,2567,6,ฤดูฝน,BNH07,ลำห้วย (Tributary),งิ้วด่อน,7.15,34.1,321.0,6.66,2.89,11.2,0.578,1.949,1.081,3138,1765,74.4,B (ดี)
2730,2024-02-04,2567,2,ฤดูแล้ง,BNH08,ลำห้วย (Tributary),เมืองสกลนคร,7.13,26.6,407.0,2.22,6.19,25.4,1.537,4.354,2.43,24805,7618,34.4,D (เสื่อมโทรม)
2731,2024-07-17,2567,7,ฤดูฝน,BNH03,ลำห้วย (Tributary),ท่าแร่,7.83,30.6,384.0,3.93,5.78,26.0,1.45,3.181,2.206,58211,33525,47.6,C (พอใช้)
2732,2025-07-16,2568,7,ฤดูฝน,NHK08,หนองหาร (Lake),นาตงวัฒนา,7.25,32.6,274.0,8.72,1.44,4.0,0.036,0.988,0.231,1452,317,94.1,A (ดีมาก)
2733,2025-03-27,2568,3,ฤดูแล้ง,NHK10,หนองหาร (Lake),งิ้วด่อน,7.6,27.9,180.0,7.01,1.82,4.0,0.371,0.629,0.37,2434,802,85.1,A (ดีมาก)
2734,2025-07-03,2568,7,ฤดูฝน,BNH03,ลำห้วย (Tributary),ท่าแร่,7.32,30.7,401.0,3.89,5.48,21.7,1.39,3.24,3.089,113087,31769,43.1,C (พอใช้)
2735,2025-05-26,2568,5,ฤดูแล้ง,NHK03,หนองหาร (Lake),ฮางโฮง,7.23,29.0,192.0,7.04,1.04,5.8,0.105,0.609,1.102,6967,2354,83.1,A (ดีมาก)
2736,2025-08-11,2568,8,ฤดูฝน,BNH08,ลำห้วย (Tributary),เมืองสกลนคร,7.17,28.9,422.0,3.67,6.61,27.7,1.468,3.234,2.315,122176,26448,45.6,C (พอใช้)
2737,2025-04-18,2568,4,ฤดูแล้ง,NHK05,หนองหาร (Lake),ท่าแร่,6.3,25.6,146.0,5.37,1.09,11.7,0.134,1.144,0.303,1975,408,77.8,B (ดี)
2738,2024-12-18,2567,12,ฤดูแล้ง,NHK01,หนองหาร (Lake),เมืองสกลนคร,7.07,26.0,298.0,7.64,1.8,7.4,0.118,0.784,0.376,17029,6813,88.8,A (ดีมาก)
2739,2024-06-06,2567,6,ฤดูฝน,NHK02,หนองหาร (Lake),ธาตุนาเวง,6.86,30.2,300.0,4.32,4.01,9.5,1.099,1.834,2.393,5638,2452,54.9,C (พอใช้)
2740,2025-06-01,2568,6,ฤดูฝน,NHK04,หนองหาร (Lake),เชียงเครือ,7.31,32.5,276.0,6.96,0.35,4.0,0.049,0.9,0.289,8971,5091,86.2,A (ดีมาก)
2741,2024-09-12,2567,9,ฤดูฝน,NHK03,หนองหาร (Lake),ฮางโฮง,7.11,30.0,221.0,7.2,2.53,4.0,0.623,0.812,0.322,7610,4000,84.1,A (ดีมาก)
2742,2024-03-11,2567,3,ฤดูแล้ง,NHK03,หนองหาร (Lake),ฮางโฮง,7.38,25.5,213.0,6.5,0.3,4.0,0.637,1.325,0.232,5786,1713,79.7,B (ดี)
2743,2025-06-26,2568,6,ฤดูฝน,NHK05,หนองหาร (Lake),ท่าแร่,7.18,30.1,162.0,8.16,0.66,6.3,0.109,1.479,0.521,1219,319,88.1,A (ดีมาก)
2744,2024-09-09,2567,9,ฤดูฝน,NHK06,หนองหาร (Lake),บ้านแป้น,7.67,31.7,262.0,6.73,1.56,12.2,0.105,0.736,1.196,3732,1496,80.9,A (ดีมาก)
2745,2025-07-16,2568,7,ฤดูฝน,BNH07,ลำห้วย (Tributary),งิ้วด่อน,7.26,32.7,324.0,4.7,1.53,12.9,0.537,2.376,1.595,13785,7733,61.9,B (ดี)
2746,2024-08-09,2567,8,ฤดูฝน,BNH05,ลำห้วย (Tributary),ม่วงลาย,7.54,29.7,329.0,5.5,3.74,13.0,0.482,2.296,1.333,29748,12370,67.4,B (ดี)
2747,2025-12-23,2568,12,ฤดูแล้ง,NHK02,หนองหาร (Lake),ธาตุนาเวง,7.18,27.0,238.0,4.14,6.28,36.6,1.15,2.341,1.618,17212,9187,55.9,C (พอใช้)
2748,2025-07-15,2568,7,ฤดูฝน,NHK07,หนองหาร (Lake),บ้านแป้น,7.16,30.4,264.0,7.58,1.4,17.7,0.042,0.843,0.231,2690,1219,89.5,A (ดีมาก)
2749,2024-10-18,2567,10,ฤดูฝน,NHK04,หนองหาร (Lake),เชียงเครือ,7.45,26.2,273.0,5.78,1.23,4.0,0.01,0.893,1.328,3050,1737,76.0,B (ดี)
2750,2024-09-15,2567,9,ฤดูฝน,BNH04,ลำห้วย (Tributary),นาแก้ว,6.73,31.6,347.0,2.71,5.57,24.9,1.346,3.72,2.711,35149,8597,38.4,D (เสื่อมโทรม)
2751,2025-09-27,2568,9,ฤดูฝน,BNH06,ลำห้วย (Tributary),เหล่าปอแดง,7.09,28.5,324.0,5.38,1.84,7.9,0.522,1.931,1.066,2909,1649,69.1,B (ดี)
2752,2024-04-25,2567,4,ฤดูแล้ง,NHK06,หนองหาร (Lake),บ้านแป้น,7.08,30.0,234.0,6.88,1.97,5.5,0.239,0.645,0.341,1401,454,85.4,A (ดีมาก)
2753,2024-01-29,2567,1,ฤดูแล้ง,NHK02,หนองหาร (Lake),ธาตุนาเวง,7.37,25.7,381.0,4.97,5.3,21.5,1.293,1.881,1.492,10638,3100,61.0,B (ดี)
2754,2025-03-23,2568,3,ฤดูแล้ง,BNH03,ลำห้วย (Tributary),ท่าแร่,7.36,27.1,346.0,2.55,8.05,25.1,1.714,3.814,2.596,21308,12427,35.8,D (เสื่อมโทรม)
2755,2025-06-21,2568,6,ฤดูฝน,BNH02,ลำห้วย (Tributary),เชียงเครือ,7.36,31.3,400.0,5.86,2.7,9.5,0.419,3.14,1.472,18597,4219,65.8,B (ดี)
2756,2025-04-04,2568,4,ฤดูแล้ง,BNH05,ลำห้วย (Tributary),ม่วงลาย,7.29,27.7,329.0,4.37,3.4,17.4,0.788,2.341,1.247,21085,8954,60.9,B (ดี)
2757,2024-08-20,2567,8,ฤดูฝน,NHK04,หนองหาร (Lake),เชียงเครือ,7.52,30.1,286.0,6.95,0.46,4.0,0.032,0.757,0.313,2153,1186,86.6,A (ดีมาก)
2758,2025-06-02,2568,6,ฤดูฝน,NHK08,หนองหาร (Lake),นาตงวัฒนา,7.5,30.1,252.0,8.03,2.31,14.3,0.151,0.661,0.167,7839,3273,91.8,A (ดีมาก)
2759,2024-02-16,2567,2,ฤดูแล้ง,NHK10,หนองหาร (Lake),งิ้วด่อน,7.5,24.6,210.0,6.92,0.52,4.1,0.131,0.955,0.421,5032,1929,84.7,A (ดีมาก)
2760,2024-10-05,2567,10,ฤดูฝน,BNH08,ลำห้วย (Tributary),เมืองสกลนคร,7.65,28.0,414.0,3.27,5.98,27.8,1.444,3.922,2.169,124287,54678,42.4,C (พอใช้)
2761,2025-07-16,2568,7,ฤดูฝน,NHK04,หนองหาร (Lake),เชียงเครือ,6.93,31.2,238.0,7.55,0.3,12.5,0.056,0.777,0.198,4214,2526,89.7,A (ดีมาก)
2762,2025-05-22,2568,5,ฤดูแล้ง,BNH02,ลำห้วย (Tributary),เชียงเครือ,6.94,30.2,309.0,5.65,3.41,11.9,0.746,2.133,2.152,34399,7251,63.0,B (ดี)
2763,2025-02-04,2568,2,ฤดูแล้ง,BNH08,ลำห้วย (Tributary),เมืองสกลนคร,7.03,25.3,438.0,2.6,8.66,26.9,1.624,3.135,2.188,29009,11558,40.9,C (พอใช้)
2764,2025-01-27,2568,1,ฤดูแล้ง,BNH01,ลำห้วย (Tributary),ธาตุนาเวง,7.07,26.3,380.0,3.75,7.38,37.2,1.539,3.21,2.638,135858,34074,44.0,C (พอใช้)
2765,2024-09-12,2567,9,ฤดูฝน,NHK01,หนองหาร (Lake),เมืองสกลนคร,6.43,30.5,257.0,7.93,1.79,8.4,0.031,0.861,0.164,1813,493,91.4,A (ดีมาก)
2766,2024-09-05,2567,9,ฤดูฝน,NHK06,หนองหาร (Lake),บ้านแป้น,7.03,31.1,275.0,7.18,0.3,4.0,0.01,0.671,0.533,3874,1807,87.0,A (ดีมาก)
2767,2024-04-10,2567,4,ฤดูแล้ง,NHK05,หนองหาร (Lake),ท่าแร่,7.07,27.5,319.0,6.25,2.0,12.4,0.166,0.709,0.248,2562,557,83.2,A (ดีมาก)
2768,2024-05-21,2567,5,ฤดูแล้ง,NHK09,หนองหาร (Lake),เหล่าปอแดง,7.04,29.6,250.0,6.56,1.24,4.0,0.292,0.623,0.375,2571,1047,83.5,A (ดีมาก)
2769,2025-05-06,2568,5,ฤดูแล้ง,BNH02,ลำห้วย (Tributary),เชียงเครือ,7.26,28.2,383.0,5.02,4.33,22.0,0.752,2.061,2.356,6599,1564,59.4,C (พอใช้)
2770,2025-11-15,2568,11,ฤดูแล้ง,NHK10,หนองหาร (Lake),งิ้วด่อน,6.61,26.3,233.0,6.89,0.83,4.0,0.125,1.166,0.203,7785,3117,85.0,A (ดีมาก)
2771,2025-10-05,2568,10,ฤดูฝน,BNH06,ลำห้วย (Tributary),เหล่าปอแดง,6.97,27.3,358.0,5.65,3.92,17.6,0.433,2.033,1.246,30822,17918,69.6,B (ดี)
2772,2024-02-03,2567,2,ฤดูแล้ง,NHK08,หนองหาร (Lake),นาตงวัฒนา,7.1,25.5,227.0,6.89,1.74,4.0,0.375,0.922,0.302,3969,1580,83.9,A (ดีมาก)
2773,2025-06-25,2568,6,ฤดูฝน,NHK03,หนองหาร (Lake),ฮางโฮง,7.69,29.0,217.0,7.8,0.94,6.1,0.097,0.939,0.514,7253,3030,88.4,A (ดีมาก)
2774,2024-02-04,2567,2,ฤดูแล้ง,NHK02,หนองหาร (Lake),ธาตุนาเวง,7.13,24.7,230.0,4.94,5.07,16.0,1.016,2.808,1.377,11208,2930,59.9,C (พอใช้)
2775,2024-01-18,2567,1,ฤดูแล้ง,BNH02,ลำห้วย (Tributary),เชียงเครือ,7.1,23.9,300.0,5.47,4.75,26.1,0.621,2.427,1.216,11952,7152,66.6,B (ดี)
2776,2025-06-18,2568,6,ฤดูฝน,NHK08,หนองหาร (Lake),นาตงวัฒนา,7.32,29.9,248.0,6.75,1.01,17.6,0.01,1.048,0.274,4292,1118,85.1,A (ดีมาก)
2777,2025-08-27,2568,8,ฤดูฝน,NHK08,หนองหาร (Lake),นาตงวัฒนา,7.27,30.1,221.0,7.76,0.3,4.0,0.359,0.655,0.491,1322,445,87.8,A (ดีมาก)
2778,2025-12-02,2568,12,ฤดูแล้ง,NHK06,หนองหาร (Lake),บ้านแป้น,7.21,25.2,212.0,6.52,1.73,5.2,0.235,1.298,1.143,1133,330,77.6,B (ดี)
2779,2024-09-07,2567,9,ฤดูฝน,BNH06,ลำห้วย (Tributary),เหล่าปอแดง,7.11,27.6,353.0,5.64,1.36,6.2,0.461,2.389,1.182,6320,2893,68.6,B (ดี)
2780,2024-11-17,2567,11,ฤดูแล้ง,NHK01,หนองหาร (Lake),เมืองสกลนคร,6.94,25.6,299.0,6.5,2.02,4.7,0.234,1.265,0.209,6398,1999,82.3,A (ดีมาก)
2781,2025-07-11,2568,7,ฤดูฝน,NHK05,หนองหาร (Lake),ท่าแร่,7.24,34.2,253.0,8.35,0.3,11.7,0.018,0.632,0.436,2175,961,92.7,A (ดีมาก)
2782,2025-07-09,2568,7,ฤดูฝน,NHK02,หนองหาร (Lake),ธาตุนาเวง,7.0,31.7,310.0,5.35,4.16,18.2,0.811,1.85,1.305,26107,10733,66.4,B (ดี)
2783,2024-10-25,2567,10,ฤดูฝน,BNH01,ลำห้วย (Tributary),ธาตุนาเวง,6.33,28.2,346.0,4.46,5.68,22.9,1.484,3.226,2.677,28594,15832,47.2,C (พอใช้)
2784,2024-05-20,2567,5,ฤดูแล้ง,BNH05,ลำห้วย (Tributary),ม่วงลาย,7.01,31.3,325.0,5.19,3.18,22.3,0.602,2.008,1.35,33197,9279,66.2,B (ดี)
2785,2025-07-23,2568,7,ฤดูฝน,NHK08,หนองหาร (Lake),นาตงวัฒนา,7.54,31.7,178.0,8.34,1.02,11.0,0.05,2.093,0.723,1458,594,86.2,A (ดีมาก)
2786,2025-05-23,2568,5,ฤดูแล้ง,BNH08,ลำห้วย (Tributary),เมืองสกลนคร,6.99,29.7,452.0,3.54,5.5,18.6,1.546,3.22,3.113,119605,37349,40.6,C (พอใช้)
2787,2025-11-28,2568,11,ฤดูแล้ง,NHK01,หนองหาร (Lake),เมืองสกลนคร,7.11,29.2,248.0,7.49,1.38,4.0,0.108,1.582,0.653,8271,4763,84.1,A (ดีมาก)
2788,2024-07-09,2567,7,ฤดูฝน,NHK02,หนองหาร (Lake),ธาตุนาเวง,6.22,32.7,225.0,5.67,2.66,6.6,0.949,1.956,2.116,9338,1964,62.7,B (ดี)
2789,2024-04-10,2567,4,ฤดูแล้ง,BNH01,ลำห้วย (Tributary),ธาตุนาเวง,7.01,27.5,403.0,2.7,6.76,42.9,1.615,3.265,2.211,31169,13404,40.8,C (พอใช้)
2790,2025-06-20,2568,6,ฤดูฝน,BNH07,ลำห้วย (Tributary),งิ้วด่อน,8.33,31.0,353.0,6.17,3.78,20.1,0.433,2.527,1.274,11087,5557,70.2,B (ดี)
2791,2025-12-19,2568,12,ฤดูแล้ง,NHK02,หนองหาร (Lake),ธาตุนาเวง,7.44,25.6,252.0,4.38,4.91,19.6,1.132,1.831,1.282,6857,2956,60.5,B (ดี)
2792,2025-07-28,2568,7,ฤดูฝน,NHK08,หนองหาร (Lake),นาตงวัฒนา,7.51,31.9,256.0,7.18,1.97,6.6,0.01,1.096,0.199,951,412,87.2,A (ดีมาก)
2793,2024-08-05,2567,8,ฤดูฝน,BNH07,ลำห้วย (Tributary),งิ้วด่อน,6.56,27.0,349.0,5.84,3.91,11.9,0.455,2.655,1.295,51901,29783,68.0,B (ดี)
2794,2025-12-14,2568,12,ฤดูแล้ง,BNH07,ลำห้วย (Tributary),งิ้วด่อน,7.4,24.8,324.0,5.0,3.74,26.2,0.768,2.763,1.247,13711,7469,62.4,B (ดี)
2795,2025-09-15,2568,9,ฤดูฝน,BNH01,ลำห้วย (Tributary),ธาตุนาเวง,7.05,29.6,359.0,3.78,4.67,13.7,1.348,3.563,2.185,212884,70069,46.3,C (พอใช้)
2796,2025-08-22,2568,8,ฤดูฝน,BNH06,ลำห้วย (Tributary),เหล่าปอแดง,7.21,30.4,309.0,5.14,3.09,4.0,0.528,1.933,1.253,15553,7875,67.1,B (ดี)
2797,2025-10-25,2568,10,ฤดูฝน,NHK02,หนองหาร (Lake),ธาตุนาเวง,6.51,27.3,309.0,5.18,2.88,8.4,0.945,2.156,1.266,133461,75930,64.1,B (ดี)
2798,2025-03-24,2568,3,ฤดูแล้ง,NHK03,หนองหาร (Lake),ฮางโฮง,6.35,25.2,201.0,6.31,1.93,4.0,0.151,1.117,0.22,8772,1868,82.4,A (ดีมาก)
2799,2024-08-19,2567,8,ฤดูฝน,NHK09,หนองหาร (Lake),เหล่าปอแดง,7.96,29.8,201.0,7.15,0.32,4.0,0.01,1.367,0.259,1481,618,85.8,A (ดีมาก)
2800,2024-05-18,2567,5,ฤดูแล้ง,BNH05,ลำห้วย (Tributary),ม่วงลาย,7.43,31.3,287.0,5.86,2.6,18.2,0.757,1.977,1.235,2700,606,69.0,B (ดี)
2801,2024-03-15,2567,3,ฤดูแล้ง,NHK09,หนองหาร (Lake),เหล่าปอแดง,7.24,26.1,190.0,7.19,2.89,8.3,0.213,2.213,0.539,12142,6588,80.6,A (ดีมาก)
2802,2024-04-03,2567,4,ฤดูแล้ง,BNH01,ลำห้วย (Tributary),ธาตุนาเวง,7.31,28.0,328.0,2.73,7.65,26.2,1.528,3.593,3.087,22709,4595,36.0,D (เสื่อมโทรม)
2803,2024-09-23,2567,9,ฤดูฝน,NHK05,หนองหาร (Lake),ท่าแร่,7.39,29.5,203.0,8.03,0.95,7.8,0.085,0.78,0.181,7758,1742,91.7,A (ดีมาก)
2804,2025-10-08,2568,10,ฤดูฝน,NHK09,หนองหาร (Lake),เหล่าปอแดง,7.16,25.1,269.0,7.05,2.48,4.0,0.079,1.113,0.524,1432,411,84.5,A (ดีมาก)
2805,2024-11-13,2567,11,ฤดูแล้ง,NHK04,หนองหาร (Lake),เชียงเครือ,7.57,24.7,222.0,7.38,2.98,7.9,0.359,0.711,0.39,6844,3262,86.4,A (ดีมาก)
2806,2025-10-19,2568,10,ฤดูฝน,NHK02,หนองหาร (Lake),ธาตุนาเวง,7.71,27.6,288.0,4.16,4.0,18.8,0.806,2.321,1.618,23791,8048,58.1,C (พอใช้)
2807,2025-11-12,2568,11,ฤดูแล้ง,BNH07,ลำห้วย (Tributary),งิ้วด่อน,7.05,27.2,334.0,5.12,3.18,10.3,0.744,2.025,1.125,3977,2180,66.1,B (ดี)
2808,2024-10-17,2567,10,ฤดูฝน,BNH02,ลำห้วย (Tributary),เชียงเครือ,7.33,28.5,317.0,6.08,3.14,16.0,0.444,2.127,1.09,11867,3325,71.9,B (ดี)
2809,2024-10-28,2567,10,ฤดูฝน,NHK10,หนองหาร (Lake),งิ้วด่อน,6.65,27.9,220.0,8.07,0.3,4.0,0.01,2.292,0.246,6640,3055,86.9,A (ดีมาก)
2810,2025-03-02,2568,3,ฤดูแล้ง,BNH08,ลำห้วย (Tributary),เมืองสกลนคร,7.15,28.2,336.0,2.62,6.5,29.4,1.602,3.826,2.308,61524,34695,38.2,D (เสื่อมโทรม)
2811,2025-03-28,2568,3,ฤดูแล้ง,BNH01,ลำห้วย (Tributary),ธาตุนาเวง,7.22,27.9,397.0,4.25,6.82,38.7,1.662,3.226,2.332,17739,6724,47.0,C (พอใช้)
2812,2024-03-04,2567,3,ฤดูแล้ง,BNH08,ลำห้วย (Tributary),เมืองสกลนคร,7.57,26.6,377.0,1.44,5.97,25.1,1.703,3.434,2.368,136995,33718,33.4,D (เสื่อมโทรม)
2813,2024-09-29,2567,9,ฤดูฝน,BNH01,ลำห้วย (Tributary),ธาตุนาเวง,7.05,29.6,434.0,4.06,7.48,28.6,1.557,3.311,2.321,14577,7726,46.5,C (พอใช้)
2814,2025-04-07,2568,4,ฤดูแล้ง,NHK04,หนองหาร (Lake),เชียงเครือ,6.56,27.1,268.0,7.22,2.49,11.0,0.11,1.988,0.209,2228,1249,83.8,A (ดีมาก)
2815,2024-10-10,2567,10,ฤดูฝน,NHK03,หนองหาร (Lake),ฮางโฮง,6.93,29.0,253.0,7.91,0.85,6.7,0.065,0.73,0.281,4218,1174,90.9,A (ดีมาก)
2816,2024-02-17,2567,2,ฤดูแล้ง,NHK01,หนองหาร (Lake),เมืองสกลนคร,7.93,24.6,200.0,7.85,0.3,4.0,0.122,0.664,0.295,7262,4299,90.5,A (ดีมาก)
2817,2024-07-15,2567,7,ฤดูฝน,BNH07,ลำห้วย (Tributary),งิ้วด่อน,6.76,30.1,278.0,5.52,3.74,15.2,0.57,2.195,1.069,11838,5481,68.6,B (ดี)
2818,2024-12-18,2567,12,ฤดูแล้ง,NHK02,หนองหาร (Lake),ธาตุนาเวง,6.76,26.1,294.0,4.76,5.07,18.1,1.273,2.166,1.328,4156,1177,60.0,C (พอใช้)
2819,2024-02-10,2567,2,ฤดูแล้ง,BNH04,ลำห้วย (Tributary),นาแก้ว,7.1,24.2,396.0,2.73,7.88,31.8,1.554,3.368,2.82,14249,4015,37.9,D (เสื่อมโทรม)
2820,2025-07-15,2568,7,ฤดูฝน,NHK07,หนองหาร (Lake),บ้านแป้น,7.97,30.1,194.0,7.88,0.94,13.7,0.255,0.846,0.236,7053,2663,89.6,A (ดีมาก)
2821,2025-11-23,2568,11,ฤดูแล้ง,BNH03,ลำห้วย (Tributary),ท่าแร่,7.09,26.6,391.0,3.83,7.9,39.1,1.595,3.131,2.214,14798,5759,46.4,C (พอใช้)
2822,2025-01-09,2568,1,ฤดูแล้ง,BNH01,ลำห้วย (Tributary),ธาตุนาเวง,7.25,23.8,355.0,2.79,6.08,21.0,1.542,3.273,2.537,41956,18967,40.0,D (เสื่อมโทรม)
2823,2025-07-09,2568,7,ฤดูฝน,BNH03,ลำห้วย (Tributary),ท่าแร่,7.02,33.0,389.0,3.55,5.38,26.0,1.377,3.973,2.273,23792,5299,43.3,C (พอใช้)
2824,2024-03-13,2567,3,ฤดูแล้ง,NHK04,หนองหาร (Lake),เชียงเครือ,7.04,25.7,209.0,6.09,2.18,15.4,0.431,1.101,0.632,6634,3672,77.8,B (ดี)
2825,2024-03-29,2567,3,ฤดูแล้ง,NHK08,หนองหาร (Lake),นาตงวัฒนา,7.1,25.7,185.0,5.43,0.71,4.0,0.18,1.007,0.45,3557,1623,77.5,B (ดี)
2826,2024-09-22,2567,9,ฤดูฝน,BNH05,ลำห้วย (Tributary),ม่วงลาย,7.43,30.4,302.0,5.45,5.02,17.3,0.751,3.323,1.131,18891,11311,63.2,B (ดี)
2827,2025-12-27,2568,12,ฤดูแล้ง,NHK09,หนองหาร (Lake),เหล่าปอแดง,6.95,25.1,268.0,5.59,2.03,8.7,0.284,0.667,0.182,910,254,80.1,A (ดีมาก)
2828,2024-12-09,2567,12,ฤดูแล้ง,BNH05,ลำห้วย (Tributary),ม่วงลาย,7.26,23.9,372.0,5.64,4.64,23.7,0.735,2.308,1.055,17604,7549,67.9,B (ดี)
2829,2025-06-30,2568,6,ฤดูฝน,BNH08,ลำห้วย (Tributary),เมืองสกลนคร,6.44,30.4,346.0,3.25,6.63,30.6,1.399,3.389,2.155,60585,18139,44.4,C (พอใช้)
2830,2025-10-18,2568,10,ฤดูฝน,BNH02,ลำห้วย (Tributary),เชียงเครือ,7.08,27.3,385.0,5.35,3.03,19.8,0.758,2.124,1.763,8725,4452,63.6,B (ดี)
2831,2024-04-07,2567,4,ฤดูแล้ง,NHK09,หนองหาร (Lake),เหล่าปอแดง,6.99,26.6,231.0,6.02,2.14,14.0,0.233,1.099,0.247,3872,840,80.5,A (ดีมาก)
2832,2024-11-10,2567,11,ฤดูแล้ง,BNH04,ลำห้วย (Tributary),นาแก้ว,7.08,26.7,387.0,1.88,5.87,22.8,1.65,3.621,2.375,39060,8827,35.0,D (เสื่อมโทรม)
2833,2024-07-28,2567,7,ฤดูฝน,BNH03,ลำห้วย (Tributary),ท่าแร่,6.84,31.0,388.0,3.09,6.09,23.9,1.529,3.316,2.309,41111,12412,42.4,C (พอใช้)
2834,2024-04-14,2567,4,ฤดูแล้ง,NHK09,หนองหาร (Lake),เหล่าปอแดง,7.29,29.1,259.0,6.79,0.3,4.0,0.121,0.658,0.214,4147,2155,86.2,A (ดีมาก)
2835,2024-11-25,2567,11,ฤดูแล้ง,NHK01,หนองหาร (Lake),เมืองสกลนคร,7.51,26.5,243.0,5.56,0.3,4.0,0.189,0.711,0.602,2697,912,78.2,B (ดี)
2836,2025-09-20,2568,9,ฤดูฝน,BNH03,ลำห้วย (Tributary),ท่าแร่,6.97,29.8,409.0,2.78,5.46,27.6,1.626,3.405,2.879,58143,17284,37.3,D (เสื่อมโทรม)
2837,2024-06-17,2567,6,ฤดูฝน,BNH01,ลำห้วย (Tributary),ธาตุนาเวง,6.59,31.2,390.0,4.26,6.22,27.7,1.611,3.496,2.536,25213,8937,45.4,C (พอใช้)
2838,2025-10-22,2568,10,ฤดูฝน,BNH03,ลำห้วย (Tributary),ท่าแร่,7.2,25.8,459.0,3.77,6.07,26.9,1.361,3.109,2.486,26444,9753,46.2,C (พอใช้)
2839,2024-09-11,2567,9,ฤดูฝน,BNH07,ลำห้วย (Tributary),งิ้วด่อน,7.15,30.1,327.0,6.0,3.05,18.6,0.514,2.562,1.679,23187,6601,66.8,B (ดี)
2840,2025-08-20,2568,8,ฤดูฝน,NHK07,หนองหาร (Lake),บ้านแป้น,6.77,30.5,244.0,8.14,0.3,4.1,0.01,0.715,0.459,2084,735,91.5,A (ดีมาก)
2841,2024-10-09,2567,10,ฤดูฝน,BNH02,ลำห้วย (Tributary),เชียงเครือ,7.27,30.0,274.0,6.33,3.25,5.8,0.695,2.166,1.708,19255,3972,68.4,B (ดี)
2842,2025-01-13,2568,1,ฤดูแล้ง,BNH07,ลำห้วย (Tributary),งิ้วด่อน,7.74,26.5,338.0,6.31,2.49,15.4,0.841,2.115,1.124,32601,18912,70.6,B (ดี)
2843,2024-08-12,2567,8,ฤดูฝน,BNH02,ลำห้วย (Tributary),เชียงเครือ,7.49,32.4,292.0,5.66,5.13,21.5,0.501,2.135,1.486,4265,1466,67.7,B (ดี)
2844,2024-08-01,2567,8,ฤดูฝน,NHK03,หนองหาร (Lake),ฮางโฮง,7.16,30.4,138.0,6.38,0.74,4.4,0.01,0.631,0.253,3188,1628,84.9,A (ดีมาก)
2845,2024-05-06,2567,5,ฤดูแล้ง,NHK01,หนองหาร (Lake),เมืองสกลนคร,7.88,30.1,281.0,7.93,1.84,11.3,0.379,0.89,0.328,954,323,88.5,A (ดีมาก)
2846,2024-03-23,2567,3,ฤดูแล้ง,BNH02,ลำห้วย (Tributary),เชียงเครือ,7.71,28.2,318.0,3.74,2.43,4.0,0.641,1.967,1.191,15845,5606,60.5,B (ดี)
2847,2024-02-10,2567,2,ฤดูแล้ง,NHK05,หนองหาร (Lake),ท่าแร่,7.12,24.6,290.0,5.72,3.3,13.0,0.398,0.659,0.289,2634,614,79.5,B (ดี)
2848,2025-08-16,2568,8,ฤดูฝน,BNH04,ลำห้วย (Tributary),นาแก้ว,6.83,31.4,345.0,3.18,4.86,12.4,1.69,3.286,2.367,28348,9556,41.7,C (พอใช้)
2849,2025-06-22,2568,6,ฤดูฝน,BNH03,ลำห้วย (Tributary),ท่าแร่,7.45,30.9,295.0,3.39,6.87,24.4,1.31,3.543,2.317,105933,29498,44.2,C (พอใช้)
2850,2024-04-20,2567,4,ฤดูแล้ง,BNH05,ลำห้วย (Tributary),ม่วงลาย,6.96,26.4,243.0,4.63,3.88,13.4,0.606,2.421,1.594,6929,3999,61.1,B (ดี)
2851,2024-07-15,2567,7,ฤดูฝน,BNH01,ลำห้วย (Tributary),ธาตุนาเวง,7.02,29.5,386.0,5.06,6.87,18.7,1.448,3.317,2.41,20413,12087,51.1,C (พอใช้)
2852,2025-07-09,2568,7,ฤดูฝน,NHK05,หนองหาร (Lake),ท่าแร่,6.85,30.8,268.0,7.63,0.6,7.2,0.012,0.651,0.224,2748,630,90.6,A (ดีมาก)
2853,2025-09-15,2568,9,ฤดูฝน,BNH02,ลำห้วย (Tributary),เชียงเครือ,7.01,28.4,328.0,6.1,2.87,4.6,0.407,1.967,1.155,21877,11802,72.5,B (ดี)
2854,2025-01-28,2568,1,ฤดูแล้ง,BNH03,ลำห้วย (Tributary),ท่าแร่,6.95,27.4,393.0,2.35,6.13,19.3,1.576,3.361,2.57,58489,33859,37.4,D (เสื่อมโทรม)
2855,2024-04-02,2567,4,ฤดูแล้ง,BNH02,ลำห้วย (Tributary),เชียงเครือ,7.1,27.4,338.0,6.61,2.58,5.3,0.656,2.551,1.071,23414,7530,71.8,B (ดี)
2856,2025-07-26,2568,7,ฤดูฝน,BNH03,ลำห้วย (Tributary),ท่าแร่,7.09,31.3,346.0,3.7,5.78,17.0,1.586,3.597,2.673,28662,6648,42.0,C (พอใช้)
2857,2024-06-26,2567,6,ฤดูฝน,NHK03,หนองหาร (Lake),ฮางโฮง,6.98,32.3,161.0,9.22,0.3,9.9,0.19,0.765,0.333,2378,1270,95.7,A (ดีมาก)
2858,2025-12-29,2568,12,ฤดูแล้ง,BNH07,ลำห้วย (Tributary),งิ้วด่อน,7.75,24.2,291.0,5.39,2.54,9.0,0.606,2.425,1.103,8771,2807,66.9,B (ดี)
2859,2024-08-23,2567,8,ฤดูฝน,NHK04,หนองหาร (Lake),เชียงเครือ,7.26,31.7,228.0,7.1,1.28,8.0,0.01,1.342,0.331,2245,1161,85.4,A (ดีมาก)
2860,2024-10-30,2567,10,ฤดูฝน,BNH05,ลำห้วย (Tributary),ม่วงลาย,7.27,27.9,331.0,5.11,2.62,11.6,0.404,2.201,1.054,3822,1388,67.8,B (ดี)
2861,2024-07-10,2567,7,ฤดูฝน,BNH08,ลำห้วย (Tributary),เมืองสกลนคร,7.64,30.0,394.0,3.77,4.39,11.0,1.343,3.209,3.327,103802,51933,41.8,C (พอใช้)
2862,2024-05-21,2567,5,ฤดูแล้ง,NHK10,หนองหาร (Lake),งิ้วด่อน,7.49,27.9,246.0,6.92,1.96,6.6,0.144,2.173,0.884,12882,3956,78.3,B (ดี)
2863,2025-11-03,2568,11,ฤดูแล้ง,NHK09,หนองหาร (Lake),เหล่าปอแดง,7.1,27.6,259.0,7.18,1.23,4.0,0.422,0.93,0.501,1132,336,83.9,A (ดีมาก)
2864,2025-02-26,2568,2,ฤดูแล้ง,NHK07,หนองหาร (Lake),บ้านแป้น,6.97,23.8,224.0,7.5,2.12,19.0,0.195,1.975,0.467,4176,1445,83.3,A (ดีมาก)
2865,2025-06-30,2568,6,ฤดูฝน,BNH02,ลำห้วย (Tributary),เชียงเครือ,7.69,32.1,360.0,5.71,2.86,14.0,0.531,2.503,1.099,17266,4938,68.5,B (ดี)
2866,2024-01-16,2567,1,ฤดูแล้ง,NHK06,หนองหาร (Lake),บ้านแป้น,6.97,24.8,236.0,6.78,0.37,4.0,0.514,0.867,0.416,6081,2055,82.2,A (ดีมาก)
2867,2024-04-01,2567,4,ฤดูแล้ง,NHK05,หนองหาร (Lake),ท่าแร่,7.38,26.1,328.0,6.66,0.3,4.0,0.113,0.923,0.402,8119,1667,83.9,A (ดีมาก)
2868,2024-03-12,2567,3,ฤดูแล้ง,NHK03,หนองหาร (Lake),ฮางโฮง,7.33,27.1,281.0,7.11,2.1,7.9,0.167,0.87,0.369,1304,500,85.9,A (ดีมาก)
2869,2024-05-09,2567,5,ฤดูแล้ง,BNH08,ลำห้วย (Tributary),เมืองสกลนคร,5.91,31.1,378.0,2.69,6.3,24.6,1.754,3.344,2.237,24640,6718,39.6,D (เสื่อมโทรม)
2870,2024-03-24,2567,3,ฤดูแล้ง,BNH02,ลำห้วย (Tributary),เชียงเครือ,6.83,27.4,239.0,5.5,3.06,7.5,0.833,1.953,1.078,23545,11701,67.8,B (ดี)
2871,2025-07-13,2568,7,ฤดูฝน,BNH07,ลำห้วย (Tributary),งิ้วด่อน,6.92,31.3,327.0,6.44,3.89,12.4,0.457,2.072,1.252,8585,1871,72.9,B (ดี)
2872,2025-10-26,2568,10,ฤดูฝน,BNH02,ลำห้วย (Tributary),เชียงเครือ,6.79,29.7,300.0,5.73,2.92,16.6,0.537,2.094,1.502,12884,4544,67.9,B (ดี)
2873,2025-10-17,2568,10,ฤดูฝน,BNH06,ลำห้วย (Tributary),เหล่าปอแดง,6.9,27.0,409.0,6.12,3.07,23.9,0.412,1.949,1.404,5699,1706,71.3,B (ดี)
2874,2025-10-14,2568,10,ฤดูฝน,BNH02,ลำห้วย (Tributary),เชียงเครือ,7.38,28.1,360.0,5.78,4.71,22.0,0.495,2.192,1.928,15145,5995,65.9,B (ดี)
2875,2024-01-26,2567,1,ฤดูแล้ง,BNH07,ลำห้วย (Tributary),งิ้วด่อน,6.82,24.2,330.0,5.92,4.29,17.7,0.757,1.963,1.101,28397,16677,69.9,B (ดี)
2876,2024-06-25,2567,6,ฤดูฝน,NHK06,หนองหาร (Lake),บ้านแป้น,6.92,31.1,268.0,8.18,0.81,4.0,0.442,0.901,0.243,3202,1189,89.6,A (ดีมาก)
2877,2024-07-04,2567,7,ฤดูฝน,NHK09,หนองหาร (Lake),เหล่าปอแดง,6.86,28.5,288.0,7.71,1.46,8.0,0.01,1.548,0.243,4386,1132,87.8,A (ดีมาก)
2878,2025-03-29,2568,3,ฤดูแล้ง,NHK05,หนองหาร (Lake),ท่าแร่,7.42,27.6,214.0,5.75,2.18,8.8,0.129,0.92,0.287,8772,2589,80.3,A (ดีมาก)
2879,2025-05-24,2568,5,ฤดูแล้ง,BNH07,ลำห้วย (Tributary),งิ้วด่อน,7.77,28.4,307.0,5.12,4.75,26.9,0.899,1.974,1.39,13347,3965,64.1,B (ดี)
2880,2024-02-17,2567,2,ฤดูแล้ง,NHK03,หนองหาร (Lake),ฮางโฮง,7.14,26.0,268.0,6.6,1.07,17.0,0.194,1.003,0.345,17038,5737,83.2,A (ดีมาก)
2881,2024-12-28,2567,12,ฤดูแล้ง,NHK04,หนองหาร (Lake),เชียงเครือ,7.8,25.9,280.0,6.76,1.27,9.1,0.235,0.618,0.389,1852,669,84.7,A (ดีมาก)
2882,2025-07-07,2568,7,ฤดูฝน,NHK06,หนองหาร (Lake),บ้านแป้น,6.83,30.2,241.0,8.4,2.1,7.6,0.01,1.235,0.177,6273,1969,92.3,A (ดีมาก)
2883,2025-08-07,2568,8,ฤดูฝน,BNH03,ลำห้วย (Tributary),ท่าแร่,7.75,31.4,331.0,4.56,5.87,35.3,1.481,3.109,2.391,31439,17121,49.5,C (พอใช้)
2884,2025-03-09,2568,3,ฤดูแล้ง,NHK01,หนองหาร (Lake),เมืองสกลนคร,7.36,24.2,187.0,5.57,1.61,12.3,0.258,0.637,0.183,2488,1025,80.2,A (ดีมาก)
2885,2025-12-01,2568,12,ฤดูแล้ง,NHK01,หนองหาร (Lake),เมืองสกลนคร,7.06,26.4,174.0,7.6,1.49,15.6,0.241,1.569,0.177,1809,659,86.3,A (ดีมาก)
2886,2024-12-23,2567,12,ฤดูแล้ง,BNH04,ลำห้วย (Tributary),นาแก้ว,7.17,26.0,436.0,3.29,8.71,31.6,1.587,3.169,2.517,56024,13915,42.4,C (พอใช้)
2887,2024-12-03,2567,12,ฤดูแล้ง,NHK05,หนองหาร (Lake),ท่าแร่,7.26,24.2,203.0,6.59,1.89,14.1,0.176,0.642,0.669,2126,1149,82.8,A (ดีมาก)
2888,2024-02-02,2567,2,ฤดูแล้ง,NHK07,หนองหาร (Lake),บ้านแป้น,6.86,26.4,230.0,7.17,2.41,12.9,0.252,0.711,0.536,9355,4046,85.4,A (ดีมาก)
2889,2024-09-20,2567,9,ฤดูฝน,NHK08,หนองหาร (Lake),นาตงวัฒนา,6.88,30.8,261.0,8.61,1.58,20.0,0.01,0.811,0.314,2056,586,94.0,A (ดีมาก)
2890,2025-03-09,2568,3,ฤดูแล้ง,BNH03,ลำห้วย (Tributary),ท่าแร่,6.93,26.4,339.0,2.49,7.67,36.1,1.529,3.243,2.186,20780,8352,40.6,C (พอใช้)
2891,2024-11-24,2567,11,ฤดูแล้ง,NHK07,หนองหาร (Lake),บ้านแป้น,6.8,28.4,205.0,6.12,0.86,4.0,0.242,1.179,0.437,2622,1436,79.7,B (ดี)
2892,2025-11-01,2568,11,ฤดูแล้ง,BNH01,ลำห้วย (Tributary),ธาตุนาเวง,6.94,26.0,308.0,2.12,6.27,16.5,1.527,3.175,2.841,55882,29478,35.9,D (เสื่อมโทรม)
2893,2025-05-03,2568,5,ฤดูแล้ง,NHK01,หนองหาร (Lake),เมืองสกลนคร,6.58,29.1,233.0,6.7,0.3,15.8,0.26,0.929,1.532,8588,2674,77.5,B (ดี)
2894,2025-02-15,2568,2,ฤดูแล้ง,BNH06,ลำห้วย (Tributary),เหล่าปอแดง,7.5,26.1,292.0,5.29,3.24,17.4,0.625,1.949,1.247,22903,9608,67.2,B (ดี)
2895,2025-12-21,2568,12,ฤดูแล้ง,NHK09,หนองหาร (Lake),เหล่าปอแดง,7.07,27.4,326.0,6.26,1.28,12.2,0.211,1.225,0.449,3875,2300,80.3,A (ดีมาก)
2896,2025-04-04,2568,4,ฤดูแล้ง,NHK02,หนองหาร (Lake),ธาตุนาเวง,7.25,29.8,321.0,4.23,5.49,29.9,1.239,1.803,1.595,25488,13329,57.8,C (พอใช้)
2897,2025-03-22,2568,3,ฤดูแล้ง,BNH05,ลำห้วย (Tributary),ม่วงลาย,7.11,24.3,231.0,5.02,4.97,18.5,0.815,3.77,1.153,4677,1405,59.3,C (พอใช้)
2898,2025-02-18,2568,2,ฤดูแล้ง,NHK02,หนองหาร (Lake),ธาตุนาเวง,6.96,26.5,253.0,4.02,4.63,24.1,1.13,2.144,1.802,5037,1727,55.3,C (พอใช้)
2899,2025-04-06,2568,4,ฤดูแล้ง,BNH08,ลำห้วย (Tributary),เมืองสกลนคร,6.99,28.4,363.0,2.25,7.48,39.5,1.632,3.112,2.354,15643,6268,38.5,D (เสื่อมโทรม)
2900,2024-04-08,2567,4,ฤดูแล้ง,NHK02,หนองหาร (Lake),ธาตุนาเวง,7.52,28.9,289.0,5.37,5.61,16.2,1.091,1.926,1.474,8435,2596,63.9,B (ดี)
2901,2024-01-09,2567,1,ฤดูแล้ง,NHK03,หนองหาร (Lake),ฮางโฮง,7.62,25.4,241.0,6.95,1.02,4.0,0.106,1.553,0.153,956,367,84.4,A (ดีมาก)
2902,2024-01-29,2567,1,ฤดูแล้ง,NHK03,หนองหาร (Lake),ฮางโฮง,6.69,26.1,221.0,6.68,1.98,7.9,0.158,0.902,0.41,3211,1891,83.7,A (ดีมาก)
2903,2025-04-07,2568,4,ฤดูแล้ง,BNH04,ลำห้วย (Tributary),นาแก้ว,6.66,27.8,407.0,3.92,5.9,24.2,1.644,3.421,2.412,69715,15442,44.5,C (พอใช้)
2904,2024-01-18,2567,1,ฤดูแล้ง,BNH06,ลำห้วย (Tributary),เหล่าปอแดง,7.26,24.5,227.0,5.03,2.85,18.3,0.865,2.172,1.178,9032,4668,64.3,B (ดี)
2905,2025-03-03,2568,3,ฤดูแล้ง,NHK04,หนองหาร (Lake),เชียงเครือ,7.48,28.2,206.0,7.64,1.02,4.0,0.147,1.79,0.49,1459,467,84.7,A (ดีมาก)
2906,2024-04-02,2567,4,ฤดูแล้ง,NHK01,หนองหาร (Lake),เมืองสกลนคร,7.4,28.1,240.0,6.97,0.79,4.0,0.308,1.24,0.223,12177,4607,84.0,A (ดีมาก)
2907,2024-11-13,2567,11,ฤดูแล้ง,NHK10,หนองหาร (Lake),งิ้วด่อน,7.57,24.9,306.0,6.96,1.46,4.8,0.418,0.709,0.393,3240,1755,84.2,A (ดีมาก)
2908,2024-08-28,2567,8,ฤดูฝน,BNH01,ลำห้วย (Tributary),ธาตุนาเวง,6.74,31.2,349.0,3.87,6.99,24.5,1.812,3.21,2.649,77606,21028,42.9,C (พอใช้)
2909,2025-06-19,2568,6,ฤดูฝน,NHK09,หนองหาร (Lake),เหล่าปอแดง,7.16,31.2,241.0,6.78,2.13,6.7,0.03,1.28,0.579,7058,2048,82.8,A (ดีมาก)
2910,2025-07-04,2568,7,ฤดูฝน,BNH08,ลำห้วย (Tributary),เมืองสกลนคร,6.93,30.1,329.0,5.25,6.77,39.9,1.404,3.621,2.194,41234,21467,52.3,C (พอใช้)
2911,2024-05-21,2567,5,ฤดูแล้ง,NHK01,หนองหาร (Lake),เมืองสกลนคร,7.39,29.7,252.0,6.17,0.87,4.0,0.321,0.636,0.737,8295,3963,79.8,B (ดี)
2912,2024-10-17,2567,10,ฤดูฝน,BNH03,ลำห้วย (Tributary),ท่าแร่,7.42,27.3,447.0,3.23,5.38,29.9,1.329,3.664,2.17,36986,18323,43.7,C (พอใช้)
2913,2025-06-28,2568,6,ฤดูฝน,NHK03,หนองหาร (Lake),ฮางโฮง,7.11,31.6,253.0,8.47,0.3,4.0,0.01,1.313,0.509,6985,2307,90.7,A (ดีมาก)
2914,2025-01-01,2568,1,ฤดูแล้ง,BNH07,ลำห้วย (Tributary),งิ้วด่อน,7.27,24.9,303.0,4.39,2.26,8.1,0.665,1.923,1.098,11551,3052,63.8,B (ดี)
2915,2025-09-11,2568,9,ฤดูฝน,NHK01,หนองหาร (Lake),เมืองสกลนคร,7.15,28.6,238.0,6.27,0.3,4.0,0.044,0.678,0.533,1848,513,82.7,A (ดีมาก)
2916,2025-03-07,2568,3,ฤดูแล้ง,BNH02,ลำห้วย (Tributary),เชียงเครือ,6.51,26.0,320.0,4.97,3.34,10.3,0.715,2.402,1.836,41256,17454,60.8,B (ดี)
2917,2025-01-05,2568,1,ฤดูแล้ง,NHK09,หนองหาร (Lake),เหล่าปอแดง,7.12,26.9,271.0,5.12,1.65,4.6,0.123,1.004,1.384,11006,3918,71.8,B (ดี)
2918,2024-09-14,2567,9,ฤดูฝน,NHK10,หนองหาร (Lake),งิ้วด่อน,7.48,28.7,234.0,7.6,0.45,6.9,0.112,0.786,0.838,4317,1755,86.3,A (ดีมาก)
2919,2025-12-08,2568,12,ฤดูแล้ง,BNH05,ลำห้วย (Tributary),ม่วงลาย,7.12,24.5,311.0,5.49,5.12,20.7,0.717,2.618,1.523,24371,11502,64.0,B (ดี)
2920,2024-12-11,2567,12,ฤดูแล้ง,NHK08,หนองหาร (Lake),นาตงวัฒนา,7.84,24.4,296.0,7.45,2.19,16.2,0.475,0.796,0.283,3515,2050,86.3,A (ดีมาก)
2921,2025-10-05,2568,10,ฤดูฝน,BNH05,ลำห้วย (Tributary),ม่วงลาย,6.94,29.8,285.0,6.97,4.38,29.1,0.558,2.27,1.132,34145,18065,74.6,B (ดี)
2922,2025-12-09,2568,12,ฤดูแล้ง,NHK04,หนองหาร (Lake),เชียงเครือ,6.59,24.5,161.0,6.06,1.52,4.0,0.422,1.721,0.57,8038,2894,75.9,B (ดี)
2923,2024-05-09,2567,5,ฤดูแล้ง,BNH05,ลำห้วย (Tributary),ม่วงลาย,7.24,29.0,285.0,5.54,4.62,21.3,0.602,2.232,1.071,39724,19718,68.4,B (ดี)
2924,2024-05-16,2567,5,ฤดูแล้ง,NHK01,หนองหาร (Lake),เมืองสกลนคร,7.33,30.2,283.0,6.56,2.43,14.3,0.247,0.899,0.264,4284,1666,83.4,A (ดีมาก)
2925,2025-08-09,2568,8,ฤดูฝน,BNH05,ลำห้วย (Tributary),ม่วงลาย,7.46,30.2,303.0,5.75,3.48,19.6,0.414,2.191,1.519,17739,5673,68.3,B (ดี)
2926,2024-04-18,2567,4,ฤดูแล้ง,NHK02,หนองหาร (Lake),ธาตุนาเวง,6.79,28.8,288.0,5.66,4.26,10.5,1.533,1.903,1.371,20835,5291,63.2,B (ดี)
2927,2024-09-29,2567,9,ฤดูฝน,NHK09,หนองหาร (Lake),เหล่าปอแดง,7.37,30.4,166.0,8.45,1.86,6.0,0.01,0.756,0.324,2470,1452,93.4,A (ดีมาก)
2928,2024-07-30,2567,7,ฤดูฝน,NHK05,หนองหาร (Lake),ท่าแร่,7.4,30.7,141.0,7.36,1.22,18.7,0.01,0.882,0.2,5855,2480,88.7,A (ดีมาก)
2929,2025-01-12,2568,1,ฤดูแล้ง,NHK09,หนองหาร (Lake),เหล่าปอแดง,7.02,24.3,248.0,6.81,0.3,8.6,0.129,0.847,0.295,5231,1331,85.2,A (ดีมาก)
2930,2025-01-24,2568,1,ฤดูแล้ง,BNH02,ลำห้วย (Tributary),เชียงเครือ,7.18,24.6,260.0,4.88,3.0,4.0,0.63,2.289,1.103,60993,16404,64.9,B (ดี)
2931,2024-05-11,2567,5,ฤดูแล้ง,NHK04,หนองหาร (Lake),เชียงเครือ,7.49,30.0,255.0,5.65,2.57,4.0,0.126,1.038,0.325,582,151,79.3,B (ดี)
2932,2025-05-23,2568,5,ฤดูแล้ง,NHK10,หนองหาร (Lake),งิ้วด่อน,6.61,31.3,231.0,7.64,0.53,4.0,0.708,1.493,0.443,3858,1077,82.7,A (ดีมาก)
2933,2024-11-02,2567,11,ฤดูแล้ง,BNH08,ลำห้วย (Tributary),เมืองสกลนคร,7.14,27.3,377.0,2.34,6.71,37.1,1.875,3.182,2.336,14123,6375,37.4,D (เสื่อมโทรม)
2934,2024-02-20,2567,2,ฤดูแล้ง,NHK07,หนองหาร (Lake),บ้านแป้น,6.89,26.8,127.0,8.11,0.38,4.0,0.348,1.321,0.164,1320,417,88.8,A (ดีมาก)
2935,2025-02-18,2568,2,ฤดูแล้ง,NHK10,หนองหาร (Lake),งิ้วด่อน,7.69,27.3,275.0,7.07,1.2,17.7,0.526,0.717,0.32,4756,1734,84.4,A (ดีมาก)
2936,2024-03-27,2567,3,ฤดูแล้ง,BNH07,ลำห้วย (Tributary),งิ้วด่อน,7.34,25.4,435.0,5.59,4.45,21.0,0.688,1.91,1.103,15191,5947,69.1,B (ดี)
2937,2025-11-21,2568,11,ฤดูแล้ง,NHK07,หนองหาร (Lake),บ้านแป้น,7.58,24.4,300.0,4.8,1.72,4.4,0.277,0.779,0.554,4419,1157,74.4,B (ดี)
2938,2025-05-27,2568,5,ฤดูแล้ง,NHK08,หนองหาร (Lake),นาตงวัฒนา,6.66,30.4,264.0,7.36,2.09,7.0,0.181,0.611,0.637,4801,2154,86.5,A (ดีมาก)
2939,2024-12-04,2567,12,ฤดูแล้ง,BNH01,ลำห้วย (Tributary),ธาตุนาเวง,6.57,23.7,323.0,3.23,6.75,38.8,1.523,4.875,2.299,17374,9096,37.9,D (เสื่อมโทรม)
2940,2025-09-18,2568,9,ฤดูฝน,NHK10,หนองหาร (Lake),งิ้วด่อน,7.93,29.3,292.0,8.97,0.3,4.0,0.01,1.55,0.255,4935,1188,93.4,A (ดีมาก)
2941,2024-08-10,2567,8,ฤดูฝน,NHK04,หนองหาร (Lake),เชียงเครือ,7.12,29.5,150.0,8.43,0.84,4.0,0.01,1.09,0.302,9461,5414,92.3,A (ดีมาก)
2942,2025-06-11,2568,6,ฤดูฝน,BNH03,ลำห้วย (Tributary),ท่าแร่,7.22,28.1,352.0,3.62,6.88,26.7,1.332,3.571,2.196,24171,11016,45.6,C (พอใช้)
2943,2025-02-04,2568,2,ฤดูแล้ง,NHK07,หนองหาร (Lake),บ้านแป้น,7.06,24.4,200.0,5.44,0.88,5.3,0.114,1.632,0.201,1310,636,77.1,B (ดี)
2944,2024-01-24,2567,1,ฤดูแล้ง,NHK07,หนองหาร (Lake),บ้านแป้น,7.08,26.0,209.0,6.2,1.16,6.7,0.44,0.653,0.214,1186,373,81.8,A (ดีมาก)
2945,2025-03-18,2568,3,ฤดูแล้ง,NHK10,หนองหาร (Lake),งิ้วด่อน,6.7,25.9,231.0,6.97,2.72,4.0,0.103,3.257,0.531,5122,1530,76.9,B (ดี)
2946,2024-12-14,2567,12,ฤดูแล้ง,NHK01,หนองหาร (Lake),เมืองสกลนคร,6.89,24.0,290.0,6.58,1.57,4.0,0.152,1.159,0.176,18327,6531,83.6,A (ดีมาก)
2947,2024-06-16,2567,6,ฤดูฝน,NHK05,หนองหาร (Lake),ท่าแร่,7.36,29.8,179.0,7.27,0.76,4.0,0.012,0.615,0.191,2300,1076,89.3,A (ดีมาก)
2948,2024-06-23,2567,6,ฤดูฝน,NHK03,หนองหาร (Lake),ฮางโฮง,6.83,31.5,251.0,7.87,0.3,4.0,0.01,0.884,0.605,2648,891,88.9,A (ดีมาก)
2949,2025-04-15,2568,4,ฤดูแล้ง,NHK06,หนองหาร (Lake),บ้านแป้น,6.45,28.0,283.0,8.26,1.36,8.2,0.203,0.942,0.164,2097,447,91.6,A (ดีมาก)
2950,2024-03-25,2567,3,ฤดูแล้ง,BNH06,ลำห้วย (Tributary),เหล่าปอแดง,7.37,27.9,342.0,5.43,2.89,18.9,0.864,2.023,1.166,11202,6220,66.6,B (ดี)
2951,2025-03-09,2568,3,ฤดูแล้ง,BNH08,ลำห้วย (Tributary),เมืองสกลนคร,7.35,28.2,331.0,2.21,7.73,23.2,1.537,3.486,2.613,49611,23730,36.4,D (เสื่อมโทรม)
2952,2024-04-08,2567,4,ฤดูแล้ง,NHK06,หนองหาร (Lake),บ้านแป้น,6.62,26.9,247.0,5.94,1.31,8.0,0.231,0.816,0.162,5054,1391,81.6,A (ดีมาก)
2953,2025-03-17,2568,3,ฤดูแล้ง,BNH08,ลำห้วย (Tributary),เมืองสกลนคร,7.27,26.2,408.0,3.7,7.53,23.8,1.503,3.335,2.162,37196,16971,45.9,C (พอใช้)
2954,2025-08-13,2568,8,ฤดูฝน,NHK05,หนองหาร (Lake),ท่าแร่,7.01,32.6,222.0,8.09,0.3,4.0,0.133,0.62,2.009,18284,4372,83.1,A (ดีมาก)
2955,2025-04-24,2568,4,ฤดูแล้ง,NHK04,หนองหาร (Lake),เชียงเครือ,7.44,28.2,204.0,6.83,1.18,7.0,0.137,0.693,0.214,4684,2278,86.2,A (ดีมาก)
2956,2024-08-31,2567,8,ฤดูฝน,NHK04,หนองหาร (Lake),เชียงเครือ,7.35,30.6,207.0,7.77,1.05,5.4,0.129,0.713,0.191,3500,1182,90.5,A (ดีมาก)
2957,2024-06-20,2567,6,ฤดูฝน,BNH07,ลำห้วย (Tributary),งิ้วด่อน,7.53,28.7,308.0,6.59,4.2,27.1,0.427,2.213,1.808,11126,3798,70.4,B (ดี)
2958,2024-04-08,2567,4,ฤดูแล้ง,BNH02,ลำห้วย (Tributary),เชียงเครือ,6.92,27.8,344.0,5.35,5.06,30.8,0.848,2.16,1.33,16303,3806,65.1,B (ดี)
2959,2025-01-05,2568,1,ฤดูแล้ง,NHK09,หนองหาร (Lake),เหล่าปอแดง,7.4,24.9,252.0,6.54,0.77,13.4,0.198,0.683,0.511,4067,1694,83.1,A (ดีมาก)
2960,2024-07-17,2567,7,ฤดูฝน,BNH08,ลำห้วย (Tributary),เมืองสกลนคร,7.52,30.9,402.0,2.54,7.86,24.4,1.514,3.391,2.358,52647,27035,39.6,D (เสื่อมโทรม)
2961,2024-03-18,2567,3,ฤดูแล้ง,BNH06,ลำห้วย (Tributary),เหล่าปอแดง,6.63,24.7,256.0,5.51,4.33,4.0,0.854,2.089,1.172,4457,946,66.8,B (ดี)
2962,2024-07-04,2567,7,ฤดูฝน,NHK05,หนองหาร (Lake),ท่าแร่,7.82,32.2,239.0,6.95,1.27,8.8,0.318,1.276,0.206,2025,1036,83.8,A (ดีมาก)
2963,2025-08-21,2568,8,ฤดูฝน,BNH02,ลำห้วย (Tributary),เชียงเครือ,7.66,30.7,282.0,6.4,4.64,27.1,0.774,2.122,1.743,10549,3514,68.2,B (ดี)
2964,2024-07-04,2567,7,ฤดูฝน,BNH05,ลำห้วย (Tributary),ม่วงลาย,6.74,31.5,360.0,4.55,4.12,10.1,0.826,2.165,1.334,26721,14868,61.6,B (ดี)
2965,2025-06-03,2568,6,ฤดูฝน,NHK10,หนองหาร (Lake),งิ้วด่อน,7.31,30.5,243.0,7.06,0.95,4.0,0.063,0.938,0.227,3342,1667,86.7,A (ดีมาก)
2966,2024-09-06,2567,9,ฤดูฝน,NHK01,หนองหาร (Lake),เมืองสกลนคร,7.47,29.2,237.0,7.05,0.3,4.0,0.14,0.961,0.65,3398,863,84.1,A (ดีมาก)
2967,2025-04-06,2568,4,ฤดูแล้ง,BNH08,ลำห้วย (Tributary),เมืองสกลนคร,7.25,24.3,327.0,3.88,5.44,4.6,1.528,3.326,2.483,47685,19140,45.0,C (พอใช้)
2968,2024-07-03,2567,7,ฤดูฝน,NHK01,หนองหาร (Lake),เมืองสกลนคร,7.07,31.6,278.0,8.62,0.3,7.5,0.01,1.039,0.623,11393,5455,91.7,A (ดีมาก)
2969,2024-02-22,2567,2,ฤดูแล้ง,NHK08,หนองหาร (Lake),นาตงวัฒนา,7.53,24.9,215.0,6.77,1.73,4.0,0.169,0.727,0.258,15877,8705,85.4,A (ดีมาก)
2970,2024-04-22,2567,4,ฤดูแล้ง,BNH01,ลำห้วย (Tributary),ธาตุนาเวง,7.45,27.2,360.0,3.89,6.71,30.5,1.597,4.623,2.434,79618,25751,40.6,C (พอใช้)
2971,2025-04-03,2568,4,ฤดูแล้ง,BNH05,ลำห้วย (Tributary),ม่วงลาย,7.3,29.4,365.0,4.9,4.97,13.4,0.669,2.466,1.168,5162,2931,63.9,B (ดี)
2972,2024-07-06,2567,7,ฤดูฝน,NHK04,หนองหาร (Lake),เชียงเครือ,6.72,31.3,239.0,7.24,2.28,7.4,0.01,0.64,0.295,11161,4328,88.5,A (ดีมาก)
2973,2025-04-04,2568,4,ฤดูแล้ง,NHK05,หนองหาร (Lake),ท่าแร่,7.68,27.3,154.0,6.77,2.94,9.9,0.245,2.078,0.285,2781,700,80.3,A (ดีมาก)
2974,2024-01-26,2567,1,ฤดูแล้ง,BNH05,ลำห้วย (Tributary),ม่วงลาย,7.18,22.6,278.0,6.6,3.87,27.1,0.648,2.252,1.06,17499,4134,72.8,B (ดี)
2975,2025-05-18,2568,5,ฤดูแล้ง,BNH05,ลำห้วย (Tributary),ม่วงลาย,7.33,29.1,340.0,6.09,4.12,10.7,0.679,2.024,1.276,28859,15360,70.1,B (ดี)
2976,2024-12-15,2567,12,ฤดูแล้ง,NHK04,หนองหาร (Lake),เชียงเครือ,7.67,25.8,218.0,5.62,2.73,13.2,0.671,0.853,0.342,2798,1566,76.6,B (ดี)
2977,2025-08-11,2568,8,ฤดูฝน,NHK02,หนองหาร (Lake),ธาตุนาเวง,7.06,32.0,274.0,5.64,3.64,15.8,0.883,2.775,1.596,5449,2906,62.8,B (ดี)
2978,2025-08-10,2568,8,ฤดูฝน,NHK06,หนองหาร (Lake),บ้านแป้น,6.74,28.3,198.0,9.18,0.3,4.0,0.01,0.736,0.662,1793,773,95.0,A (ดีมาก)
2979,2025-03-03,2568,3,ฤดูแล้ง,NHK10,หนองหาร (Lake),งิ้วด่อน,7.44,27.4,231.0,6.98,2.13,7.0,0.18,1.362,0.181,9343,3951,84.6,A (ดีมาก)
2980,2024-10-20,2567,10,ฤดูฝน,NHK01,หนองหาร (Lake),เมืองสกลนคร,7.22,28.7,207.0,8.32,1.51,12.9,0.124,2.276,0.211,2914,1127,87.6,A (ดีมาก)
2981,2024-09-05,2567,9,ฤดูฝน,NHK06,หนองหาร (Lake),บ้านแป้น,6.77,28.5,187.0,7.7,2.24,14.4,0.01,0.722,0.162,2523,1220,90.9,A (ดีมาก)
2982,2025-10-24,2568,10,ฤดูฝน,BNH02,ลำห้วย (Tributary),เชียงเครือ,6.9,27.5,312.0,6.45,2.66,15.8,0.591,2.073,1.166,10571,5479,72.6,B (ดี)
2983,2025-09-17,2568,9,ฤดูฝน,NHK06,หนองหาร (Lake),บ้านแป้น,7.43,30.4,247.0,6.66,0.3,7.4,0.01,1.14,0.163,10971,5456,84.9,A (ดีมาก)
2984,2024-10-27,2567,10,ฤดูฝน,NHK06,หนองหาร (Lake),บ้านแป้น,6.99,28.0,253.0,7.41,2.77,15.4,0.01,1.533,0.169,9643,3655,86.9,A (ดีมาก)
2985,2024-05-13,2567,5,ฤดูแล้ง,NHK03,หนองหาร (Lake),ฮางโฮง,7.01,31.5,207.0,6.73,1.46,5.0,0.186,0.638,0.222,2223,942,85.6,A (ดีมาก)
2986,2024-04-30,2567,4,ฤดูแล้ง,BNH03,ลำห้วย (Tributary),ท่าแร่,6.87,28.1,419.0,3.05,8.05,31.7,1.527,3.795,2.388,68711,27629,40.3,C (พอใช้)
2987,2024-03-15,2567,3,ฤดูแล้ง,NHK05,หนองหาร (Lake),ท่าแร่,7.27,27.1,291.0,6.31,0.3,4.0,0.356,0.65,0.302,8587,3769,82.3,A (ดีมาก)
2988,2025-09-02,2568,9,ฤดูฝน,NHK03,หนองหาร (Lake),ฮางโฮง,7.13,28.5,184.0,8.54,0.3,4.0,0.01,0.943,0.713,3386,1386,91.2,A (ดีมาก)
2989,2025-08-28,2568,8,ฤดูฝน,NHK02,หนองหาร (Lake),ธาตุนาเวง,6.99,29.8,312.0,5.81,3.69,19.8,0.861,2.07,1.773,12952,4696,65.2,B (ดี)
2990,2025-07-29,2568,7,ฤดูฝน,NHK09,หนองหาร (Lake),เหล่าปอแดง,7.22,29.9,201.0,8.03,0.9,4.0,0.016,1.047,0.356,3504,1028,90.3,A (ดีมาก)
2991,2025-11-23,2568,11,ฤดูแล้ง,NHK07,หนองหาร (Lake),บ้านแป้น,6.52,28.1,161.0,6.71,0.3,4.0,0.107,0.876,0.2,5957,1480,85.3,A (ดีมาก)
2992,2024-06-17,2567,6,ฤดูฝน,NHK08,หนองหาร (Lake),นาตงวัฒนา,8.04,30.7,195.0,6.7,0.3,4.0,0.432,1.245,0.601,4864,1957,80.1,A (ดีมาก)
2993,2025-04-16,2568,4,ฤดูแล้ง,NHK01,หนองหาร (Lake),เมืองสกลนคร,7.18,27.8,225.0,6.88,1.58,8.4,0.124,1.266,0.272,1559,421,84.3,A (ดีมาก)
2994,2025-06-27,2568,6,ฤดูฝน,NHK03,หนองหาร (Lake),ฮางโฮง,7.19,32.2,200.0,8.54,0.57,4.0,0.01,0.79,0.171,5355,1533,94.4,A (ดีมาก)
2995,2024-01-08,2567,1,ฤดูแล้ง,BNH06,ลำห้วย (Tributary),เหล่าปอแดง,7.57,26.8,340.0,6.26,3.32,11.5,0.638,2.237,1.057,1584,824,71.4,B (ดี)
2996,2025-08-16,2568,8,ฤดูฝน,NHK01,หนองหาร (Lake),เมืองสกลนคร,7.09,29.2,213.0,7.73,0.81,11.9,0.01,0.896,0.315,1922,913,89.7,A (ดีมาก)
2997,2024-12-15,2567,12,ฤดูแล้ง,NHK03,หนองหาร (Lake),ฮางโฮง,7.94,25.1,216.0,7.79,4.1,22.6,0.296,1.253,0.362,1116,529,86.9,A (ดีมาก)
2998,2024-09-06,2567,9,ฤดูฝน,NHK07,หนองหาร (Lake),บ้านแป้น,7.45,25.9,189.0,7.01,0.75,4.0,0.01,3.105,0.366,2396,1195,78.9,B (ดี)
2999,2024-09-26,2567,9,ฤดูฝน,BNH02,ลำห้วย (Tributary),เชียงเครือ,7.82,29.5,353.0,5.7,3.07,12.3,0.406,4.412,1.062,4376,2461,63.0,B (ดี)
3000,2024-06-01,2567,6,ฤดูฝน,NHK05,หนองหาร (Lake),ท่าแร่,6.95,31.0,200.0,7.36,2.26,14.4,0.01,0.671,1.401,1040,296,83.4,A (ดีมาก)
3001,2025-10-06,2568,10,ฤดูฝน,BNH02,ลำห้วย (Tributary),เชียงเครือ,7.3,26.1,350.0,6.14,3.78,10.2,0.538,2.257,1.217,12600,3846,70.6,B (ดี)
3002,2025-02-08,2568,2,ฤดูแล้ง,BNH05,ลำห้วย (Tributary),ม่วงลาย,7.22,27.1,378.0,3.92,5.31,11.5,0.732,2.096,1.234,38033,22345,60.1,B (ดี)
3003,2024-11-12,2567,11,ฤดูแล้ง,BNH07,ลำห้วย (Tributary),งิ้วด่อน,7.32,27.5,277.0,4.91,2.72,7.3,0.746,1.901,1.075,4465,1254,65.8,B (ดี)
3004,2025-04-08,2568,4,ฤดูแล้ง,NHK05,หนองหาร (Lake),ท่าแร่,7.39,27.7,207.0,6.39,1.64,4.0,0.27,0.967,0.332,4329,1686,82.0,A (ดีมาก)
3005,2024-01-19,2567,1,ฤดูแล้ง,NHK05,หนองหาร (Lake),ท่าแร่,7.07,23.7,261.0,6.33,0.3,9.0,0.761,0.864,0.254,7302,2787,79.7,B (ดี)
3006,2024-03-24,2567,3,ฤดูแล้ง,BNH04,ลำห้วย (Tributary),นาแก้ว,6.26,24.6,293.0,2.82,7.1,27.1,1.505,3.592,2.418,57913,27224,39.8,D (เสื่อมโทรม)
3007,2024-03-28,2567,3,ฤดูแล้ง,NHK04,หนองหาร (Lake),เชียงเครือ,6.83,25.4,190.0,6.79,0.96,4.0,0.136,1.303,0.449,1164,642,82.8,A (ดีมาก)
3008,2024-04-05,2567,4,ฤดูแล้ง,NHK02,หนองหาร (Lake),ธาตุนาเวง,7.33,29.0,208.0,4.01,5.24,26.4,1.055,1.919,1.481,16628,9222,58.0,C (พอใช้)
3009,2025-03-05,2568,3,ฤดูแล้ง,BNH04,ลำห้วย (Tributary),นาแก้ว,6.23,25.4,416.0,3.8,7.05,29.6,1.618,3.447,2.351,39743,15624,44.4,C (พอใช้)
3010,2025-03-19,2568,3,ฤดูแล้ง,NHK08,หนองหาร (Lake),นาตงวัฒนา,7.4,25.6,281.0,7.39,0.42,4.0,0.419,1.803,0.277,5931,1446,83.1,A (ดีมาก)
3011,2024-10-27,2567,10,ฤดูฝน,NHK02,หนองหาร (Lake),ธาตุนาเวง,7.21,27.0,262.0,4.81,4.51,26.7,0.908,2.321,1.575,13233,4316,60.6,B (ดี)
3012,2025-02-28,2568,2,ฤดูแล้ง,BNH05,ลำห้วย (Tributary),ม่วงลาย,6.73,24.2,284.0,3.79,5.49,33.9,0.652,2.174,1.274,6941,2776,59.5,C (พอใช้)
3013,2024-04-19,2567,4,ฤดูแล้ง,BNH01,ลำห้วย (Tributary),ธาตุนาเวง,6.8,28.6,357.0,2.97,6.26,16.0,1.541,3.298,2.317,75983,32414,41.8,C (พอใช้)
3014,2024-09-03,2567,9,ฤดูฝน,NHK04,หนองหาร (Lake),เชียงเครือ,7.43,28.5,200.0,7.59,2.1,17.4,0.01,1.069,1.053,2029,901,84.8,A (ดีมาก)
3015,2025-05-21,2568,5,ฤดูแล้ง,BNH07,ลำห้วย (Tributary),งิ้วด่อน,7.19,29.2,335.0,5.0,4.79,21.5,0.614,2.129,1.251,4593,1959,65.4,B (ดี)
3016,2024-08-13,2567,8,ฤดูฝน,NHK07,หนองหาร (Lake),บ้านแป้น,7.0,29.8,240.0,7.48,1.26,12.1,0.144,0.7,0.538,2508,700,87.4,A (ดีมาก)
3017,2024-03-06,2567,3,ฤดูแล้ง,BNH03,ลำห้วย (Tributary),ท่าแร่,6.91,26.8,426.0,2.4,6.94,24.6,1.531,3.524,2.719,19306,8502,36.6,D (เสื่อมโทรม)
3018,2025-08-30,2568,8,ฤดูฝน,NHK01,หนองหาร (Lake),เมืองสกลนคร,7.07,29.2,195.0,7.92,0.3,4.0,0.01,0.903,0.224,3953,1133,91.0,A (ดีมาก)
3019,2025-05-06,2568,5,ฤดูแล้ง,NHK01,หนองหาร (Lake),เมืองสกลนคร,7.2,29.4,165.0,6.06,1.67,6.4,0.131,0.828,0.293,3472,799,82.0,A (ดีมาก)
3020,2025-05-27,2568,5,ฤดูแล้ง,NHK05,หนองหาร (Lake),ท่าแร่,6.9,30.1,301.0,5.88,0.6,4.0,0.149,0.95,0.24,1309,410,80.9,A (ดีมาก)
3021,2024-12-30,2567,12,ฤดูแล้ง,BNH05,ลำห้วย (Tributary),ม่วงลาย,6.34,26.1,283.0,4.37,4.46,18.3,0.848,2.014,1.188,9230,3232,61.9,B (ดี)
3022,2024-03-05,2567,3,ฤดูแล้ง,BNH01,ลำห้วย (Tributary),ธาตุนาเวง,7.1,26.1,346.0,3.6,7.2,37.1,1.642,3.452,2.246,14836,7832,43.9,C (พอใช้)
3023,2024-11-11,2567,11,ฤดูแล้ง,BNH01,ลำห้วย (Tributary),ธาตุนาเวง,7.29,25.9,357.0,3.31,6.55,41.7,1.705,3.15,2.243,63226,28255,43.3,C (พอใช้)
3024,2024-11-05,2567,11,ฤดูแล้ง,NHK05,หนองหาร (Lake),ท่าแร่,7.52,26.9,272.0,6.05,0.33,4.0,0.512,0.827,0.526,4804,1322,78.6,B (ดี)
3025,2024-11-29,2567,11,ฤดูแล้ง,BNH05,ลำห้วย (Tributary),ม่วงลาย,7.31,27.0,345.0,4.72,2.85,15.8,0.857,1.9,1.138,41787,19995,64.1,B (ดี)
3026,2024-02-25,2567,2,ฤดูแล้ง,BNH08,ลำห้วย (Tributary),เมืองสกลนคร,6.73,23.7,385.0,3.94,6.7,36.1,1.613,3.351,2.424,54225,27329,45.0,C (พอใช้)
3027,2025-01-05,2568,1,ฤดูแล้ง,BNH01,ลำห้วย (Tributary),ธาตุนาเวง,7.65,26.8,321.0,3.11,6.33,23.2,1.502,3.227,2.831,34681,10559,40.3,C (พอใช้)
3028,2025-10-23,2568,10,ฤดูฝน,BNH01,ลำห้วย (Tributary),ธาตุนาเวง,7.41,28.2,360.0,4.65,5.94,25.8,1.639,3.184,2.256,55518,20728,49.4,C (พอใช้)
3029,2025-07-24,2568,7,ฤดูฝน,BNH02,ลำห้วย (Tributary),เชียงเครือ,7.21,30.8,387.0,6.87,3.52,19.7,0.596,2.126,1.831,5706,1938,70.9,B (ดี)
3030,2025-05-01,2568,5,ฤดูแล้ง,BNH03,ลำห้วย (Tributary),ท่าแร่,7.31,29.2,384.0,2.25,5.88,29.1,1.522,3.342,2.618,58017,19022,37.1,D (เสื่อมโทรม)
3031,2024-11-04,2567,11,ฤดูแล้ง,NHK03,หนองหาร (Lake),ฮางโฮง,7.73,25.4,168.0,7.09,1.04,4.0,0.131,1.068,0.51,4204,1515,84.6,A (ดีมาก)
3032,2024-08-04,2567,8,ฤดูฝน,NHK05,หนองหาร (Lake),ท่าแร่,6.95,30.2,358.0,7.67,0.3,4.0,0.026,0.651,0.234,6000,1499,90.6,A (ดีมาก)
3033,2025-04-11,2568,4,ฤดูแล้ง,NHK09,หนองหาร (Lake),เหล่าปอแดง,7.38,27.8,265.0,5.46,1.08,8.3,0.562,0.917,0.65,5239,3069,74.8,B (ดี)
3034,2025-10-31,2568,10,ฤดูฝน,BNH05,ลำห้วย (Tributary),ม่วงลาย,7.2,31.1,288.0,5.67,2.92,12.9,0.662,1.912,1.141,23074,10415,69.3,B (ดี)
3035,2025-10-25,2568,10,ฤดูฝน,NHK09,หนองหาร (Lake),เหล่าปอแดง,7.68,28.3,294.0,7.95,0.3,4.0,0.01,0.715,0.496,3448,1910,90.4,A (ดีมาก)
3036,2024-04-09,2567,4,ฤดูแล้ง,NHK08,หนองหาร (Lake),นาตงวัฒนา,7.05,27.7,206.0,6.3,1.42,4.0,0.135,1.139,0.543,3143,1572,80.7,A (ดีมาก)
3037,2024-07-28,2567,7,ฤดูฝน,NHK01,หนองหาร (Lake),เมืองสกลนคร,7.12,29.8,239.0,7.04,0.3,4.0,0.404,1.077,0.325,3433,1560,83.7,A (ดีมาก)
3038,2024-06-21,2567,6,ฤดูฝน,BNH04,ลำห้วย (Tributary),นาแก้ว,7.18,30.4,379.0,4.43,6.3,24.1,1.616,3.44,2.609,32306,7393,45.9,C (พอใช้)
3039,2024-07-23,2567,7,ฤดูฝน,NHK06,หนองหาร (Lake),บ้านแป้น,7.27,32.8,246.0,8.16,0.75,4.0,0.062,0.99,1.316,3356,1579,86.0,A (ดีมาก)
3040,2024-09-24,2567,9,ฤดูฝน,NHK09,หนองหาร (Lake),เหล่าปอแดง,7.51,29.9,292.0,8.57,0.54,4.0,0.062,0.894,0.351,3978,1155,93.0,A (ดีมาก)
3041,2025-10-08,2568,10,ฤดูฝน,NHK09,หนองหาร (Lake),เหล่าปอแดง,6.81,28.5,211.0,7.39,0.3,4.0,0.01,0.725,0.239,3411,1472,89.2,A (ดีมาก)
3042,2024-02-13,2567,2,ฤดูแล้ง,NHK03,หนองหาร (Lake),ฮางโฮง,6.92,27.3,245.0,6.2,2.5,9.4,0.221,0.694,0.347,1521,824,82.2,A (ดีมาก)
3043,2025-12-25,2568,12,ฤดูแล้ง,BNH07,ลำห้วย (Tributary),งิ้วด่อน,7.09,25.3,330.0,6.71,4.54,26.5,0.603,2.144,1.645,14265,6089,71.0,B (ดี)
3044,2025-09-04,2568,9,ฤดูฝน,NHK02,หนองหาร (Lake),ธาตุนาเวง,6.4,30.3,292.0,5.46,4.2,14.4,0.878,1.951,1.754,6612,3831,64.0,B (ดี)
3045,2025-08-05,2568,8,ฤดูฝน,NHK01,หนองหาร (Lake),เมืองสกลนคร,6.82,29.1,207.0,7.82,0.58,6.4,0.01,0.705,0.906,5237,2117,87.8,A (ดีมาก)
3046,2024-11-03,2567,11,ฤดูแล้ง,BNH03,ลำห้วย (Tributary),ท่าแร่,6.8,28.8,397.0,3.75,7.43,33.4,1.863,3.329,2.17,360584,179815,44.1,C (พอใช้)
3047,2025-11-24,2568,11,ฤดูแล้ง,BNH02,ลำห้วย (Tributary),เชียงเครือ,7.45,25.4,287.0,4.4,4.79,23.4,0.64,2.224,1.199,12036,3206,62.5,B (ดี)
3048,2025-09-17,2568,9,ฤดูฝน,NHK07,หนองหาร (Lake),บ้านแป้น,7.21,27.5,270.0,9.32,1.2,4.0,0.01,0.737,0.384,1223,593,97.0,A (ดีมาก)
3049,2025-05-29,2568,5,ฤดูแล้ง,BNH06,ลำห้วย (Tributary),เหล่าปอแดง,6.77,31.5,292.0,5.59,4.24,28.0,0.618,1.969,1.475,18955,10248,67.4,B (ดี)
3050,2024-07-25,2567,7,ฤดูฝน,NHK10,หนองหาร (Lake),งิ้วด่อน,7.29,31.5,255.0,7.22,0.3,4.0,0.01,0.723,0.246,5720,1159,88.4,A (ดีมาก)
3051,2024-07-01,2567,7,ฤดูฝน,NHK07,หนองหาร (Lake),บ้านแป้น,6.82,30.2,234.0,8.14,0.45,7.8,0.01,1.573,0.516,2152,495,88.3,A (ดีมาก)
3052,2025-12-20,2568,12,ฤดูแล้ง,BNH05,ลำห้วย (Tributary),ม่วงลาย,6.92,24.3,325.0,6.21,4.25,16.7,0.693,1.988,1.261,4476,1051,70.7,B (ดี)
3053,2024-11-24,2567,11,ฤดูแล้ง,BNH05,ลำห้วย (Tributary),ม่วงลาย,7.43,26.7,287.0,5.64,4.1,29.6,0.892,2.497,1.187,22779,5070,65.7,B (ดี)
3054,2024-03-29,2567,3,ฤดูแล้ง,BNH01,ลำห้วย (Tributary),ธาตุนาเวง,7.17,27.6,373.0,2.96,6.1,27.9,1.623,4.12,2.625,86001,32960,37.0,D (เสื่อมโทรม)
3055,2024-09-26,2567,9,ฤดูฝน,NHK05,หนองหาร (Lake),ท่าแร่,7.3,28.4,223.0,5.95,2.9,13.0,0.325,1.277,0.759,2267,881,76.5,B (ดี)
3056,2024-05-26,2567,5,ฤดูแล้ง,BNH04,ลำห้วย (Tributary),นาแก้ว,6.5,29.1,345.0,4.14,6.46,23.6,1.514,4.158,2.411,37538,13723,43.8,C (พอใช้)
3057,2025-05-13,2568,5,ฤดูแล้ง,BNH08,ลำห้วย (Tributary),เมืองสกลนคร,7.08,27.9,346.0,2.19,7.22,36.7,1.936,3.258,2.527,32350,17399,35.2,D (เสื่อมโทรม)
3058,2024-07-04,2567,7,ฤดูฝน,NHK10,หนองหาร (Lake),งิ้วด่อน,6.83,30.5,173.0,7.07,0.67,4.0,0.012,0.792,0.824,7960,4012,84.6,A (ดีมาก)
3059,2024-04-17,2567,4,ฤดูแล้ง,BNH02,ลำห้วย (Tributary),เชียงเครือ,7.17,28.3,393.0,6.52,4.06,9.8,0.755,2.056,1.229,7385,2033,71.7,B (ดี)
3060,2024-12-26,2567,12,ฤดูแล้ง,BNH05,ลำห้วย (Tributary),ม่วงลาย,7.61,27.0,343.0,4.47,5.0,28.5,0.661,2.414,1.103,10215,2710,62.5,B (ดี)
3061,2025-10-30,2568,10,ฤดูฝน,BNH07,ลำห้วย (Tributary),งิ้วด่อน,7.93,27.7,338.0,5.94,3.46,19.5,0.417,1.949,1.451,3420,1785,70.3,B (ดี)
3062,2024-07-16,2567,7,ฤดูฝน,BNH07,ลำห้วย (Tributary),งิ้วด่อน,7.9,33.0,239.0,7.0,3.29,14.6,0.582,2.525,1.316,21857,10268,72.8,B (ดี)
3063,2025-05-16,2568,5,ฤดูแล้ง,BNH04,ลำห้วย (Tributary),นาแก้ว,6.86,30.7,416.0,3.41,7.63,37.2,1.534,3.699,2.169,43460,10258,43.2,C (พอใช้)
3064,2024-03-17,2567,3,ฤดูแล้ง,BNH06,ลำห้วย (Tributary),เหล่าปอแดง,7.51,26.8,302.0,5.86,3.32,13.8,0.94,3.039,1.09,11664,3684,65.1,B (ดี)
3065,2024-05-12,2567,5,ฤดูแล้ง,BNH07,ลำห้วย (Tributary),งิ้วด่อน,7.51,30.7,321.0,5.48,3.46,12.5,0.981,2.861,1.262,22529,7265,62.9,B (ดี)
3066,2025-09-27,2568,9,ฤดูฝน,NHK01,หนองหาร (Lake),เมืองสกลนคร,7.49,30.6,233.0,7.07,0.3,4.0,0.018,1.054,0.555,2594,565,85.0,A (ดีมาก)
3067,2024-07-07,2567,7,ฤดูฝน,BNH06,ลำห้วย (Tributary),เหล่าปอแดง,7.46,30.3,288.0,6.31,4.07,22.8,0.541,1.993,2.209,9656,5072,67.3,B (ดี)
3068,2024-08-24,2567,8,ฤดูฝน,BNH06,ลำห้วย (Tributary),เหล่าปอแดง,6.94,31.8,289.0,5.64,5.28,18.7,0.61,2.141,1.185,9183,5073,68.5,B (ดี)
3069,2025-04-12,2568,4,ฤดูแล้ง,BNH05,ลำห้วย (Tributary),ม่วงลาย,7.57,28.3,316.0,5.08,4.19,24.2,0.632,2.732,1.557,12006,6628,62.1,B (ดี)
3070,2024-01-14,2567,1,ฤดูแล้ง,NHK03,หนองหาร (Lake),ฮางโฮง,6.43,23.9,218.0,7.46,0.3,11.5,0.239,0.687,0.525,1567,631,86.9,A (ดีมาก)
3071,2025-07-31,2568,7,ฤดูฝน,NHK03,หนองหาร (Lake),ฮางโฮง,6.95,30.6,214.0,7.92,0.62,4.0,0.01,0.711,0.178,1246,398,91.9,A (ดีมาก)
3072,2024-12-18,2567,12,ฤดูแล้ง,BNH01,ลำห้วย (Tributary),ธาตุนาเวง,7.18,25.4,398.0,3.55,6.46,24.7,1.508,3.69,2.262,28259,8477,43.6,C (พอใช้)
3073,2024-07-26,2567,7,ฤดูฝน,BNH08,ลำห้วย (Tributary),เมืองสกลนคร,7.11,31.4,383.0,4.47,4.68,23.7,1.52,3.212,2.31,80554,36430,48.9,C (พอใช้)
3074,2024-01-08,2567,1,ฤดูแล้ง,NHK09,หนองหาร (Lake),เหล่าปอแดง,7.56,26.2,198.0,7.17,1.07,5.2,0.194,2.303,0.238,1813,872,81.9,A (ดีมาก)
3075,2024-08-24,2567,8,ฤดูฝน,NHK07,หนองหาร (Lake),บ้านแป้น,6.53,31.1,170.0,7.49,2.08,20.9,0.031,0.607,0.328,10189,5681,89.5,A (ดีมาก)
3076,2025-01-25,2568,1,ฤดูแล้ง,NHK08,หนองหาร (Lake),นาตงวัฒนา,7.12,25.1,255.0,6.96,1.08,6.8,0.259,0.762,0.187,4220,2098,86.0,A (ดีมาก)
3077,2024-04-13,2567,4,ฤดูแล้ง,BNH03,ลำห้วย (Tributary),ท่าแร่,7.06,27.1,395.0,3.45,6.16,36.3,1.59,4.455,2.773,22357,12722,37.5,D (เสื่อมโทรม)
3078,2024-09-02,2567,9,ฤดูฝน,BNH08,ลำห้วย (Tributary),เมืองสกลนคร,6.98,29.5,339.0,2.67,7.56,36.6,1.345,3.269,2.188,40726,16214,42.3,C (พอใช้)
3079,2024-10-09,2567,10,ฤดูฝน,NHK06,หนองหาร (Lake),บ้านแป้น,7.02,27.3,181.0,8.12,0.3,4.0,0.01,0.662,0.279,2784,683,92.4,A (ดีมาก)
3080,2024-09-29,2567,9,ฤดูฝน,BNH07,ลำห้วย (Tributary),งิ้วด่อน,6.96,30.2,300.0,6.35,2.49,14.0,0.44,1.982,1.154,13666,6255,73.3,B (ดี)
3081,2025-04-16,2568,4,ฤดูแล้ง,BNH06,ลำห้วย (Tributary),เหล่าปอแดง,6.81,26.3,289.0,3.71,3.75,15.7,0.625,2.166,1.212,12918,7048,59.6,C (พอใช้)
3082,2025-01-08,2568,1,ฤดูแล้ง,NHK06,หนองหาร (Lake),บ้านแป้น,7.81,22.9,252.0,7.2,0.53,10.0,0.14,1.42,0.675,6862,3587,83.1,A (ดีมาก)
3083,2025-06-01,2568,6,ฤดูฝน,BNH06,ลำห้วย (Tributary),เหล่าปอแดง,7.32,32.0,374.0,5.55,4.23,19.3,0.452,3.12,1.641,4533,2269,63.5,B (ดี)
3084,2025-06-29,2568,6,ฤดูฝน,NHK03,หนองหาร (Lake),ฮางโฮง,6.75,31.2,184.0,8.51,0.53,4.0,0.01,0.77,0.375,10776,5401,93.3,A (ดีมาก)
3085,2025-11-23,2568,11,ฤดูแล้ง,NHK07,หนองหาร (Lake),บ้านแป้น,7.91,28.8,207.0,6.4,2.22,18.0,0.574,0.828,0.23,5787,2522,81.3,A (ดีมาก)
3086,2025-08-01,2568,8,ฤดูฝน,NHK10,หนองหาร (Lake),งิ้วด่อน,7.16,30.0,192.0,8.48,0.48,4.0,0.01,0.61,0.23,2743,617,94.4,A (ดีมาก)
3087,2024-07-05,2567,7,ฤดูฝน,BNH03,ลำห้วย (Tributary),ท่าแร่,6.83,30.1,334.0,3.9,4.76,25.2,1.398,3.419,2.239,45915,24860,46.7,C (พอใช้)
3088,2025-11-05,2568,11,ฤดูแล้ง,BNH06,ลำห้วย (Tributary),เหล่าปอแดง,6.6,26.1,345.0,4.69,4.03,11.8,0.829,2.198,1.479,4413,1928,61.4,B (ดี)
3089,2025-12-26,2568,12,ฤดูแล้ง,BNH04,ลำห้วย (Tributary),นาแก้ว,7.37,23.9,346.0,1.39,6.27,27.1,1.514,3.23,2.154,25712,13950,36.0,D (เสื่อมโทรม)
3090,2024-12-29,2567,12,ฤดูแล้ง,BNH06,ลำห้วย (Tributary),เหล่าปอแดง,7.02,23.8,352.0,4.72,2.41,10.8,0.641,1.933,1.201,14951,4684,64.9,B (ดี)
3091,2024-11-28,2567,11,ฤดูแล้ง,NHK05,หนองหาร (Lake),ท่าแร่,7.3,25.8,145.0,6.36,1.16,7.6,0.171,0.809,0.26,4511,2473,83.3,A (ดีมาก)
3092,2025-08-23,2568,8,ฤดูฝน,BNH05,ลำห้วย (Tributary),ม่วงลาย,7.92,31.9,328.0,5.64,4.77,17.9,0.473,2.292,1.337,28188,14395,68.0,B (ดี)
3093,2024-01-29,2567,1,ฤดูแล้ง,NHK06,หนองหาร (Lake),บ้านแป้น,7.07,25.3,228.0,7.03,1.39,4.0,0.343,0.671,0.183,9374,4591,86.2,A (ดีมาก)
3094,2024-01-24,2567,1,ฤดูแล้ง,BNH01,ลำห้วย (Tributary),ธาตุนาเวง,6.86,24.6,344.0,2.59,6.51,36.7,1.549,3.2,2.486,15262,7741,39.6,D (เสื่อมโทรม)
3095,2025-05-14,2568,5,ฤดูแล้ง,BNH07,ลำห้วย (Tributary),งิ้วด่อน,6.82,29.9,372.0,5.65,4.96,17.2,0.63,2.122,1.254,6586,3501,68.2,B (ดี)
3096,2025-06-16,2568,6,ฤดูฝน,NHK04,หนองหาร (Lake),เชียงเครือ,6.85,31.6,265.0,6.41,1.5,11.8,0.105,2.066,0.633,11424,4418,77.8,B (ดี)
3097,2025-02-23,2568,2,ฤดูแล้ง,NHK02,หนองหาร (Lake),ธาตุนาเวง,7.62,24.1,247.0,4.46,5.64,33.0,1.031,3.017,1.703,33593,16326,55.4,C (พอใช้)
3098,2024-08-13,2567,8,ฤดูฝน,BNH02,ลำห้วย (Tributary),เชียงเครือ,7.06,29.6,344.0,5.03,2.68,17.9,0.679,1.915,1.532,9450,3079,64.4,B (ดี)
3099,2025-02-08,2568,2,ฤดูแล้ง,NHK06,หนองหาร (Lake),บ้านแป้น,7.18,23.4,347.0,6.55,0.71,9.0,0.196,0.731,0.173,833,494,84.7,A (ดีมาก)
3100,2025-09-20,2568,9,ฤดูฝน,BNH08,ลำห้วย (Tributary),เมืองสกลนคร,6.68,30.6,399.0,4.45,5.15,26.1,1.396,3.583,2.288,38078,11631,48.4,C (พอใช้)
3101,2024-10-25,2567,10,ฤดูฝน,NHK06,หนองหาร (Lake),บ้านแป้น,7.67,29.1,261.0,8.92,0.3,4.0,0.01,0.808,0.189,2569,1402,96.0,A (ดีมาก)
3102,2025-11-21,2568,11,ฤดูแล้ง,BNH06,ลำห้วย (Tributary),เหล่าปอแดง,7.06,25.8,281.0,4.95,4.69,21.0,0.8,2.224,1.15,17596,9385,64.3,B (ดี)
3103,2025-09-12,2568,9,ฤดูฝน,NHK05,หนองหาร (Lake),ท่าแร่,7.17,27.5,213.0,7.46,0.69,12.6,0.12,0.675,0.162,6616,2808,89.4,A (ดีมาก)
3104,2025-11-27,2568,11,ฤดูแล้ง,NHK06,หนองหาร (Lake),บ้านแป้น,7.89,28.0,175.0,6.04,0.89,4.0,0.339,1.028,0.21,5139,2623,80.5,A (ดีมาก)
3105,2025-03-09,2568,3,ฤดูแล้ง,NHK01,หนองหาร (Lake),เมืองสกลนคร,6.88,24.8,262.0,7.52,1.47,4.6,0.221,0.86,0.193,3462,1706,88.3,A (ดีมาก)
3106,2024-03-07,2567,3,ฤดูแล้ง,NHK07,หนองหาร (Lake),บ้านแป้น,7.32,26.7,243.0,6.77,1.27,8.5,0.212,0.938,0.203,2475,1296,84.7,A (ดีมาก)
3107,2024-01-03,2567,1,ฤดูแล้ง,BNH07,ลำห้วย (Tributary),งิ้วด่อน,6.78,24.3,340.0,5.07,3.69,16.8,0.706,2.273,1.632,14173,4506,62.8,B (ดี)
3108,2024-11-21,2567,11,ฤดูแล้ง,BNH02,ลำห้วย (Tributary),เชียงเครือ,7.46,28.0,260.0,4.59,3.63,13.4,0.74,2.053,1.608,6022,3240,61.3,B (ดี)
3109,2024-03-16,2567,3,ฤดูแล้ง,NHK04,หนองหาร (Lake),เชียงเครือ,6.82,27.3,233.0,5.59,0.72,4.0,0.294,0.618,0.449,2813,1411,78.8,B (ดี)
3110,2025-04-14,2568,4,ฤดูแล้ง,NHK07,หนองหาร (Lake),บ้านแป้น,6.77,27.8,233.0,7.45,0.3,4.0,0.283,0.876,0.187,5906,2270,87.6,A (ดีมาก)
3111,2024-03-31,2567,3,ฤดูแล้ง,NHK02,หนองหาร (Lake),ธาตุนาเวง,7.42,27.6,258.0,4.82,6.42,34.4,1.121,2.314,1.464,12559,5332,60.0,C (พอใช้)
3112,2025-11-17,2568,11,ฤดูแล้ง,NHK10,หนองหาร (Lake),งิ้วด่อน,6.79,28.8,248.0,7.17,1.53,9.3,0.293,0.639,0.485,2995,1434,85.6,A (ดีมาก)
3113,2025-11-05,2568,11,ฤดูแล้ง,BNH02,ลำห้วย (Tributary),เชียงเครือ,7.43,27.0,324.0,3.69,4.22,20.0,1.493,2.331,1.545,5063,2198,52.4,C (พอใช้)
3114,2024-08-03,2567,8,ฤดูฝน,BNH02,ลำห้วย (Tributary),เชียงเครือ,7.37,29.6,340.0,6.38,2.19,7.8,0.692,2.186,1.137,4519,2533,71.4,B (ดี)
3115,2025-04-02,2568,4,ฤดูแล้ง,NHK03,หนองหาร (Lake),ฮางโฮง,6.96,27.4,223.0,7.67,1.96,4.0,0.121,1.054,0.302,5861,3498,88.4,A (ดีมาก)
3116,2025-11-08,2568,11,ฤดูแล้ง,BNH03,ลำห้วย (Tributary),ท่าแร่,6.62,27.8,321.0,3.51,6.62,28.0,1.503,3.382,2.52,99288,54428,43.2,C (พอใช้)
3117,2025-12-04,2568,12,ฤดูแล้ง,BNH01,ลำห้วย (Tributary),ธาตุนาเวง,7.75,26.1,346.0,3.51,6.18,31.3,1.501,3.111,2.631,47544,14757,43.5,C (พอใช้)
3118,2025-11-22,2568,11,ฤดูแล้ง,NHK07,หนองหาร (Lake),บ้านแป้น,6.99,27.1,260.0,6.57,0.82,5.3,0.179,0.842,0.222,1408,349,84.3,A (ดีมาก)
3119,2025-03-09,2568,3,ฤดูแล้ง,BNH01,ลำห้วย (Tributary),ธาตุนาเวง,6.33,25.9,352.0,3.66,5.73,14.8,1.502,3.183,2.259,41459,24033,45.8,C (พอใช้)
3120,2024-03-06,2567,3,ฤดูแล้ง,BNH02,ลำห้วย (Tributary),เชียงเครือ,7.36,26.5,334.0,5.22,2.08,4.0,0.761,2.185,1.514,16022,8296,64.0,B (ดี)
3121,2025-07-19,2568,7,ฤดูฝน,BNH05,ลำห้วย (Tributary),ม่วงลาย,8.0,31.4,270.0,6.44,3.38,9.2,0.428,2.053,1.294,5272,2064,72.8,B (ดี)
3122,2025-12-16,2568,12,ฤดูแล้ง,BNH05,ลำห้วย (Tributary),ม่วงลาย,7.2,27.5,352.0,5.58,3.1,12.7,0.64,2.489,1.801,8790,2277,63.8,B (ดี)
3123,2025-12-11,2568,12,ฤดูแล้ง,NHK03,หนองหาร (Lake),ฮางโฮง,7.65,24.8,229.0,6.59,2.05,7.5,0.123,0.717,0.524,5380,1337,83.6,A (ดีมาก)
3124,2024-05-21,2567,5,ฤดูแล้ง,BNH08,ลำห้วย (Tributary),เมืองสกลนคร,6.9,29.4,318.0,2.87,5.97,16.4,1.519,3.299,3.033,64349,17920,37.9,D (เสื่อมโทรม)
3125,2024-11-20,2567,11,ฤดูแล้ง,NHK03,หนองหาร (Lake),ฮางโฮง,7.61,27.6,233.0,6.41,3.07,11.0,0.347,1.167,0.257,3964,1084,81.3,A (ดีมาก)
3126,2024-02-21,2567,2,ฤดูแล้ง,NHK02,หนองหาร (Lake),ธาตุนาเวง,7.61,25.8,239.0,4.97,5.66,28.3,1.164,1.881,1.267,24565,5688,62.8,B (ดี)
3127,2025-07-17,2568,7,ฤดูฝน,BNH08,ลำห้วย (Tributary),เมืองสกลนคร,6.98,29.9,354.0,1.76,5.89,18.7,1.896,3.292,2.496,50203,26782,33.5,D (เสื่อมโทรม)
3128,2025-01-15,2568,1,ฤดูแล้ง,NHK03,หนองหาร (Lake),ฮางโฮง,6.99,24.9,226.0,7.79,2.95,8.6,0.568,0.63,0.668,1605,761,85.9,A (ดีมาก)
3129,2024-11-15,2567,11,ฤดูแล้ง,NHK02,หนองหาร (Lake),ธาตุนาเวง,6.96,24.9,304.0,4.27,5.94,23.8,1.048,2.095,1.289,19533,7308,59.6,C (พอใช้)
3130,2024-06-04,2567,6,ฤดูฝน,NHK07,หนองหาร (Lake),บ้านแป้น,7.35,30.8,275.0,7.72,2.12,10.2,0.01,1.408,0.166,4284,2315,88.7,A (ดีมาก)
3131,2024-06-09,2567,6,ฤดูฝน,NHK09,หนองหาร (Lake),เหล่าปอแดง,7.44,33.8,244.0,5.8,2.25,21.0,0.01,0.965,0.227,2253,713,81.4,A (ดีมาก)
3132,2024-04-14,2567,4,ฤดูแล้ง,BNH07,ลำห้วย (Tributary),งิ้วด่อน,7.92,29.5,334.0,5.81,4.1,19.3,0.651,2.066,1.117,3472,1004,69.6,B (ดี)
3133,2024-04-23,2567,4,ฤดูแล้ง,BNH07,ลำห้วย (Tributary),งิ้วด่อน,7.04,27.8,356.0,5.44,3.46,17.5,0.675,2.019,1.78,11585,2704,64.7,B (ดี)
3134,2024-05-11,2567,5,ฤดูแล้ง,NHK10,หนองหาร (Lake),งิ้วด่อน,7.27,29.2,257.0,7.43,1.29,14.1,0.49,1.156,0.739,1291,266,82.7,A (ดีมาก)
3135,2024-09-28,2567,9,ฤดูฝน,BNH04,ลำห้วย (Tributary),นาแก้ว,7.24,27.6,335.0,3.24,5.79,23.5,1.34,3.223,2.164,36644,13699,45.2,C (พอใช้)
3136,2025-03-12,2568,3,ฤดูแล้ง,NHK06,หนองหาร (Lake),บ้านแป้น,7.68,26.8,235.0,6.68,2.55,10.6,0.291,0.668,0.665,1066,485,82.5,A (ดีมาก)
3137,2025-01-09,2568,1,ฤดูแล้ง,NHK10,หนองหาร (Lake),งิ้วด่อน,7.0,26.6,262.0,7.86,0.92,4.0,0.369,0.701,0.529,2667,1467,87.9,A (ดีมาก)
3138,2025-10-05,2568,10,ฤดูฝน,BNH05,ลำห้วย (Tributary),ม่วงลาย,7.72,27.5,285.0,6.15,5.01,29.4,0.55,4.512,1.222,33381,16646,63.0,B (ดี)
3139,2024-08-27,2567,8,ฤดูฝน,BNH05,ลำห้วย (Tributary),ม่วงลาย,7.25,31.5,255.0,6.34,4.0,17.3,0.601,2.143,1.156,57505,29781,71.8,B (ดี)
3140,2024-01-19,2567,1,ฤดูแล้ง,NHK07,หนองหาร (Lake),บ้านแป้น,6.57,26.5,191.0,6.76,2.34,13.2,0.319,1.58,0.203,2509,853,81.9,A (ดีมาก)
3141,2025-05-06,2568,5,ฤดูแล้ง,BNH05,ลำห้วย (Tributary),ม่วงลาย,7.32,29.0,280.0,5.28,3.87,18.1,0.728,2.253,1.239,35883,13492,65.6,B (ดี)
3142,2024-08-11,2567,8,ฤดูฝน,BNH07,ลำห้วย (Tributary),งิ้วด่อน,6.86,31.4,325.0,6.49,3.29,11.1,0.517,2.087,1.145,10495,4074,73.2,B (ดี)
3143,2024-10-02,2567,10,ฤดูฝน,NHK02,หนองหาร (Lake),ธาตุนาเวง,7.03,29.4,335.0,5.02,3.74,12.6,1.404,2.11,1.982,8533,2579,57.3,C (พอใช้)
3144,2024-11-13,2567,11,ฤดูแล้ง,NHK03,หนองหาร (Lake),ฮางโฮง,6.58,25.6,228.0,7.73,1.12,4.0,0.51,0.608,0.832,4231,1922,85.3,A (ดีมาก)
3145,2024-12-06,2567,12,ฤดูแล้ง,NHK08,หนองหาร (Lake),นาตงวัฒนา,6.49,26.2,225.0,6.77,2.69,13.8,0.125,0.782,0.436,3581,844,84.6,A (ดีมาก)
3146,2025-09-29,2568,9,ฤดูฝน,BNH06,ลำห้วย (Tributary),เหล่าปอแดง,7.14,28.3,365.0,6.56,4.66,26.0,0.455,2.23,1.055,12889,7383,73.9,B (ดี)
3147,2024-12-15,2567,12,ฤดูแล้ง,NHK07,หนองหาร (Lake),บ้านแป้น,7.25,27.1,236.0,7.79,1.95,12.5,0.352,1.177,0.355,8859,4319,86.9,A (ดีมาก)
3148,2025-03-09,2568,3,ฤดูแล้ง,NHK01,หนองหาร (Lake),เมืองสกลนคร,7.42,26.6,266.0,6.51,3.13,10.0,0.204,1.581,0.18,3454,1258,81.6,A (ดีมาก)
3149,2025-07-20,2568,7,ฤดูฝน,BNH08,ลำห้วย (Tributary),เมืองสกลนคร,6.89,30.2,354.0,3.73,5.13,27.5,1.496,3.115,2.368,169715,87748,45.8,C (พอใช้)
3150,2024-05-31,2567,5,ฤดูแล้ง,NHK06,หนองหาร (Lake),บ้านแป้น,6.81,27.8,272.0,6.69,1.39,4.9,0.801,0.803,0.328,3236,658,80.8,A (ดีมาก)
3151,2024-10-06,2567,10,ฤดูฝน,NHK08,หนองหาร (Lake),นาตงวัฒนา,7.33,28.6,255.0,6.95,0.3,10.7,0.022,0.662,0.254,3373,1773,87.3,A (ดีมาก)
3152,2024-07-16,2567,7,ฤดูฝน,NHK10,หนองหาร (Lake),งิ้วด่อน,7.22,30.5,267.0,8.58,1.68,4.9,0.01,1.142,0.268,4412,2555,92.9,A (ดีมาก)
3153,2025-10-03,2568,10,ฤดูฝน,BNH05,ลำห้วย (Tributary),ม่วงลาย,6.56,27.2,284.0,7.4,4.45,25.4,0.507,2.518,1.37,17155,6497,74.7,B (ดี)
3154,2025-05-25,2568,5,ฤดูแล้ง,NHK01,หนองหาร (Lake),เมืองสกลนคร,7.18,30.4,299.0,7.07,2.39,14.1,0.303,0.877,0.181,1431,701,85.8,A (ดีมาก)
3155,2024-06-10,2567,6,ฤดูฝน,BNH07,ลำห้วย (Tributary),งิ้วด่อน,7.18,31.8,290.0,5.98,3.45,9.7,0.464,2.049,1.46,11553,5529,69.8,B (ดี)
3156,2024-08-24,2567,8,ฤดูฝน,NHK07,หนองหาร (Lake),บ้านแป้น,6.64,31.9,216.0,6.35,0.52,4.0,0.237,2.741,0.232,4162,1525,76.6,B (ดี)
3157,2025-04-23,2568,4,ฤดูแล้ง,NHK05,หนองหาร (Lake),ท่าแร่,7.8,28.5,245.0,6.35,0.92,9.3,0.322,0.83,0.279,536,223,82.2,A (ดีมาก)
3158,2024-01-14,2567,1,ฤดูแล้ง,BNH05,ลำห้วย (Tributary),ม่วงลาย,7.58,24.9,256.0,4.82,3.74,19.3,0.606,1.942,1.059,10818,5055,66.2,B (ดี)
3159,2025-06-27,2568,6,ฤดูฝน,BNH08,ลำห้วย (Tributary),เมืองสกลนคร,7.06,32.1,434.0,4.56,6.53,15.7,1.466,3.6,2.545,43382,11267,47.2,C (พอใช้)
3160,2025-01-11,2568,1,ฤดูแล้ง,NHK05,หนองหาร (Lake),ท่าแร่,7.5,24.9,213.0,7.09,1.14,17.7,0.131,0.632,0.195,4825,1168,87.7,A (ดีมาก)
3161,2024-04-27,2567,4,ฤดูแล้ง,NHK07,หนองหาร (Lake),บ้านแป้น,7.45,29.1,186.0,5.59,0.81,4.0,0.261,1.24,0.342,9684,4942,77.5,B (ดี)
3162,2024-06-13,2567,6,ฤดูฝน,NHK09,หนองหาร (Lake),เหล่าปอแดง,7.2,32.1,276.0,7.75,0.88,4.0,0.01,2.435,0.167,7503,2447,85.4,A (ดีมาก)
3163,2025-01-31,2568,1,ฤดูแล้ง,NHK09,หนองหาร (Lake),เหล่าปอแดง,6.95,24.2,343.0,6.75,3.11,19.2,0.1,0.616,0.173,7804,2565,86.5,A (ดีมาก)
3164,2024-06-20,2567,6,ฤดูฝน,BNH05,ลำห้วย (Tributary),ม่วงลาย,6.73,32.4,292.0,6.88,2.37,4.0,0.485,2.722,1.097,19374,10740,73.3,B (ดี)
3165,2025-02-01,2568,2,ฤดูแล้ง,BNH08,ลำห้วย (Tributary),เมืองสกลนคร,7.94,22.9,389.0,2.73,6.38,30.6,1.661,3.122,2.161,63902,19030,41.4,C (พอใช้)
3166,2024-03-08,2567,3,ฤดูแล้ง,NHK10,หนองหาร (Lake),งิ้วด่อน,7.44,27.6,225.0,7.08,1.3,16.8,0.159,1.08,0.152,4893,1749,86.2,A (ดีมาก)
3167,2025-08-05,2568,8,ฤดูฝน,BNH08,ลำห้วย (Tributary),เมืองสกลนคร,6.63,29.9,325.0,4.02,5.36,23.6,1.591,3.453,2.54,28999,7214,44.6,C (พอใช้)
3168,2024-07-05,2567,7,ฤดูฝน,BNH03,ลำห้วย (Tributary),ท่าแร่,7.06,31.6,375.0,3.48,5.77,23.4,1.469,3.419,2.304,111647,31745,44.2,C (พอใช้)
3169,2024-12-27,2567,12,ฤดูแล้ง,NHK03,หนองหาร (Lake),ฮางโฮง,6.53,24.7,297.0,6.37,1.76,4.0,0.106,0.942,0.385,4758,1999,82.6,A (ดีมาก)
3170,2025-02-19,2568,2,ฤดูแล้ง,NHK04,หนองหาร (Lake),เชียงเครือ,7.61,24.9,246.0,6.68,0.43,4.3,0.274,0.718,0.811,1309,568,81.7,A (ดีมาก)
3171,2025-08-01,2568,8,ฤดูฝน,NHK07,หนองหาร (Lake),บ้านแป้น,6.61,30.7,219.0,7.79,0.37,4.0,0.01,1.035,0.309,1938,1014,89.6,A (ดีมาก)
3172,2024-04-02,2567,4,ฤดูแล้ง,NHK09,หนองหาร (Lake),เหล่าปอแดง,6.97,26.5,288.0,7.32,1.49,4.0,0.29,0.632,0.258,2647,982,87.5,A (ดีมาก)
3173,2025-01-16,2568,1,ฤดูแล้ง,NHK08,หนองหาร (Lake),นาตงวัฒนา,6.77,24.8,189.0,7.62,0.3,4.0,0.226,1.189,0.385,5629,1936,86.7,A (ดีมาก)
3174,2024-02-21,2567,2,ฤดูแล้ง,BNH01,ลำห้วย (Tributary),ธาตุนาเวง,7.15,24.2,428.0,2.84,7.31,39.1,1.636,3.132,2.19,73757,28157,41.9,C (พอใช้)
3175,2024-05-16,2567,5,ฤดูแล้ง,BNH02,ลำห้วย (Tributary),เชียงเครือ,6.81,30.2,336.0,4.87,4.66,15.6,0.785,2.437,1.069,29495,16078,63.7,B (ดี)
3176,2025-05-27,2568,5,ฤดูแล้ง,NHK08,หนองหาร (Lake),นาตงวัฒนา,7.4,28.8,230.0,7.71,2.58,12.6,0.283,0.818,0.739,2252,594,86.2,A (ดีมาก)
3177,2025-10-17,2568,10,ฤดูฝน,NHK06,หนองหาร (Lake),บ้านแป้น,7.2,28.2,273.0,8.36,0.52,5.6,0.01,0.625,0.266,1053,513,93.7,A (ดีมาก)
3178,2025-02-08,2568,2,ฤดูแล้ง,NHK10,หนองหาร (Lake),งิ้วด่อน,7.13,24.2,194.0,7.09,2.33,5.7,0.276,1.231,0.856,6753,1701,81.6,A (ดีมาก)
3179,2025-08-21,2568,8,ฤดูฝน,NHK06,หนองหาร (Lake),บ้านแป้น,7.62,31.6,209.0,7.88,0.3,9.0,0.057,0.809,0.46,4196,908,89.7,A (ดีมาก)
3180,2024-01-30,2567,1,ฤดูแล้ง,NHK06,หนองหาร (Lake),บ้านแป้น,7.11,27.0,220.0,6.13,1.59,13.0,0.206,0.923,0.195,1094,497,82.0,A (ดีมาก)
3181,2025-03-11,2568,3,ฤดูแล้ง,BNH03,ลำห้วย (Tributary),ท่าแร่,6.64,26.1,426.0,2.31,6.81,34.6,1.503,3.223,2.515,80823,36001,38.4,D (เสื่อมโทรม)
3182,2024-01-18,2567,1,ฤดูแล้ง,BNH03,ลำห้วย (Tributary),ท่าแร่,6.75,23.0,432.0,3.24,7.72,47.9,1.741,3.349,2.327,12082,4451,41.6,C (พอใช้)
3183,2024-02-21,2567,2,ฤดูแล้ง,NHK03,หนองหาร (Lake),ฮางโฮง,7.29,23.0,234.0,6.41,0.76,4.0,0.266,1.403,0.548,1181,343,79.5,B (ดี)
3184,2025-06-06,2568,6,ฤดูฝน,BNH01,ลำห้วย (Tributary),ธาตุนาเวง,6.98,30.3,397.0,4.82,5.62,32.3,1.309,3.43,2.259,49249,17316,51.2,C (พอใช้)
3185,2025-04-01,2568,4,ฤดูแล้ง,NHK04,หนองหาร (Lake),เชียงเครือ,7.17,29.2,232.0,5.66,2.03,4.0,0.746,1.283,0.367,6267,2251,74.8,B (ดี)
3186,2025-02-21,2568,2,ฤดูแล้ง,BNH07,ลำห้วย (Tributary),งิ้วด่อน,7.5,24.3,332.0,4.99,2.4,6.3,0.939,2.422,1.269,37819,19813,62.4,B (ดี)
3187,2025-11-17,2568,11,ฤดูแล้ง,BNH03,ลำห้วย (Tributary),ท่าแร่,7.19,27.9,361.0,3.16,5.55,25.1,1.774,3.309,3.886,24069,6594,33.4,D (เสื่อมโทรม)
3188,2025-11-16,2568,11,ฤดูแล้ง,BNH08,ลำห้วย (Tributary),เมืองสกลนคร,7.59,27.6,404.0,2.26,6.76,31.7,1.745,3.273,3.232,39777,21130,33.0,D (เสื่อมโทรม)
3189,2024-09-15,2567,9,ฤดูฝน,BNH05,ลำห้วย (Tributary),ม่วงลาย,7.08,30.5,266.0,5.52,4.87,24.9,0.674,1.965,1.605,9418,5578,66.1,B (ดี)
3190,2024-08-15,2567,8,ฤดูฝน,BNH03,ลำห้วย (Tributary),ท่าแร่,6.61,31.1,462.0,4.64,4.38,26.8,1.42,3.18,2.431,32285,16372,49.8,C (พอใช้)
3191,2024-08-12,2567,8,ฤดูฝน,NHK09,หนองหาร (Lake),เหล่าปอแดง,7.08,31.8,220.0,6.92,0.3,4.0,0.01,1.53,0.272,2723,1456,84.2,A (ดีมาก)
3192,2025-05-31,2568,5,ฤดูแล้ง,NHK01,หนองหาร (Lake),เมืองสกลนคร,7.98,30.6,239.0,6.91,0.3,7.7,0.15,0.739,0.693,1630,365,83.9,A (ดีมาก)
3193,2024-08-24,2567,8,ฤดูฝน,NHK08,หนองหาร (Lake),นาตงวัฒนา,8.04,29.3,190.0,8.01,1.56,4.0,0.01,1.523,0.213,12936,5776,89.4,A (ดีมาก)
3194,2024-03-08,2567,3,ฤดูแล้ง,BNH06,ลำห้วย (Tributary),เหล่าปอแดง,7.32,25.9,263.0,4.68,3.06,25.2,0.946,1.948,1.277,6759,3340,62.5,B (ดี)
3195,2024-02-16,2567,2,ฤดูแล้ง,NHK10,หนองหาร (Lake),งิ้วด่อน,7.14,22.0,165.0,7.1,2.24,5.7,0.106,0.866,0.25,1465,843,86.8,A (ดีมาก)
3196,2024-12-01,2567,12,ฤดูแล้ง,BNH07,ลำห้วย (Tributary),งิ้วด่อน,7.63,26.9,315.0,5.96,3.7,27.6,0.662,2.448,1.236,5831,1243,68.4,B (ดี)
3197,2024-07-13,2567,7,ฤดูฝน,NHK01,หนองหาร (Lake),เมืองสกลนคร,8.19,30.6,217.0,7.26,1.08,18.5,0.073,1.464,0.23,4658,1705,85.8,A (ดีมาก)
3198,2025-10-17,2568,10,ฤดูฝน,NHK10,หนองหาร (Lake),งิ้วด่อน,6.93,28.8,233.0,7.7,1.73,4.0,0.01,0.905,0.5,1358,391,88.7,A (ดีมาก)
3199,2024-09-11,2567,9,ฤดูฝน,BNH06,ลำห้วย (Tributary),เหล่าปอแดง,6.8,28.9,293.0,4.72,3.37,16.8,0.455,1.903,1.227,16912,7733,65.9,B (ดี)
3200,2024-10-25,2567,10,ฤดูฝน,BNH03,ลำห้วย (Tributary),ท่าแร่,6.8,29.2,415.0,3.66,6.18,29.9,1.557,3.224,2.469,50726,26749,44.3,C (พอใช้)
3201,2024-08-27,2567,8,ฤดูฝน,NHK01,หนองหาร (Lake),เมืองสกลนคร,6.83,29.9,139.0,8.18,1.21,16.2,0.01,0.764,0.173,3573,1461,92.9,A (ดีมาก)
3202,2024-11-29,2567,11,ฤดูแล้ง,BNH08,ลำห้วย (Tributary),เมืองสกลนคร,6.85,27.5,409.0,2.45,7.4,29.1,1.515,3.265,2.298,24321,7284,39.9,D (เสื่อมโทรม)
3203,2024-03-15,2567,3,ฤดูแล้ง,NHK07,หนองหาร (Lake),บ้านแป้น,7.08,27.7,224.0,7.68,1.16,4.0,0.293,0.642,0.793,1265,611,86.4,A (ดีมาก)
3204,2025-01-18,2568,1,ฤดูแล้ง,BNH06,ลำห้วย (Tributary),เหล่าปอแดง,7.15,24.7,368.0,5.37,3.43,10.3,0.86,2.644,1.088,5753,2017,64.7,B (ดี)
3205,2024-10-20,2567,10,ฤดูฝน,BNH02,ลำห้วย (Tributary),เชียงเครือ,7.29,27.1,334.0,6.7,1.38,4.8,0.483,2.165,1.069,29404,13982,74.4,B (ดี)
3206,2025-03-02,2568,3,ฤดูแล้ง,NHK01,หนองหาร (Lake),เมืองสกลนคร,7.46,27.2,238.0,7.32,1.83,14.8,0.24,1.497,0.485,3968,1609,83.7,A (ดีมาก)
3207,2024-12-01,2567,12,ฤดูแล้ง,BNH07,ลำห้วย (Tributary),งิ้วด่อน,7.58,24.6,299.0,5.9,3.68,16.9,0.684,3.544,1.667,25583,11976,62.2,B (ดี)
3208,2024-08-22,2567,8,ฤดูฝน,NHK03,หนองหาร (Lake),ฮางโฮง,7.4,31.1,197.0,8.2,3.62,17.8,0.01,0.643,0.285,4448,1486,92.8,A (ดีมาก)
3209,2024-09-21,2567,9,ฤดูฝน,NHK01,หนองหาร (Lake),เมืองสกลนคร,7.1,30.0,289.0,7.25,0.66,5.8,0.01,0.739,1.188,4376,924,83.8,A (ดีมาก)
3210,2025-07-13,2568,7,ฤดูฝน,NHK09,หนองหาร (Lake),เหล่าปอแดง,6.86,30.3,215.0,8.18,1.84,4.0,0.01,1.498,1.094,7015,3829,85.9,A (ดีมาก)
3211,2025-10-10,2568,10,ฤดูฝน,NHK03,หนองหาร (Lake),ฮางโฮง,7.52,27.9,292.0,7.59,1.11,4.0,0.01,0.771,0.223,4052,1873,90.0,A (ดีมาก)
3212,2025-11-22,2568,11,ฤดูแล้ง,BNH01,ลำห้วย (Tributary),ธาตุนาเวง,7.05,27.2,456.0,2.48,6.88,34.7,1.565,3.349,2.282,39746,19710,39.5,D (เสื่อมโทรม)
3213,2024-03-12,2567,3,ฤดูแล้ง,BNH02,ลำห้วย (Tributary),เชียงเครือ,7.23,28.4,409.0,5.15,2.76,4.7,0.72,1.921,1.345,9517,2225,65.6,B (ดี)
3214,2024-08-27,2567,8,ฤดูฝน,NHK08,หนองหาร (Lake),นาตงวัฒนา,7.13,30.5,246.0,8.23,0.3,4.0,0.01,0.914,0.463,1487,795,91.2,A (ดีมาก)
3215,2025-10-26,2568,10,ฤดูฝน,BNH06,ลำห้วย (Tributary),เหล่าปอแดง,7.65,27.6,361.0,5.24,3.23,4.0,0.676,1.941,1.402,6071,3641,65.9,B (ดี)
3216,2025-07-27,2568,7,ฤดูฝน,BNH01,ลำห้วย (Tributary),ธาตุนาเวง,6.95,31.3,359.0,4.68,6.72,22.1,1.302,3.551,2.156,40295,11985,50.8,C (พอใช้)
3217,2025-07-21,2568,7,ฤดูฝน,BNH01,ลำห้วย (Tributary),ธาตุนาเวง,6.76,32.0,382.0,3.83,5.34,22.3,1.406,3.636,2.987,62291,34343,42.0,C (พอใช้)
3218,2025-11-22,2568,11,ฤดูแล้ง,BNH04,ลำห้วย (Tributary),นาแก้ว,6.82,28.0,459.0,3.96,6.92,33.8,1.507,3.286,2.191,103190,52911,47.1,C (พอใช้)
3219,2025-12-22,2568,12,ฤดูแล้ง,BNH02,ลำห้วย (Tributary),เชียงเครือ,6.48,23.6,313.0,4.91,4.03,15.3,0.603,2.027,1.093,43867,19281,66.1,B (ดี)
3220,2024-04-01,2567,4,ฤดูแล้ง,NHK01,หนองหาร (Lake),เมืองสกลนคร,6.61,28.5,237.0,7.2,1.51,6.5,0.123,0.754,0.251,1807,791,87.5,A (ดีมาก)
3221,2025-05-25,2568,5,ฤดูแล้ง,BNH01,ลำห้วย (Tributary),ธาตุนาเวง,7.52,31.5,357.0,2.5,6.42,25.4,1.57,3.354,2.732,19172,7025,37.3,D (เสื่อมโทรม)
3222,2025-06-24,2568,6,ฤดูฝน,NHK01,หนองหาร (Lake),เมืองสกลนคร,7.71,30.8,188.0,7.68,1.39,18.5,0.01,1.439,0.212,7841,4636,88.2,A (ดีมาก)
3223,2024-11-15,2567,11,ฤดูแล้ง,BNH07,ลำห้วย (Tributary),งิ้วด่อน,7.16,25.5,338.0,5.0,3.06,16.5,0.693,4.208,1.125,16640,3536,58.6,C (พอใช้)
3224,2025-12-12,2568,12,ฤดูแล้ง,NHK10,หนองหาร (Lake),งิ้วด่อน,7.71,25.8,285.0,6.77,0.92,9.1,0.137,1.326,0.174,4821,1138,84.0,A (ดีมาก)
3225,2024-10-12,2567,10,ฤดูฝน,NHK07,หนองหาร (Lake),บ้านแป้น,7.53,29.4,282.0,8.02,0.55,14.0,0.107,0.611,0.172,4600,2510,92.1,A (ดีมาก)
3226,2025-02-05,2568,2,ฤดูแล้ง,NHK02,หนองหาร (Lake),ธาตุนาเวง,6.88,23.9,306.0,4.37,5.28,20.3,1.418,2.102,1.628,15738,6486,56.2,C (พอใช้)
3227,2025-02-19,2568,2,ฤดูแล้ง,BNH05,ลำห้วย (Tributary),ม่วงลาย,7.2,26.5,304.0,5.03,4.61,26.9,1.09,2.532,1.505,19116,10563,60.1,B (ดี)
3228,2024-12-05,2567,12,ฤดูแล้ง,BNH07,ลำห้วย (Tributary),งิ้วด่อน,7.26,24.5,291.0,5.79,3.61,25.5,0.741,1.974,1.757,16366,9771,66.1,B (ดี)
3229,2025-06-30,2568,6,ฤดูฝน,NHK02,หนองหาร (Lake),ธาตุนาเวง,7.08,30.7,312.0,5.16,4.07,20.2,0.899,2.313,2.035,15139,5245,59.9,C (พอใช้)
3230,2025-06-16,2568,6,ฤดูฝน,NHK10,หนองหาร (Lake),งิ้วด่อน,7.28,31.7,206.0,7.37,0.3,4.7,0.01,0.782,0.268,3782,1974,88.7,A (ดีมาก)
3231,2025-03-06,2568,3,ฤดูแล้ง,BNH07,ลำห้วย (Tributary),งิ้วด่อน,6.74,27.2,244.0,5.41,4.0,26.2,0.716,2.117,1.495,32299,12029,65.4,B (ดี)
3232,2025-09-02,2568,9,ฤดูฝน,BNH02,ลำห้วย (Tributary),เชียงเครือ,6.92,31.4,347.0,5.84,2.26,14.3,0.452,2.411,1.213,6403,2855,69.3,B (ดี)
3233,2025-02-10,2568,2,ฤดูแล้ง,BNH01,ลำห้วย (Tributary),ธาตุนาเวง,6.81,26.5,350.0,2.71,6.22,36.2,1.611,3.303,2.308,100218,48135,40.3,C (พอใช้)
3234,2024-08-17,2567,8,ฤดูฝน,BNH02,ลำห้วย (Tributary),เชียงเครือ,7.14,32.8,407.0,6.28,2.03,8.3,0.408,2.257,1.091,11390,4702,72.6,B (ดี)
3235,2025-10-14,2568,10,ฤดูฝน,NHK10,หนองหาร (Lake),งิ้วด่อน,7.41,25.5,220.0,7.73,1.07,6.3,0.313,1.75,0.204,2299,1016,85.7,A (ดีมาก)
3236,2025-11-30,2568,11,ฤดูแล้ง,NHK01,หนองหาร (Lake),เมืองสกลนคร,7.33,24.5,250.0,6.51,3.12,17.1,0.119,2.134,0.59,4988,2578,78.2,B (ดี)
3237,2025-10-30,2568,10,ฤดูฝน,BNH07,ลำห้วย (Tributary),งิ้วด่อน,6.71,29.0,312.0,5.92,3.46,10.1,0.562,1.901,1.854,3453,1060,67.5,B (ดี)
3238,2025-12-01,2568,12,ฤดูแล้ง,NHK10,หนองหาร (Lake),งิ้วด่อน,7.46,25.2,294.0,5.55,1.37,7.6,0.432,1.968,0.258,3775,791,74.3,B (ดี)
3239,2025-03-05,2568,3,ฤดูแล้ง,BNH02,ลำห้วย (Tributary),เชียงเครือ,7.18,26.7,312.0,5.31,3.9,23.9,0.691,2.448,1.173,19368,4428,65.6,B (ดี)
3240,2024-04-10,2567,4,ฤดูแล้ง,BNH08,ลำห้วย (Tributary),เมืองสกลนคร,7.71,29.2,414.0,3.06,6.55,40.1,1.956,3.406,2.173,9486,4333,40.2,C (พอใช้)
3241,2025-03-25,2568,3,ฤดูแล้ง,BNH04,ลำห้วย (Tributary),นาแก้ว,7.15,26.6,353.0,3.66,6.47,36.1,1.982,3.432,3.136,85700,35606,37.8,D (เสื่อมโทรม)
3242,2024-04-04,2567,4,ฤดูแล้ง,NHK07,หนองหาร (Lake),บ้านแป้น,6.98,28.1,280.0,5.9,1.08,4.0,0.307,1.257,0.411,2087,611,78.2,B (ดี)
3243,2024-05-18,2567,5,ฤดูแล้ง,NHK06,หนองหาร (Lake),บ้านแป้น,7.46,32.3,223.0,6.45,1.34,7.9,0.19,1.022,0.263,2983,1122,82.9,A (ดีมาก)
3244,2024-12-08,2567,12,ฤดูแล้ง,BNH04,ลำห้วย (Tributary),นาแก้ว,7.38,22.9,328.0,3.63,7.05,31.6,1.865,3.872,2.231,60711,13883,41.4,C (พอใช้)
3245,2024-06-22,2567,6,ฤดูฝน,NHK08,หนองหาร (Lake),นาตงวัฒนา,7.53,30.5,208.0,8.33,0.49,4.0,0.01,2.212,0.174,3482,1532,88.7,A (ดีมาก)
3246,2024-03-21,2567,3,ฤดูแล้ง,BNH06,ลำห้วย (Tributary),เหล่าปอแดง,6.37,27.7,332.0,4.98,2.54,11.0,0.804,2.376,1.769,7023,3025,60.8,B (ดี)
3247,2024-06-17,2567,6,ฤดูฝน,BNH04,ลำห้วย (Tributary),นาแก้ว,7.03,29.8,419.0,4.45,6.0,25.1,1.383,4.412,2.184,23056,11388,46.2,C (พอใช้)
3248,2025-09-04,2568,9,ฤดูฝน,BNH07,ลำห้วย (Tributary),งิ้วด่อน,7.22,30.6,273.0,6.21,1.84,4.1,0.493,1.975,1.268,13550,5734,71.9,B (ดี)
3249,2025-12-14,2568,12,ฤดูแล้ง,NHK01,หนองหาร (Lake),เมืองสกลนคร,6.94,26.1,155.0,7.25,1.27,16.9,0.108,0.883,0.757,11379,2701,84.9,A (ดีมาก)
3250,2024-07-04,2567,7,ฤดูฝน,BNH05,ลำห้วย (Tributary),ม่วงลาย,6.62,27.6,301.0,5.25,3.29,8.9,0.751,2.191,1.061,27541,7585,66.4,B (ดี)
3251,2024-06-03,2567,6,ฤดูฝน,BNH04,ลำห้วย (Tributary),นาแก้ว,6.96,31.5,334.0,3.91,5.23,26.1,1.337,3.905,2.225,61875,33802,45.6,C (พอใช้)
3252,2025-05-31,2568,5,ฤดูแล้ง,NHK05,หนองหาร (Lake),ท่าแร่,7.33,31.4,228.0,6.45,1.87,7.7,0.217,0.652,0.273,3741,1181,83.9,A (ดีมาก)
3253,2024-08-12,2567,8,ฤดูฝน,BNH05,ลำห้วย (Tributary),ม่วงลาย,7.1,30.8,304.0,6.82,4.59,19.4,0.52,1.915,1.192,6900,3256,75.0,B (ดี)
3254,2025-11-24,2568,11,ฤดูแล้ง,BNH05,ลำห้วย (Tributary),ม่วงลาย,7.12,27.0,283.0,5.13,4.07,19.6,0.664,2.714,1.075,8430,3226,64.6,B (ดี)
3255,2024-11-26,2567,11,ฤดูแล้ง,BNH01,ลำห้วย (Tributary),ธาตุนาเวง,7.29,28.3,359.0,2.47,6.21,25.3,1.539,3.136,2.84,7491,2382,37.5,D (เสื่อมโทรม)
3256,2025-04-09,2568,4,ฤดูแล้ง,NHK10,หนองหาร (Lake),งิ้วด่อน,7.31,27.0,194.0,7.67,0.72,4.0,0.165,1.119,0.272,6951,2644,88.0,A (ดีมาก)
3257,2024-08-22,2567,8,ฤดูฝน,BNH06,ลำห้วย (Tributary),เหล่าปอแดง,7.44,29.6,280.0,5.84,3.22,20.7,0.439,2.084,1.063,11493,4823,71.2,B (ดี)
3258,2025-06-20,2568,6,ฤดูฝน,BNH07,ลำห้วย (Tributary),งิ้วด่อน,7.39,30.6,375.0,6.67,3.19,17.8,0.448,2.067,1.137,5682,2398,74.5,B (ดี)
3259,2024-11-29,2567,11,ฤดูแล้ง,BNH06,ลำห้วย (Tributary),เหล่าปอแดง,6.82,27.0,360.0,5.85,2.58,16.2,0.686,2.504,1.78,15686,5799,64.8,B (ดี)
3260,2024-02-15,2567,2,ฤดูแล้ง,NHK02,หนองหาร (Lake),ธาตุนาเวง,6.98,23.6,255.0,4.78,5.13,14.6,1.14,2.005,1.695,18665,6494,59.6,C (พอใช้)
3261,2025-03-01,2568,3,ฤดูแล้ง,BNH01,ลำห้วย (Tributary),ธาตุนาเวง,6.88,26.1,357.0,2.25,7.77,36.2,1.608,3.435,2.798,46809,13566,35.4,D (เสื่อมโทรม)
3262,2025-07-01,2568,7,ฤดูฝน,NHK06,หนองหาร (Lake),บ้านแป้น,7.35,31.7,256.0,7.89,0.56,4.0,0.029,1.081,0.183,7167,2338,90.4,A (ดีมาก)
3263,2024-05-17,2567,5,ฤดูแล้ง,BNH02,ลำห้วย (Tributary),เชียงเครือ,7.06,30.9,376.0,5.72,4.68,19.7,0.858,1.965,1.149,32826,14149,68.2,B (ดี)
3264,2024-10-25,2567,10,ฤดูฝน,NHK03,หนองหาร (Lake),ฮางโฮง,7.05,27.1,224.0,7.95,0.3,4.0,0.053,0.774,0.468,4485,1789,90.1,A (ดีมาก)
3265,2025-11-18,2568,11,ฤดูแล้ง,NHK08,หนองหาร (Lake),นาตงวัฒนา,7.09,26.3,255.0,6.62,2.88,9.1,0.374,0.715,0.871,5260,1380,80.5,A (ดีมาก)
3266,2025-06-20,2568,6,ฤดูฝน,BNH05,ลำห้วย (Tributary),ม่วงลาย,6.78,30.8,328.0,6.55,3.71,15.6,0.668,2.021,1.136,18262,5105,72.9,B (ดี)
3267,2025-01-06,2568,1,ฤดูแล้ง,NHK09,หนองหาร (Lake),เหล่าปอแดง,6.68,23.9,215.0,7.44,0.3,8.7,0.25,0.638,0.264,1151,547,88.2,A (ดีมาก)
3268,2024-12-13,2567,12,ฤดูแล้ง,NHK03,หนองหาร (Lake),ฮางโฮง,6.88,27.0,274.0,6.53,3.04,11.5,0.268,1.024,0.249,3745,1503,82.8,A (ดีมาก)
3269,2024-03-27,2567,3,ฤดูแล้ง,NHK03,หนองหาร (Lake),ฮางโฮง,7.11,27.6,195.0,6.0,1.83,14.3,0.14,0.737,0.574,2482,831,80.5,A (ดีมาก)
3270,2024-06-02,2567,6,ฤดูฝน,BNH05,ลำห้วย (Tributary),ม่วงลาย,6.75,29.3,274.0,5.25,2.53,4.0,0.571,2.239,1.447,136161,74911,65.3,B (ดี)
3271,2024-03-05,2567,3,ฤดูแล้ง,BNH02,ลำห้วย (Tributary),เชียงเครือ,7.64,26.4,323.0,5.36,3.45,13.8,1.39,2.062,1.841,9858,2746,59.8,C (พอใช้)
3272,2024-01-16,2567,1,ฤดูแล้ง,BNH04,ลำห้วย (Tributary),นาแก้ว,7.08,23.3,372.0,1.89,7.22,34.7,1.841,3.407,2.154,31285,8257,35.8,D (เสื่อมโทรม)
3273,2025-03-08,2568,3,ฤดูแล้ง,NHK07,หนองหาร (Lake),บ้านแป้น,7.44,27.6,329.0,7.11,1.97,8.9,0.106,0.919,0.339,3307,851,86.2,A (ดีมาก)
3274,2024-01-24,2567,1,ฤดูแล้ง,NHK08,หนองหาร (Lake),นาตงวัฒนา,7.39,26.9,249.0,6.56,0.7,12.2,0.2,1.139,0.893,1452,756,79.8,B (ดี)
3275,2024-05-06,2567,5,ฤดูแล้ง,BNH04,ลำห้วย (Tributary),นาแก้ว,6.8,30.3,363.0,3.72,6.51,31.5,1.504,3.194,2.271,33855,17834,45.9,C (พอใช้)
3276,2024-11-08,2567,11,ฤดูแล้ง,NHK04,หนองหาร (Lake),เชียงเครือ,7.39,25.6,197.0,6.09,0.3,4.0,0.396,0.642,0.276,18671,9842,81.3,A (ดีมาก)
3277,2024-06-10,2567,6,ฤดูฝน,NHK03,หนองหาร (Lake),ฮางโฮง,6.68,30.5,245.0,8.08,0.68,4.0,0.01,1.434,0.427,3604,1201,88.9,A (ดีมาก)
3278,2025-08-27,2568,8,ฤดูฝน,BNH04,ลำห้วย (Tributary),นาแก้ว,7.34,30.4,325.0,4.72,6.56,36.3,1.385,3.418,2.413,26192,6882,49.6,C (พอใช้)
3279,2024-01-09,2567,1,ฤดูแล้ง,NHK07,หนองหาร (Lake),บ้านแป้น,7.2,25.0,244.0,6.62,0.83,12.7,0.306,1.2,0.334,3642,1284,82.0,A (ดีมาก)
3280,2024-11-23,2567,11,ฤดูแล้ง,BNH02,ลำห้วย (Tributary),เชียงเครือ,7.19,25.5,292.0,6.0,4.41,20.2,0.72,2.277,1.605,11338,3275,66.9,B (ดี)
3281,2025-05-19,2568,5,ฤดูแล้ง,BNH08,ลำห้วย (Tributary),เมืองสกลนคร,6.41,29.3,427.0,2.64,7.23,39.2,1.684,3.152,2.545,24734,7309,38.9,D (เสื่อมโทรม)
3282,2024-09-17,2567,9,ฤดูฝน,NHK01,หนองหาร (Lake),เมืองสกลนคร,7.18,26.2,273.0,7.62,0.38,4.0,0.115,2.283,0.155,4626,1985,84.8,A (ดีมาก)
3283,2024-02-21,2567,2,ฤดูแล้ง,NHK08,หนองหาร (Lake),นาตงวัฒนา,7.63,23.3,297.0,7.53,2.04,9.9,0.155,0.654,0.381,1347,702,88.5,A (ดีมาก)
3284,2024-11-14,2567,11,ฤดูแล้ง,NHK09,หนองหาร (Lake),เหล่าปอแดง,7.06,27.0,242.0,6.86,1.08,16.1,0.13,1.034,0.37,3436,730,84.5,A (ดีมาก)
3285,2024-05-15,2567,5,ฤดูแล้ง,NHK04,หนองหาร (Lake),เชียงเครือ,6.98,30.4,196.0,7.5,3.04,7.8,0.365,0.837,0.371,21329,7819,86.6,A (ดีมาก)
3286,2025-12-07,2568,12,ฤดูแล้ง,NHK07,หนองหาร (Lake),บ้านแป้น,7.25,25.2,226.0,7.08,0.3,4.0,0.191,0.606,0.262,2239,685,87.1,A (ดีมาก)
3287,2025-07-10,2568,7,ฤดูฝน,NHK09,หนองหาร (Lake),เหล่าปอแดง,6.82,30.7,205.0,7.85,0.9,4.0,0.01,1.186,1.157,645,134,85.1,A (ดีมาก)
3288,2024-08-08,2567,8,ฤดูฝน,NHK07,หนองหาร (Lake),บ้านแป้น,7.6,33.6,239.0,7.86,1.6,4.0,0.01,1.004,0.899,1055,446,87.0,A (ดีมาก)
3289,2024-10-15,2567,10,ฤดูฝน,BNH01,ลำห้วย (Tributary),ธาตุนาเวง,6.76,29.0,353.0,3.28,6.62,39.9,1.566,3.239,2.212,16250,9328,43.8,C (พอใช้)
3290,2025-01-16,2568,1,ฤดูแล้ง,BNH04,ลำห้วย (Tributary),นาแก้ว,7.06,25.5,378.0,3.19,6.3,29.2,1.68,3.21,2.485,180291,72336,41.5,C (พอใช้)
3291,2025-09-07,2568,9,ฤดูฝน,NHK06,หนองหาร (Lake),บ้านแป้น,7.21,30.3,176.0,7.77,2.63,7.5,0.01,0.839,0.699,5083,1385,88.2,A (ดีมาก)
3292,2024-04-26,2567,4,ฤดูแล้ง,BNH07,ลำห้วย (Tributary),งิ้วด่อน,6.63,30.3,315.0,4.02,3.86,9.4,0.811,1.902,1.139,8590,3008,61.2,B (ดี)
3293,2024-01-24,2567,1,ฤดูแล้ง,NHK06,หนองหาร (Lake),บ้านแป้น,7.66,27.5,236.0,7.04,1.48,4.8,0.269,0.818,0.22,4403,2213,85.9,A (ดีมาก)
3294,2024-07-14,2567,7,ฤดูฝน,NHK06,หนองหาร (Lake),บ้านแป้น,6.96,30.4,225.0,8.31,1.59,6.2,0.01,1.262,0.405,1920,1073,90.7,A (ดีมาก)
3295,2025-02-28,2568,2,ฤดูแล้ง,BNH07,ลำห้วย (Tributary),งิ้วด่อน,7.83,25.8,292.0,5.54,4.62,28.6,0.899,2.333,1.459,8624,5027,64.4,B (ดี)
3296,2025-06-05,2568,6,ฤดูฝน,NHK01,หนองหาร (Lake),เมืองสกลนคร,6.67,33.0,202.0,7.64,1.68,6.9,0.01,0.777,0.184,5181,2044,90.4,A (ดีมาก)
3297,2024-10-30,2567,10,ฤดูฝน,NHK03,หนองหาร (Lake),ฮางโฮง,7.07,28.4,172.0,8.87,0.73,8.5,0.01,1.076,0.556,5333,2136,93.0,A (ดีมาก)
3298,2024-11-23,2567,11,ฤดูแล้ง,BNH02,ลำห้วย (Tributary),เชียงเครือ,7.81,27.7,321.0,4.98,4.79,17.1,0.73,2.023,1.446,8746,2752,64.0,B (ดี)
3299,2024-04-15,2567,4,ฤดูแล้ง,BNH08,ลำห้วย (Tributary),เมืองสกลนคร,6.49,29.5,382.0,2.48,5.99,30.8,1.699,3.648,2.558,9055,1832,36.4,D (เสื่อมโทรม)
3300,2024-10-18,2567,10,ฤดูฝน,BNH04,ลำห้วย (Tributary),นาแก้ว,7.29,28.1,390.0,4.16,6.53,22.4,1.44,3.786,2.225,69595,20588,46.5,C (พอใช้)
3301,2024-07-08,2567,7,ฤดูฝน,BNH04,ลำห้วย (Tributary),นาแก้ว,6.86,31.1,378.0,2.95,5.69,37.5,1.525,3.645,2.251,24775,9726,41.0,C (พอใช้)
3302,2024-01-26,2567,1,ฤดูแล้ง,BNH08,ลำห้วย (Tributary),เมืองสกลนคร,6.89,23.4,376.0,4.24,5.32,26.8,1.583,4.041,2.693,42728,24876,42.8,C (พอใช้)
3303,2025-09-16,2568,9,ฤดูฝน,BNH08,ลำห้วย (Tributary),เมืองสกลนคร,7.33,28.6,358.0,2.75,5.64,23.6,1.457,3.164,2.429,22339,4756,41.2,C (พอใช้)
3304,2025-08-13,2568,8,ฤดูฝน,BNH06,ลำห้วย (Tributary),เหล่าปอแดง,7.74,30.5,344.0,6.51,3.45,10.8,0.624,2.028,1.869,10725,3213,69.3,B (ดี)
3305,2025-03-05,2568,3,ฤดูแล้ง,NHK07,หนองหาร (Lake),บ้านแป้น,7.26,26.9,210.0,7.73,0.3,12.2,0.194,0.653,0.258,3384,1678,89.8,A (ดีมาก)
3306,2024-09-16,2567,9,ฤดูฝน,NHK01,หนองหาร (Lake),เมืองสกลนคร,6.75,31.4,238.0,7.94,0.59,6.8,0.01,0.62,0.298,2231,461,91.7,A (ดีมาก)
3307,2024-01-22,2567,1,ฤดูแล้ง,BNH08,ลำห้วย (Tributary),เมืองสกลนคร,7.04,23.3,477.0,2.38,7.36,43.5,1.7,3.88,2.395,25954,5631,36.0,D (เสื่อมโทรม)
3308,2025-03-20,2568,3,ฤดูแล้ง,BNH01,ลำห้วย (Tributary),ธาตุนาเวง,7.53,26.3,337.0,2.96,6.04,28.2,1.52,4.381,2.45,57625,33168,37.6,D (เสื่อมโทรม)
3309,2024-05-15,2567,5,ฤดูแล้ง,NHK01,หนองหาร (Lake),เมืองสกลนคร,6.89,30.9,233.0,6.46,1.72,4.0,0.25,0.671,0.208,5545,2914,84.0,A (ดีมาก)
3310,2024-11-04,2567,11,ฤดูแล้ง,NHK06,หนองหาร (Lake),บ้านแป้น,7.55,24.7,153.0,7.01,1.31,11.2,0.281,1.058,0.2,2381,1197,85.0,A (ดีมาก)
3311,2024-09-12,2567,9,ฤดูฝน,BNH02,ลำห้วย (Tributary),เชียงเครือ,6.98,28.3,296.0,6.58,3.27,16.7,0.464,2.18,1.057,13734,4375,74.1,B (ดี)
3312,2025-04-18,2568,4,ฤดูแล้ง,NHK10,หนองหาร (Lake),งิ้วด่อน,7.81,26.9,131.0,6.85,1.39,4.0,0.117,1.327,0.192,6716,2589,84.4,A (ดีมาก)
3313,2024-07-08,2567,7,ฤดูฝน,NHK07,หนองหาร (Lake),บ้านแป้น,7.49,32.2,285.0,6.94,0.3,10.2,0.01,1.191,0.385,4703,1160,84.9,A (ดีมาก)
3314,2025-12-02,2568,12,ฤดูแล้ง,BNH07,ลำห้วย (Tributary),งิ้วด่อน,7.28,24.7,350.0,5.65,2.03,7.9,0.738,2.093,1.408,17350,4292,66.9,B (ดี)
3315,2024-09-01,2567,9,ฤดูฝน,BNH07,ลำห้วย (Tributary),งิ้วด่อน,7.16,26.2,319.0,6.81,1.91,7.7,0.513,1.913,1.077,8158,3119,75.6,B (ดี)
3316,2025-01-05,2568,1,ฤดูแล้ง,BNH01,ลำห้วย (Tributary),ธาตุนาเวง,6.91,22.7,348.0,3.49,5.79,21.6,1.51,4.428,2.502,40691,15603,39.6,D (เสื่อมโทรม)
3317,2025-07-24,2568,7,ฤดูฝน,BNH06,ลำห้วย (Tributary),เหล่าปอแดง,7.21,30.3,367.0,6.29,1.32,5.6,0.709,3.008,1.614,2830,1222,65.8,B (ดี)
3318,2025-09-14,2568,9,ฤดูฝน,NHK07,หนองหาร (Lake),บ้านแป้น,6.95,29.6,238.0,8.03,0.3,4.0,0.165,0.71,1.735,5176,2972,83.7,A (ดีมาก)
3319,2025-02-09,2568,2,ฤดูแล้ง,NHK06,หนองหาร (Lake),บ้านแป้น,7.38,24.6,198.0,6.28,0.46,4.0,0.139,1.536,0.993,2434,1445,77.0,B (ดี)
3320,2024-07-07,2567,7,ฤดูฝน,NHK09,หนองหาร (Lake),เหล่าปอแดง,7.74,31.1,157.0,6.66,1.75,4.0,0.01,0.711,0.155,7396,1817,86.4,A (ดีมาก)
3321,2025-03-27,2568,3,ฤดูแล้ง,BNH05,ลำห้วย (Tributary),ม่วงลาย,6.83,25.2,308.0,4.94,3.4,20.8,0.789,2.736,1.153,9796,4672,62.6,B (ดี)
3322,2024-07-09,2567,7,ฤดูฝน,NHK02,หนองหาร (Lake),ธาตุนาเวง,7.06,32.3,224.0,6.01,3.58,13.0,0.999,3.617,1.429,6446,3800,61.8,B (ดี)
3323,2025-08-22,2568,8,ฤดูฝน,NHK09,หนองหาร (Lake),เหล่าปอแดง,6.27,29.7,173.0,7.86,0.3,16.2,0.01,0.7,0.187,8981,5196,91.6,A (ดีมาก)
3324,2025-11-29,2568,11,ฤดูแล้ง,BNH03,ลำห้วย (Tributary),ท่าแร่,6.33,24.9,381.0,2.37,8.41,34.4,1.744,3.641,2.298,31544,9887,37.0,D (เสื่อมโทรม)
3325,2025-12-04,2568,12,ฤดูแล้ง,BNH07,ลำห้วย (Tributary),งิ้วด่อน,7.15,26.2,283.0,5.71,4.8,19.4,0.645,2.245,1.102,5171,1102,68.7,B (ดี)
3326,2024-04-17,2567,4,ฤดูแล้ง,NHK09,หนองหาร (Lake),เหล่าปอแดง,7.06,26.8,230.0,7.39,2.98,13.7,0.168,1.158,0.927,2876,1445,83.4,A (ดีมาก)
3327,2025-08-17,2568,8,ฤดูฝน,BNH01,ลำห้วย (Tributary),ธาตุนาเวง,7.01,31.2,437.0,3.54,5.59,12.4,1.322,3.173,2.595,11283,2926,44.6,C (พอใช้)
3328,2024-06-14,2567,6,ฤดูฝน,NHK06,หนองหาร (Lake),บ้านแป้น,7.15,32.5,299.0,5.61,0.3,4.0,0.19,1.346,0.547,1082,622,76.6,B (ดี)
3329,2024-04-29,2567,4,ฤดูแล้ง,NHK10,หนองหาร (Lake),งิ้วด่อน,7.54,28.1,202.0,6.32,0.34,4.0,0.239,1.42,0.189,9082,3226,81.1,A (ดีมาก)
3330,2024-02-27,2567,2,ฤดูแล้ง,BNH07,ลำห้วย (Tributary),งิ้วด่อน,7.09,23.8,387.0,6.49,5.52,23.8,0.786,2.873,1.286,7196,2254,68.4,B (ดี)
3331,2024-07-21,2567,7,ฤดูฝน,NHK04,หนองหาร (Lake),เชียงเครือ,7.55,30.6,315.0,7.95,0.4,4.0,0.01,0.669,0.534,4098,1268,90.4,A (ดีมาก)
3332,2025-12-24,2568,12,ฤดูแล้ง,NHK05,หนองหาร (Lake),ท่าแร่,7.87,27.7,283.0,7.92,0.38,4.0,0.262,1.095,0.153,1398,792,89.3,A (ดีมาก)
3333,2024-05-18,2567,5,ฤดูแล้ง,BNH03,ลำห้วย (Tributary),ท่าแร่,7.1,28.7,393.0,2.95,5.83,25.2,1.833,3.179,2.962,89201,30450,37.2,D (เสื่อมโทรม)
3334,2025-04-08,2568,4,ฤดูแล้ง,BNH04,ลำห้วย (Tributary),นาแก้ว,6.75,28.5,404.0,3.2,8.08,24.6,1.574,3.348,2.613,54087,19229,41.0,C (พอใช้)
3335,2025-07-12,2568,7,ฤดูฝน,NHK03,หนองหาร (Lake),ฮางโฮง,7.03,31.1,301.0,8.17,0.3,4.0,0.01,2.176,0.673,4123,2081,85.7,A (ดีมาก)
3336,2025-10-04,2568,10,ฤดูฝน,BNH06,ลำห้วย (Tributary),เหล่าปอแดง,7.29,27.9,339.0,4.96,3.5,15.4,0.476,3.111,1.37,8810,3354,62.1,B (ดี)
3337,2025-07-06,2568,7,ฤดูฝน,NHK05,หนองหาร (Lake),ท่าแร่,7.17,30.9,186.0,7.41,0.3,4.0,0.01,0.61,0.973,3183,1361,86.0,A (ดีมาก)
3338,2024-04-16,2567,4,ฤดูแล้ง,BNH01,ลำห้วย (Tributary),ธาตุนาเวง,6.6,28.3,339.0,1.39,8.18,42.6,1.914,3.929,2.93,62013,14012,27.5,D (เสื่อมโทรม)
3339,2024-05-02,2567,5,ฤดูแล้ง,NHK06,หนองหาร (Lake),บ้านแป้น,7.09,30.1,199.0,6.78,0.89,4.0,0.289,1.589,0.342,1414,808,81.5,A (ดีมาก)
3340,2025-09-21,2568,9,ฤดูฝน,BNH01,ลำห้วย (Tributary),ธาตุนาเวง,6.69,29.4,397.0,3.2,7.23,47.0,1.456,3.162,2.221,9522,2491,44.3,C (พอใช้)
3341,2024-04-02,2567,4,ฤดูแล้ง,BNH07,ลำห้วย (Tributary),งิ้วด่อน,7.44,29.5,322.0,4.74,4.71,18.0,0.624,2.085,1.331,14483,6405,63.9,B (ดี)
3342,2024-02-01,2567,2,ฤดูแล้ง,NHK06,หนองหาร (Lake),บ้านแป้น,7.55,25.8,152.0,6.89,2.94,6.2,0.181,2.346,0.68,2610,708,78.4,B (ดี)
3343,2025-04-23,2568,4,ฤดูแล้ง,NHK09,หนองหาร (Lake),เหล่าปอแดง,6.63,27.3,214.0,5.08,1.18,7.0,0.283,0.603,0.264,3698,892,77.6,B (ดี)
3344,2024-02-20,2567,2,ฤดูแล้ง,NHK07,หนองหาร (Lake),บ้านแป้น,7.29,24.4,238.0,6.2,1.73,8.6,0.165,1.368,0.247,1521,540,80.8,A (ดีมาก)
3345,2024-04-01,2567,4,ฤดูแล้ง,BNH01,ลำห้วย (Tributary),ธาตุนาเวง,6.46,29.0,372.0,2.81,6.53,38.5,1.526,4.083,2.443,40437,14325,37.9,D (เสื่อมโทรม)
3346,2025-10-27,2568,10,ฤดูฝน,NHK04,หนองหาร (Lake),เชียงเครือ,7.24,30.3,168.0,7.62,1.54,13.2,0.021,0.755,0.17,715,216,90.4,A (ดีมาก)
3347,2025-04-13,2568,4,ฤดูแล้ง,NHK03,หนองหาร (Lake),ฮางโฮง,7.08,27.9,201.0,6.69,2.41,13.7,0.341,0.601,0.511,2654,1445,83.2,A (ดีมาก)
3348,2025-08-23,2568,8,ฤดูฝน,NHK07,หนองหาร (Lake),บ้านแป้น,7.17,32.0,229.0,6.8,0.3,4.0,0.01,0.957,0.211,1479,653,85.9,A (ดีมาก)
3349,2024-03-09,2567,3,ฤดูแล้ง,BNH03,ลำห้วย (Tributary),ท่าแร่,7.23,27.1,410.0,3.5,7.44,23.7,1.884,4.343,2.336,23887,13175,38.6,D (เสื่อมโทรม)
3350,2024-12-27,2567,12,ฤดูแล้ง,NHK03,หนองหาร (Lake),ฮางโฮง,6.99,25.2,171.0,8.24,2.28,4.0,0.128,1.135,0.164,430,237,91.3,A (ดีมาก)
3351,2025-03-15,2568,3,ฤดูแล้ง,NHK07,หนองหาร (Lake),บ้านแป้น,6.86,26.4,307.0,7.69,0.3,4.0,0.548,0.645,0.511,4296,2212,86.3,A (ดีมาก)
3352,2025-09-28,2568,9,ฤดูฝน,NHK06,หนองหาร (Lake),บ้านแป้น,7.11,28.8,257.0,8.39,0.96,4.0,0.01,0.639,0.739,2381,1125,91.4,A (ดีมาก)
3353,2024-09-06,2567,9,ฤดูฝน,NHK09,หนองหาร (Lake),เหล่าปอแดง,7.14,29.3,284.0,7.49,0.3,9.5,0.01,0.747,0.792,5406,3238,86.8,A (ดีมาก)
3354,2025-03-16,2568,3,ฤดูแล้ง,BNH04,ลำห้วย (Tributary),นาแก้ว,6.9,26.7,327.0,3.54,7.61,26.4,1.565,3.2,2.2,23155,13045,45.1,C (พอใช้)
3355,2024-08-27,2567,8,ฤดูฝน,NHK04,หนองหาร (Lake),เชียงเครือ,7.44,30.9,195.0,7.01,0.48,4.0,0.01,1.066,0.29,2199,940,86.1,A (ดีมาก)
3356,2024-01-25,2567,1,ฤดูแล้ง,BNH04,ลำห้วย (Tributary),นาแก้ว,7.01,23.8,335.0,3.1,6.45,41.5,1.528,3.948,2.237,18385,5611,40.7,C (พอใช้)
3357,2025-07-01,2568,7,ฤดูฝน,NHK10,หนองหาร (Lake),งิ้วด่อน,7.41,31.7,191.0,7.77,0.45,4.0,0.507,0.675,0.317,5493,1609,87.8,A (ดีมาก)
3358,2024-09-21,2567,9,ฤดูฝน,BNH02,ลำห้วย (Tributary),เชียงเครือ,7.12,27.2,253.0,5.51,3.75,16.5,0.74,2.287,1.267,5923,1662,66.3,B (ดี)
3359,2024-06-13,2567,6,ฤดูฝน,BNH08,ลำห้วย (Tributary),เมืองสกลนคร,6.75,31.6,429.0,4.05,7.01,35.1,1.721,3.924,2.449,12958,7481,42.9,C (พอใช้)
3360,2025-12-07,2568,12,ฤดูแล้ง,NHK07,หนองหาร (Lake),บ้านแป้น,7.27,24.1,237.0,5.94,1.97,8.7,0.205,0.685,0.586,4135,1728,80.0,B (ดี)
3361,2025-12-17,2568,12,ฤดูแล้ง,BNH05,ลำห้วย (Tributary),ม่วงลาย,8.08,25.7,340.0,7.05,5.39,37.1,0.604,2.381,1.399,6060,2123,72.9,B (ดี)
3362,2025-05-21,2568,5,ฤดูแล้ง,NHK06,หนองหาร (Lake),บ้านแป้น,7.48,30.9,162.0,6.28,1.11,4.0,0.16,1.266,0.664,3417,993,79.5,B (ดี)
3363,2025-01-25,2568,1,ฤดูแล้ง,NHK02,หนองหาร (Lake),ธาตุนาเวง,7.23,25.0,307.0,4.65,5.69,36.5,1.454,2.101,1.48,8393,3861,58.0,C (พอใช้)
3364,2025-03-31,2568,3,ฤดูแล้ง,BNH01,ลำห้วย (Tributary),ธาตุนาเวง,6.12,25.7,404.0,2.57,9.0,46.1,1.586,3.57,2.361,70516,31046,38.7,D (เสื่อมโทรม)
3365,2024-03-14,2567,3,ฤดูแล้ง,BNH06,ลำห้วย (Tributary),เหล่าปอแดง,7.04,25.1,374.0,4.28,2.9,4.0,0.7,2.712,1.446,12612,3926,58.7,C (พอใช้)
3366,2024-05-12,2567,5,ฤดูแล้ง,NHK07,หนองหาร (Lake),บ้านแป้น,7.5,27.6,193.0,7.01,2.09,6.6,0.12,1.23,0.296,8156,2815,84.9,A (ดีมาก)
3367,2024-05-04,2567,5,ฤดูแล้ง,NHK07,หนองหาร (Lake),บ้านแป้น,7.12,29.8,190.0,6.69,0.97,13.0,0.338,0.66,1.076,3866,1066,80.2,A (ดีมาก)
3368,2025-03-30,2568,3,ฤดูแล้ง,BNH01,ลำห้วย (Tributary),ธาตุนาเวง,7.32,29.5,442.0,2.85,7.41,35.9,1.554,3.424,2.472,13727,3293,40.0,D (เสื่อมโทรม)
3369,2024-09-17,2567,9,ฤดูฝน,BNH05,ลำห้วย (Tributary),ม่วงลาย,6.81,29.2,277.0,6.83,3.04,15.6,0.417,1.926,1.446,4158,1335,74.3,B (ดี)
3370,2024-06-08,2567,6,ฤดูฝน,BNH03,ลำห้วย (Tributary),ท่าแร่,7.17,31.3,334.0,3.32,6.16,26.3,1.422,4.042,2.382,44731,22030,41.2,C (พอใช้)
3371,2025-10-01,2568,10,ฤดูฝน,BNH03,ลำห้วย (Tributary),ท่าแร่,6.78,27.9,387.0,2.85,8.62,39.0,1.314,3.601,2.285,42078,21694,41.7,C (พอใช้)
3372,2025-08-01,2568,8,ฤดูฝน,NHK08,หนองหาร (Lake),นาตงวัฒนา,7.54,30.3,263.0,8.39,1.81,13.7,0.102,0.68,0.2,3228,1505,93.4,A (ดีมาก)
3373,2024-05-07,2567,5,ฤดูแล้ง,NHK01,หนองหาร (Lake),เมืองสกลนคร,7.24,30.4,212.0,6.84,0.37,9.5,0.29,0.931,0.28,3406,944,84.3,A (ดีมาก)
3374,2025-01-29,2568,1,ฤดูแล้ง,NHK09,หนองหาร (Lake),เหล่าปอแดง,7.43,27.9,275.0,5.43,2.34,6.3,0.477,2.139,0.26,7328,3685,73.0,B (ดี)
3375,2024-11-10,2567,11,ฤดูแล้ง,NHK09,หนองหาร (Lake),เหล่าปอแดง,7.36,25.7,221.0,6.34,1.02,13.1,0.271,0.807,0.367,2511,1272,82.1,A (ดีมาก)
3376,2025-01-30,2568,1,ฤดูแล้ง,NHK08,หนองหาร (Lake),นาตงวัฒนา,7.31,25.0,186.0,7.11,1.59,4.0,0.103,1.16,0.398,2586,1243,85.1,A (ดีมาก)
3377,2024-10-25,2567,10,ฤดูฝน,NHK03,หนองหาร (Lake),ฮางโฮง,7.32,27.6,185.0,8.85,0.3,4.0,0.01,0.677,0.69,12444,4538,93.6,A (ดีมาก)
3378,2024-03-30,2567,3,ฤดูแล้ง,BNH07,ลำห้วย (Tributary),งิ้วด่อน,6.1,26.1,335.0,5.36,3.48,5.6,0.66,2.063,1.24,7981,4661,67.0,B (ดี)
3379,2024-09-05,2567,9,ฤดูฝน,NHK09,หนองหาร (Lake),เหล่าปอแดง,6.64,29.2,167.0,7.17,1.29,4.6,0.063,0.647,0.309,5703,1734,87.8,A (ดีมาก)
3380,2024-10-17,2567,10,ฤดูฝน,NHK02,หนองหาร (Lake),ธาตุนาเวง,6.64,28.6,282.0,5.65,3.24,6.4,1.042,3.943,1.371,8894,2799,59.1,C (พอใช้)
3381,2024-05-29,2567,5,ฤดูแล้ง,BNH02,ลำห้วย (Tributary),เชียงเครือ,7.06,30.5,315.0,5.33,4.98,12.1,1.657,1.903,1.308,19000,9642,61.3,B (ดี)
3382,2025-10-29,2568,10,ฤดูฝน,NHK01,หนองหาร (Lake),เมืองสกลนคร,7.55,28.6,210.0,7.8,1.75,10.6,0.086,0.769,0.969,1554,429,86.8,A (ดีมาก)
3383,2025-08-26,2568,8,ฤดูฝน,BNH04,ลำห้วย (Tributary),นาแก้ว,7.53,32.2,391.0,3.66,3.72,12.3,1.617,3.528,2.28,31627,10766,43.9,C (พอใช้)
3384,2025-03-25,2568,3,ฤดูแล้ง,NHK02,หนองหาร (Lake),ธาตุนาเวง,6.3,27.8,324.0,2.92,5.08,16.6,1.111,1.851,1.488,25270,9847,53.0,C (พอใช้)
3385,2025-05-22,2568,5,ฤดูแล้ง,BNH02,ลำห้วย (Tributary),เชียงเครือ,7.31,29.6,331.0,5.95,5.53,27.7,0.605,1.916,1.598,10190,2376,68.6,B (ดี)
3386,2025-11-26,2568,11,ฤดูแล้ง,NHK05,หนองหาร (Lake),ท่าแร่,7.4,27.1,309.0,5.06,1.51,10.5,0.237,1.183,0.527,3345,1820,74.6,B (ดี)
3387,2024-08-08,2567,8,ฤดูฝน,BNH06,ลำห้วย (Tributary),เหล่าปอแดง,7.47,31.0,343.0,6.65,4.28,19.5,0.578,2.037,1.331,3875,820,72.8,B (ดี)
3388,2025-09-21,2568,9,ฤดูฝน,BNH06,ลำห้วย (Tributary),เหล่าปอแดง,7.06,29.1,270.0,5.61,3.18,18.8,0.471,2.243,1.485,10524,3141,67.3,B (ดี)
3389,2025-08-25,2568,8,ฤดูฝน,BNH06,ลำห้วย (Tributary),เหล่าปอแดง,6.99,30.7,333.0,4.78,2.61,6.2,0.401,3.466,1.329,13521,3165,60.8,B (ดี)
3390,2024-11-12,2567,11,ฤดูแล้ง,BNH03,ลำห้วย (Tributary),ท่าแร่,7.62,26.8,349.0,1.65,6.4,29.8,1.923,3.62,2.236,67367,31637,33.1,D (เสื่อมโทรม)
3391,2025-11-08,2568,11,ฤดูแล้ง,BNH03,ลำห้วย (Tributary),ท่าแร่,6.67,25.1,359.0,3.07,7.63,35.1,1.687,4.018,2.29,93026,44648,39.2,D (เสื่อมโทรม)
3392,2024-01-01,2567,1,ฤดูแล้ง,BNH07,ลำห้วย (Tributary),งิ้วด่อน,7.3,26.0,336.0,4.84,3.72,8.1,0.862,1.98,1.08,32626,15304,64.6,B (ดี)
3393,2024-08-31,2567,8,ฤดูฝน,NHK06,หนองหาร (Lake),บ้านแป้น,7.45,31.0,236.0,6.28,0.3,4.0,0.054,1.318,0.719,3989,1147,79.6,B (ดี)
3394,2025-11-14,2568,11,ฤดูแล้ง,NHK09,หนองหาร (Lake),เหล่าปอแดง,7.73,26.1,255.0,6.32,0.3,4.0,0.653,0.645,0.486,5435,1552,79.8,B (ดี)
3395,2024-11-24,2567,11,ฤดูแล้ง,BNH03,ลำห้วย (Tributary),ท่าแร่,7.4,26.6,362.0,3.86,5.49,17.4,1.964,3.702,2.275,182516,61974,42.2,C (พอใช้)
3396,2025-08-26,2568,8,ฤดูฝน,BNH04,ลำห้วย (Tributary),นาแก้ว,6.88,29.6,311.0,4.52,8.19,32.4,1.405,3.732,2.65,22985,10948,46.4,C (พอใช้)
3397,2025-03-01,2568,3,ฤดูแล้ง,NHK05,หนองหาร (Lake),ท่าแร่,7.07,26.1,243.0,6.48,1.31,5.0,0.592,1.045,0.907,2634,1025,77.4,B (ดี)
3398,2024-12-04,2567,12,ฤดูแล้ง,BNH02,ลำห้วย (Tributary),เชียงเครือ,6.97,25.7,347.0,4.74,2.91,14.6,1.562,1.905,1.05,6864,3845,60.6,B (ดี)
3399,2024-10-30,2567,10,ฤดูฝน,NHK04,หนองหาร (Lake),เชียงเครือ,7.04,28.2,233.0,7.42,1.79,4.0,0.01,0.696,0.212,540,252,89.5,A (ดีมาก)
3400,2025-01-03,2568,1,ฤดูแล้ง,NHK02,หนองหาร (Lake),ธาตุนาเวง,6.47,23.6,382.0,4.98,4.99,30.2,1.301,2.641,1.525,36902,21795,58.3,C (พอใช้)
3401,2024-01-03,2567,1,ฤดูแล้ง,BNH05,ลำห้วย (Tributary),ม่วงลาย,7.31,24.7,376.0,7.1,4.6,26.6,0.66,2.711,1.14,11938,5765,73.0,B (ดี)
3402,2024-06-21,2567,6,ฤดูฝน,BNH07,ลำห้วย (Tributary),งิ้วด่อน,6.62,28.9,334.0,5.09,2.72,16.0,0.697,2.251,1.076,2457,910,65.7,B (ดี)
3403,2025-09-08,2568,9,ฤดูฝน,BNH02,ลำห้วย (Tributary),เชียงเครือ,7.46,29.5,353.0,7.24,2.61,5.7,0.509,2.432,1.26,4464,2095,74.9,B (ดี)
3404,2025-04-15,2568,4,ฤดูแล้ง,NHK06,หนองหาร (Lake),บ้านแป้น,7.05,27.8,248.0,6.47,0.88,8.8,0.12,0.603,0.189,3655,1680,85.1,A (ดีมาก)
3405,2025-02-06,2568,2,ฤดูแล้ง,NHK08,หนองหาร (Lake),นาตงวัฒนา,7.33,24.5,216.0,7.42,3.82,25.8,0.213,2.499,0.495,15692,6802,81.0,A (ดีมาก)
3406,2024-01-07,2567,1,ฤดูแล้ง,NHK09,หนองหาร (Lake),เหล่าปอแดง,6.82,25.7,227.0,6.47,2.36,4.0,0.504,0.744,0.599,7978,1601,80.4,A (ดีมาก)
3407,2024-05-11,2567,5,ฤดูแล้ง,BNH08,ลำห้วย (Tributary),เมืองสกลนคร,6.99,28.2,426.0,2.56,7.5,27.8,1.528,3.15,2.366,24130,12818,40.3,C (พอใช้)
3408,2025-07-31,2568,7,ฤดูฝน,BNH01,ลำห้วย (Tributary),ธาตุนาเวง,6.73,30.9,402.0,3.38,6.09,25.0,1.543,3.114,2.238,11688,3934,44.6,C (พอใช้)
3409,2024-03-05,2567,3,ฤดูแล้ง,BNH03,ลำห้วย (Tributary),ท่าแร่,7.42,25.8,395.0,3.0,7.49,44.2,2.204,3.142,2.444,48174,18701,38.1,D (เสื่อมโทรม)
3410,2025-04-30,2568,4,ฤดูแล้ง,NHK10,หนองหาร (Lake),งิ้วด่อน,7.45,27.4,262.0,6.57,3.31,5.4,0.668,1.616,0.214,3870,1233,78.9,B (ดี)
3411,2025-03-15,2568,3,ฤดูแล้ง,NHK06,หนองหาร (Lake),บ้านแป้น,6.97,26.1,276.0,6.75,2.25,10.4,0.25,0.617,0.187,1952,1016,85.6,A (ดีมาก)
3412,2024-12-08,2567,12,ฤดูแล้ง,BNH08,ลำห้วย (Tributary),เมืองสกลนคร,7.36,24.0,372.0,3.9,8.26,33.1,1.547,3.23,2.405,162641,81933,45.7,C (พอใช้)
3413,2024-12-10,2567,12,ฤดูแล้ง,BNH08,ลำห้วย (Tributary),เมืองสกลนคร,6.75,25.0,398.0,3.8,6.7,25.5,1.512,3.268,2.161,61982,28744,46.5,C (พอใช้)
3414,2025-05-30,2568,5,ฤดูแล้ง,BNH01,ลำห้วย (Tributary),ธาตุนาเวง,7.74,30.6,429.0,3.06,7.95,39.1,1.505,3.555,2.336,53885,27847,41.5,C (พอใช้)
3415,2024-05-03,2567,5,ฤดูแล้ง,NHK08,หนองหาร (Lake),นาตงวัฒนา,8.02,29.3,217.0,7.12,3.39,12.9,0.134,0.874,0.325,1162,480,86.3,A (ดีมาก)
3416,2025-03-21,2568,3,ฤดูแล้ง,BNH03,ลำห้วย (Tributary),ท่าแร่,6.75,27.6,385.0,3.77,9.08,33.7,1.807,3.362,2.246,92568,27021,44.0,C (พอใช้)
3417,2025-03-01,2568,3,ฤดูแล้ง,BNH04,ลำห้วย (Tributary),นาแก้ว,6.69,24.6,353.0,2.68,6.67,34.4,1.519,3.159,2.309,50821,16997,41.2,C (พอใช้)
3418,2025-02-04,2568,2,ฤดูแล้ง,NHK08,หนองหาร (Lake),นาตงวัฒนา,7.12,25.4,215.0,7.25,0.3,4.0,0.24,0.911,0.387,2818,1666,85.9,A (ดีมาก)
3419,2024-04-25,2567,4,ฤดูแล้ง,NHK09,หนองหาร (Lake),เหล่าปอแดง,6.9,29.9,150.0,6.81,1.94,13.2,0.213,0.841,0.683,5756,3320,82.8,A (ดีมาก)
3420,2024-02-25,2567,2,ฤดูแล้ง,NHK09,หนองหาร (Lake),เหล่าปอแดง,7.22,24.9,308.0,6.85,1.31,17.4,0.104,0.998,0.268,3859,1366,85.2,A (ดีมาก)
3421,2025-02-09,2568,2,ฤดูแล้ง,NHK07,หนองหาร (Lake),บ้านแป้น,7.24,23.8,191.0,6.62,3.21,13.9,0.156,0.607,0.422,5542,1399,84.4,A (ดีมาก)
3422,2024-05-21,2567,5,ฤดูแล้ง,NHK07,หนองหาร (Lake),บ้านแป้น,7.23,29.7,214.0,5.95,0.42,4.0,0.35,0.877,0.157,2541,919,80.8,A (ดีมาก)
3423,2024-01-23,2567,1,ฤดูแล้ง,NHK04,หนองหาร (Lake),เชียงเครือ,6.63,24.4,218.0,6.66,2.0,8.5,0.426,0.68,0.697,8362,2893,81.4,A (ดีมาก)
3424,2024-09-25,2567,9,ฤดูฝน,NHK06,หนองหาร (Lake),บ้านแป้น,8.02,28.4,252.0,7.52,1.57,18.8,0.187,0.735,0.233,6612,2764,88.7,A (ดีมาก)
3425,2025-10-09,2568,10,ฤดูฝน,NHK06,หนองหาร (Lake),บ้านแป้น,6.9,28.3,316.0,7.79,3.08,11.3,0.01,1.085,0.288,21358,8002,89.5,A (ดีมาก)
3426,2024-11-26,2567,11,ฤดูแล้ง,BNH08,ลำห้วย (Tributary),เมืองสกลนคร,7.04,26.7,390.0,2.57,8.74,35.6,1.668,3.486,2.713,21776,12415,36.7,D (เสื่อมโทรม)
3427,2025-02-09,2568,2,ฤดูแล้ง,BNH02,ลำห้วย (Tributary),เชียงเครือ,6.8,24.4,314.0,6.04,5.23,32.9,0.638,1.91,1.301,27181,9805,70.3,B (ดี)
3428,2025-07-21,2568,7,ฤดูฝน,NHK02,หนองหาร (Lake),ธาตุนาเวง,6.84,31.2,270.0,5.32,3.87,18.1,0.933,2.04,2.567,32517,11600,58.7,C (พอใช้)
3429,2025-12-06,2568,12,ฤดูแล้ง,BNH02,ลำห้วย (Tributary),เชียงเครือ,7.4,26.0,345.0,5.75,3.8,18.6,0.604,2.682,1.484,29462,7129,65.7,B (ดี)
3430,2024-03-22,2567,3,ฤดูแล้ง,NHK08,หนองหาร (Lake),นาตงวัฒนา,6.65,26.2,236.0,6.94,3.38,22.8,0.136,1.468,0.165,6277,1512,84.4,A (ดีมาก)
3431,2024-05-23,2567,5,ฤดูแล้ง,NHK04,หนองหาร (Lake),เชียงเครือ,7.56,30.5,251.0,7.1,2.28,12.1,0.163,0.621,0.758,2574,609,84.8,A (ดีมาก)
3432,2024-04-05,2567,4,ฤดูแล้ง,NHK02,หนองหาร (Lake),ธาตุนาเวง,7.24,27.3,335.0,5.08,5.04,16.7,1.001,2.1,1.354,17829,10328,63.1,B (ดี)
3433,2024-10-06,2567,10,ฤดูฝน,BNH04,ลำห้วย (Tributary),นาแก้ว,7.34,26.0,361.0,2.96,8.77,37.6,1.351,3.282,2.222,62504,24277,43.4,C (พอใช้)
3434,2025-06-15,2568,6,ฤดูฝน,BNH03,ลำห้วย (Tributary),ท่าแร่,6.83,30.5,363.0,4.45,6.61,27.3,1.383,3.199,2.33,82813,37224,49.6,C (พอใช้)
3435,2025-04-13,2568,4,ฤดูแล้ง,NHK06,หนองหาร (Lake),บ้านแป้น,7.31,27.4,190.0,8.08,0.77,5.4,0.13,0.682,0.181,1586,714,92.0,A (ดีมาก)
3436,2025-08-30,2568,8,ฤดูฝน,NHK02,หนองหาร (Lake),ธาตุนาเวง,7.47,30.5,298.0,5.38,3.67,9.3,1.36,2.218,2.213,24090,8031,57.7,C (พอใช้)
3437,2024-06-04,2567,6,ฤดูฝน,NHK01,หนองหาร (Lake),เมืองสกลนคร,6.76,29.6,219.0,7.8,1.12,10.4,0.343,0.691,0.376,1453,800,88.5,A (ดีมาก)
3438,2024-11-13,2567,11,ฤดูแล้ง,BNH04,ลำห้วย (Tributary),นาแก้ว,7.21,25.8,421.0,2.05,6.09,29.4,1.564,5.13,2.256,29005,14301,31.8,D (เสื่อมโทรม)
3439,2024-11-04,2567,11,ฤดูแล้ง,NHK04,หนองหาร (Lake),เชียงเครือ,7.21,27.8,272.0,6.86,1.64,4.0,0.266,0.827,0.655,5177,2394,82.9,A (ดีมาก)
3440,2024-03-25,2567,3,ฤดูแล้ง,BNH02,ลำห้วย (Tributary),เชียงเครือ,7.86,24.4,359.0,5.46,3.04,14.6,0.647,2.034,1.121,30838,9639,68.2,B (ดี)
3441,2024-06-22,2567,6,ฤดูฝน,NHK09,หนองหาร (Lake),เหล่าปอแดง,6.73,30.3,273.0,8.98,2.19,8.2,0.01,0.962,1.167,1870,1085,90.8,A (ดีมาก)
3442,2025-04-05,2568,4,ฤดูแล้ง,NHK01,หนองหาร (Lake),เมืองสกลนคร,7.15,28.5,307.0,5.95,3.07,7.8,0.216,1.096,0.424,7768,3080,79.5,B (ดี)
3443,2024-10-22,2567,10,ฤดูฝน,BNH01,ลำห้วย (Tributary),ธาตุนาเวง,7.2,30.0,346.0,3.49,6.27,18.1,1.355,3.322,2.38,43596,17124,44.8,C (พอใช้)
3444,2024-08-28,2567,8,ฤดูฝน,NHK03,หนองหาร (Lake),ฮางโฮง,6.94,29.2,188.0,8.75,0.3,4.0,0.383,0.955,0.375,9882,3156,91.6,A (ดีมาก)
3445,2025-04-23,2568,4,ฤดูแล้ง,BNH01,ลำห้วย (Tributary),ธาตุนาเวง,7.2,26.8,314.0,3.16,6.85,36.7,1.577,3.252,2.255,60855,30982,42.9,C (พอใช้)
3446,2025-07-31,2568,7,ฤดูฝน,BNH01,ลำห้วย (Tributary),ธาตุนาเวง,7.26,31.1,351.0,3.87,5.49,37.1,1.671,3.705,2.327,91379,26899,43.7,C (พอใช้)
3447,2024-07-19,2567,7,ฤดูฝน,NHK03,หนองหาร (Lake),ฮางโฮง,7.19,31.8,237.0,7.03,0.3,4.0,0.148,0.615,0.445,1973,590,86.1,A (ดีมาก)
3448,2024-11-27,2567,11,ฤดูแล้ง,BNH02,ลำห้วย (Tributary),เชียงเครือ,7.83,24.8,369.0,6.31,3.94,14.4,0.664,2.083,1.25,8778,3197,71.1,B (ดี)
3449,2025-06-26,2568,6,ฤดูฝน,NHK10,หนองหาร (Lake),งิ้วด่อน,7.36,31.1,235.0,8.39,0.77,4.0,0.01,0.667,0.151,3260,722,94.2,A (ดีมาก)
3450,2024-07-29,2567,7,ฤดูฝน,BNH06,ลำห้วย (Tributary),เหล่าปอแดง,6.75,32.0,284.0,6.57,1.84,9.2,0.536,2.173,1.293,6891,1786,72.4,B (ดี)
3451,2025-05-17,2568,5,ฤดูแล้ง,BNH03,ลำห้วย (Tributary),ท่าแร่,7.4,29.9,367.0,3.34,6.92,32.0,1.601,3.138,2.247,34792,14609,44.0,C (พอใช้)
3452,2024-11-12,2567,11,ฤดูแล้ง,BNH01,ลำห้วย (Tributary),ธาตุนาเวง,6.52,27.2,344.0,3.59,6.3,18.6,1.503,3.455,2.603,24386,11180,42.8,C (พอใช้)
3453,2024-12-09,2567,12,ฤดูแล้ง,BNH03,ลำห้วย (Tributary),ท่าแร่,7.14,24.7,391.0,3.23,7.92,29.6,1.557,3.122,2.39,92695,35666,43.1,C (พอใช้)
3454,2025-09-26,2568,9,ฤดูฝน,BNH08,ลำห้วย (Tributary),เมืองสกลนคร,7.24,30.1,374.0,3.51,6.04,33.8,1.303,3.325,2.165,46542,22859,46.2,C (พอใช้)
3455,2025-07-21,2568,7,ฤดูฝน,NHK10,หนองหาร (Lake),งิ้วด่อน,7.19,31.3,228.0,7.81,0.3,4.0,0.01,0.756,0.278,4262,2347,90.8,A (ดีมาก)
3456,2025-07-20,2568,7,ฤดูฝน,NHK02,หนองหาร (Lake),ธาตุนาเวง,7.27,30.8,329.0,5.08,3.45,13.4,1.031,2.558,1.694,14855,3474,59.7,C (พอใช้)
3457,2025-07-31,2568,7,ฤดูฝน,NHK03,หนองหาร (Lake),ฮางโฮง,6.76,28.6,215.0,7.96,0.3,4.0,0.33,0.756,0.451,5138,1410,88.7,A (ดีมาก)
3458,2025-05-22,2568,5,ฤดูแล้ง,NHK07,หนองหาร (Lake),บ้านแป้น,7.43,30.7,250.0,6.74,2.12,4.0,0.154,0.854,0.166,2453,665,85.4,A (ดีมาก)
3459,2025-02-16,2568,2,ฤดูแล้ง,BNH08,ลำห้วย (Tributary),เมืองสกลนคร,6.39,25.4,378.0,2.94,7.61,25.7,1.777,3.307,2.199,98389,29373,40.9,C (พอใช้)
3460,2024-02-02,2567,2,ฤดูแล้ง,NHK09,หนองหาร (Lake),เหล่าปอแดง,6.33,24.5,314.0,6.9,2.62,5.5,0.116,1.861,0.355,7191,1529,82.0,A (ดีมาก)
3461,2025-06-18,2568,6,ฤดูฝน,NHK01,หนองหาร (Lake),เมืองสกลนคร,7.29,31.1,242.0,7.41,0.3,6.1,0.114,0.908,0.165,4147,1738,88.4,A (ดีมาก)
3462,2025-07-30,2568,7,ฤดูฝน,BNH06,ลำห้วย (Tributary),เหล่าปอแดง,6.93,31.3,378.0,4.59,3.61,23.0,0.52,1.99,1.773,9910,4944,61.9,B (ดี)
3463,2024-04-27,2567,4,ฤดูแล้ง,NHK09,หนองหาร (Lake),เหล่าปอแดง,7.46,29.7,364.0,6.55,0.3,4.0,0.108,0.803,0.528,2719,1585,83.2,A (ดีมาก)
3464,2024-06-23,2567,6,ฤดูฝน,BNH04,ลำห้วย (Tributary),นาแก้ว,7.06,28.8,413.0,3.82,5.83,16.4,1.345,3.325,2.526,36701,8710,45.6,C (พอใช้)
3465,2024-01-16,2567,1,ฤดูแล้ง,NHK07,หนองหาร (Lake),บ้านแป้น,7.34,24.3,212.0,6.61,1.79,6.4,0.573,1.07,0.32,9157,4825,80.9,A (ดีมาก)
3466,2024-08-23,2567,8,ฤดูฝน,BNH06,ลำห้วย (Tributary),เหล่าปอแดง,7.26,31.4,267.0,5.98,3.0,16.0,0.486,3.371,1.241,9402,2964,66.3,B (ดี)
3467,2024-12-03,2567,12,ฤดูแล้ง,BNH02,ลำห้วย (Tributary),เชียงเครือ,7.31,24.7,372.0,5.5,4.74,23.3,0.718,2.768,1.193,18122,9563,65.2,B (ดี)
3468,2024-07-06,2567,7,ฤดูฝน,NHK04,หนองหาร (Lake),เชียงเครือ,7.7,31.6,230.0,8.1,1.02,4.0,0.01,2.207,0.183,6499,3858,87.7,A (ดีมาก)
3469,2025-01-18,2568,1,ฤดูแล้ง,BNH06,ลำห้วย (Tributary),เหล่าปอแดง,7.29,25.4,307.0,7.19,2.81,12.9,0.645,2.588,1.151,24995,13684,73.9,B (ดี)
3470,2024-01-28,2567,1,ฤดูแล้ง,NHK06,หนองหาร (Lake),บ้านแป้น,7.22,27.5,229.0,6.92,1.94,9.4,0.161,0.635,0.498,2395,994,85.2,A (ดีมาก)
3471,2024-05-14,2567,5,ฤดูแล้ง,NHK01,หนองหาร (Lake),เมืองสกลนคร,7.18,30.5,273.0,6.11,1.9,8.6,0.258,2.017,0.438,6848,3795,76.8,B (ดี)
3472,2025-06-02,2568,6,ฤดูฝน,NHK08,หนองหาร (Lake),นาตงวัฒนา,7.63,31.5,214.0,7.55,0.3,4.0,0.104,0.99,0.319,3075,849,88.1,A (ดีมาก)
3473,2024-09-20,2567,9,ฤดูฝน,NHK10,หนองหาร (Lake),งิ้วด่อน,6.96,29.3,248.0,8.08,3.27,22.2,0.01,0.989,0.316,9640,5223,91.0,A (ดีมาก)
3474,2024-07-18,2567,7,ฤดูฝน,NHK09,หนองหาร (Lake),เหล่าปอแดง,7.02,29.5,176.0,7.91,0.3,4.0,0.028,1.146,0.246,3988,866,89.9,A (ดีมาก)
3475,2025-06-11,2568,6,ฤดูฝน,BNH02,ลำห้วย (Tributary),เชียงเครือ,7.3,32.3,375.0,6.31,2.12,4.0,0.656,2.227,1.081,9059,2444,71.5,B (ดี)
3476,2024-06-19,2567,6,ฤดูฝน,BNH02,ลำห้วย (Tributary),เชียงเครือ,7.08,33.5,334.0,5.91,1.21,4.0,0.54,1.989,1.908,9469,4139,67.0,B (ดี)
3477,2024-10-16,2567,10,ฤดูฝน,NHK01,หนองหาร (Lake),เมืองสกลนคร,7.49,29.0,175.0,8.18,0.96,7.9,0.01,0.808,0.514,10620,2592,91.0,A (ดีมาก)
3478,2025-03-05,2568,3,ฤดูแล้ง,BNH01,ลำห้วย (Tributary),ธาตุนาเวง,6.44,29.3,317.0,2.31,5.7,25.9,1.708,4.506,2.849,105009,41894,31.2,D (เสื่อมโทรม)
3479,2025-08-13,2568,8,ฤดูฝน,NHK05,หนองหาร (Lake),ท่าแร่,7.07,30.9,242.0,7.85,0.78,5.8,0.048,0.712,0.187,5888,1512,91.3,A (ดีมาก)
3480,2024-10-20,2567,10,ฤดูฝน,NHK08,หนองหาร (Lake),นาตงวัฒนา,7.64,27.5,206.0,7.65,0.91,5.5,0.01,0.623,0.764,7084,2201,88.0,A (ดีมาก)
3481,2024-07-18,2567,7,ฤดูฝน,NHK05,หนองหาร (Lake),ท่าแร่,7.33,31.4,213.0,7.93,0.83,4.0,0.01,4.559,0.178,5131,2607,79.1,B (ดี)
3482,2024-10-06,2567,10,ฤดูฝน,BNH01,ลำห้วย (Tributary),ธาตุนาเวง,7.18,27.6,316.0,4.01,5.72,13.4,1.38,3.88,2.213,229139,79258,45.9,C (พอใช้)
3483,2025-08-14,2568,8,ฤดูฝน,BNH06,ลำห้วย (Tributary),เหล่าปอแดง,7.01,29.5,303.0,5.9,2.53,13.9,0.415,3.019,1.086,8899,2554,68.4,B (ดี)
3484,2025-08-19,2568,8,ฤดูฝน,NHK01,หนองหาร (Lake),เมืองสกลนคร,6.77,30.4,275.0,6.39,1.42,4.0,0.236,1.352,0.266,7230,3083,81.2,A (ดีมาก)
3485,2025-10-31,2568,10,ฤดูฝน,BNH05,ลำห้วย (Tributary),ม่วงลาย,7.44,28.4,279.0,6.64,3.08,22.8,0.619,3.159,1.065,15970,4252,70.1,B (ดี)
3486,2025-02-05,2568,2,ฤดูแล้ง,BNH07,ลำห้วย (Tributary),งิ้วด่อน,7.39,24.8,252.0,6.18,5.17,33.7,0.679,2.278,1.223,7467,3124,69.9,B (ดี)
3487,2024-12-18,2567,12,ฤดูแล้ง,BNH06,ลำห้วย (Tributary),เหล่าปอแดง,7.01,26.0,318.0,6.46,3.77,15.9,0.672,3.429,1.157,5281,2408,67.6,B (ดี)
3488,2024-10-01,2567,10,ฤดูฝน,BNH03,ลำห้วย (Tributary),ท่าแร่,7.15,27.6,431.0,4.0,6.5,33.8,1.319,3.576,2.526,35319,19119,45.7,C (พอใช้)
3489,2025-10-12,2568,10,ฤดูฝน,NHK07,หนองหาร (Lake),บ้านแป้น,7.38,27.4,303.0,7.66,1.22,10.9,0.106,1.566,0.252,1828,997,86.9,A (ดีมาก)
3490,2025-02-28,2568,2,ฤดูแล้ง,NHK09,หนองหาร (Lake),เหล่าปอแดง,7.51,28.1,184.0,6.75,0.78,4.0,0.36,0.941,0.45,957,357,82.6,A (ดีมาก)
3491,2025-01-15,2568,1,ฤดูแล้ง,BNH01,ลำห้วย (Tributary),ธาตุนาเวง,6.61,23.6,389.0,3.24,6.1,14.0,1.582,3.139,2.346,102142,31426,43.2,C (พอใช้)
3492,2025-03-22,2568,3,ฤดูแล้ง,NHK08,หนองหาร (Lake),นาตงวัฒนา,7.03,26.3,232.0,5.69,1.93,4.6,0.175,1.608,0.387,1829,869,77.0,B (ดี)
3493,2025-08-19,2568,8,ฤดูฝน,NHK03,หนองหาร (Lake),ฮางโฮง,6.87,29.9,325.0,6.78,1.06,9.0,0.01,0.831,0.296,2904,1720,85.8,A (ดีมาก)
3494,2025-07-02,2568,7,ฤดูฝน,BNH03,ลำห้วย (Tributary),ท่าแร่,7.11,30.7,409.0,3.95,5.19,19.3,1.352,3.279,2.323,25153,9944,47.3,C (พอใช้)
3495,2024-02-11,2567,2,ฤดูแล้ง,BNH04,ลำห้วย (Tributary),นาแก้ว,7.16,26.1,409.0,2.67,7.15,23.3,1.501,3.495,2.478,172682,67854,39.2,D (เสื่อมโทรม)
3496,2024-07-10,2567,7,ฤดูฝน,BNH03,ลำห้วย (Tributary),ท่าแร่,6.45,31.4,323.0,5.28,6.64,41.5,1.395,3.773,2.202,90775,28122,51.9,C (พอใช้)
3497,2025-01-14,2568,1,ฤดูแล้ง,BNH02,ลำห้วย (Tributary),เชียงเครือ,7.2,26.8,263.0,6.16,3.23,15.5,0.781,2.749,1.088,13532,3737,68.3,B (ดี)
3498,2025-08-18,2568,8,ฤดูฝน,NHK09,หนองหาร (Lake),เหล่าปอแดง,6.78,31.1,165.0,7.71,2.17,5.6,0.01,0.777,0.255,4547,1624,90.4,A (ดีมาก)
3499,2024-04-13,2567,4,ฤดูแล้ง,BNH07,ลำห้วย (Tributary),งิ้วด่อน,7.07,28.1,348.0,5.8,2.97,4.0,0.673,2.021,1.443,11767,5604,68.0,B (ดี)
3500,2024-05-25,2567,5,ฤดูแล้ง,NHK08,หนองหาร (Lake),นาตงวัฒนา,7.12,29.1,169.0,7.15,1.11,7.7,0.2,0.956,0.411,6796,3133,85.4,A (ดีมาก)
3501,2025-06-27,2568,6,ฤดูฝน,BNH02,ลำห้วย (Tributary),เชียงเครือ,7.25,32.4,283.0,4.52,3.57,25.6,0.421,2.813,1.238,2298,791,62.1,B (ดี)
3502,2024-06-24,2567,6,ฤดูฝน,NHK07,หนองหาร (Lake),บ้านแป้น,7.05,31.4,248.0,8.35,1.35,16.9,0.089,0.855,0.277,4427,1940,92.4,A (ดีมาก)
3503,2024-02-23,2567,2,ฤดูแล้ง,NHK09,หนองหาร (Lake),เหล่าปอแดง,7.55,25.9,213.0,7.64,1.67,6.8,0.269,0.945,0.239,4094,1529,88.1,A (ดีมาก)
3504,2025-08-30,2568,8,ฤดูฝน,NHK01,หนองหาร (Lake),เมืองสกลนคร,7.19,31.3,303.0,7.75,0.3,4.0,0.01,0.655,0.825,1634,849,88.1,A (ดีมาก)
3505,2025-05-11,2568,5,ฤดูแล้ง,BNH07,ลำห้วย (Tributary),งิ้วด่อน,7.33,29.7,337.0,4.83,3.62,23.2,0.646,1.934,1.109,7720,2687,65.8,B (ดี)
3506,2024-08-21,2567,8,ฤดูฝน,NHK10,หนองหาร (Lake),งิ้วด่อน,7.52,29.8,207.0,8.15,0.34,4.0,0.01,0.639,0.157,1627,462,93.2,A (ดีมาก)
3507,2025-10-01,2568,10,ฤดูฝน,NHK07,หนองหาร (Lake),บ้านแป้น,6.39,29.2,238.0,8.79,0.3,4.0,0.088,0.672,0.677,1326,516,92.9,A (ดีมาก)
3508,2024-09-01,2567,9,ฤดูฝน,BNH07,ลำห้วย (Tributary),งิ้วด่อน,7.1,27.9,333.0,5.96,2.64,15.4,0.901,3.115,1.351,10977,5187,64.2,B (ดี)
3509,2025-03-23,2568,3,ฤดูแล้ง,BNH05,ลำห้วย (Tributary),ม่วงลาย,7.16,26.6,249.0,6.7,4.66,10.4,0.622,2.307,1.454,18359,5700,71.3,B (ดี)
3510,2025-07-03,2568,7,ฤดูฝน,NHK09,หนองหาร (Lake),เหล่าปอแดง,7.33,32.2,259.0,7.81,1.09,4.0,0.01,0.669,0.579,2500,1203,89.5,A (ดีมาก)
3511,2024-02-13,2567,2,ฤดูแล้ง,NHK06,หนองหาร (Lake),บ้านแป้น,7.3,25.5,236.0,7.11,1.11,4.0,0.104,1.198,0.268,7578,3224,85.7,A (ดีมาก)
3512,2024-06-17,2567,6,ฤดูฝน,NHK02,หนองหาร (Lake),ธาตุนาเวง,7.54,28.3,319.0,5.06,2.44,4.8,0.92,1.903,1.252,7177,1976,64.6,B (ดี)
3513,2025-08-25,2568,8,ฤดูฝน,BNH01,ลำห้วย (Tributary),ธาตุนาเวง,7.98,31.5,423.0,3.19,5.57,32.2,1.391,3.166,2.581,36533,15500,42.8,C (พอใช้)
3514,2025-10-12,2568,10,ฤดูฝน,NHK07,หนองหาร (Lake),บ้านแป้น,6.92,28.5,145.0,5.54,0.3,4.7,0.04,1.262,0.644,2988,1204,77.0,B (ดี)
3515,2024-06-04,2567,6,ฤดูฝน,BNH04,ลำห้วย (Tributary),นาแก้ว,6.83,28.2,340.0,3.33,5.42,26.0,1.429,3.311,2.152,94404,41748,44.8,C (พอใช้)
3516,2024-06-18,2567,6,ฤดูฝน,BNH05,ลำห้วย (Tributary),ม่วงลาย,6.59,31.9,330.0,6.18,4.02,13.7,0.518,2.155,1.465,5587,2341,70.0,B (ดี)
3517,2024-04-13,2567,4,ฤดูแล้ง,BNH03,ลำห้วย (Tributary),ท่าแร่,6.87,27.7,329.0,3.59,7.64,28.6,1.529,3.702,2.383,34145,14163,43.0,C (พอใช้)
3518,2025-12-29,2568,12,ฤดูแล้ง,NHK04,หนองหาร (Lake),เชียงเครือ,6.99,25.8,217.0,7.25,1.16,4.0,0.135,1.229,0.262,1717,772,86.1,A (ดีมาก)
3519,2024-10-03,2567,10,ฤดูฝน,NHK01,หนองหาร (Lake),เมืองสกลนคร,7.56,29.6,223.0,7.57,0.3,4.0,0.385,1.635,0.261,2729,1379,84.7,A (ดีมาก)
3520,2024-12-24,2567,12,ฤดูแล้ง,NHK09,หนองหาร (Lake),เหล่าปอแดง,7.01,26.4,188.0,8.16,2.72,16.5,0.525,0.996,0.258,3034,813,88.7,A (ดีมาก)
3521,2024-06-21,2567,6,ฤดูฝน,NHK08,หนองหาร (Lake),นาตงวัฒนา,6.91,31.9,229.0,7.57,0.37,4.0,0.028,0.904,0.291,7890,1771,89.0,A (ดีมาก)
3522,2024-09-17,2567,9,ฤดูฝน,BNH07,ลำห้วย (Tributary),งิ้วด่อน,6.91,29.9,363.0,6.99,4.09,17.2,0.527,2.096,1.328,6408,3246,74.4,B (ดี)
3523,2025-02-18,2568,2,ฤดูแล้ง,NHK01,หนองหาร (Lake),เมืองสกลนคร,7.14,24.8,261.0,5.88,0.69,5.0,0.217,0.876,0.186,10592,4515,81.1,A (ดีมาก)
3524,2025-07-07,2568,7,ฤดูฝน,BNH01,ลำห้วย (Tributary),ธาตุนาเวง,6.79,31.1,372.0,3.13,6.67,24.1,1.473,3.133,2.164,21027,7755,44.2,C (พอใช้)
3525,2025-09-05,2568,9,ฤดูฝน,NHK10,หนองหาร (Lake),งิ้วด่อน,6.77,30.1,200.0,6.86,0.3,4.0,0.01,0.724,0.31,1574,454,86.5,A (ดีมาก)
3526,2024-07-05,2567,7,ฤดูฝน,BNH04,ลำห้วย (Tributary),นาแก้ว,6.71,30.4,373.0,3.1,4.52,16.5,1.385,3.676,2.156,77211,22776,42.8,C (พอใช้)
3527,2025-02-10,2568,2,ฤดูแล้ง,BNH08,ลำห้วย (Tributary),เมืองสกลนคร,6.86,23.8,333.0,3.09,7.24,22.2,1.54,3.625,2.723,27415,6435,39.2,D (เสื่อมโทรม)
3528,2024-03-10,2567,3,ฤดูแล้ง,NHK04,หนองหาร (Lake),เชียงเครือ,7.89,24.7,253.0,7.03,1.97,4.6,0.143,0.779,0.312,1436,449,86.3,A (ดีมาก)
3529,2024-05-28,2567,5,ฤดูแล้ง,BNH04,ลำห้วย (Tributary),นาแก้ว,7.28,29.0,454.0,2.03,6.8,33.3,1.523,3.235,2.275,20845,4852,38.2,D (เสื่อมโทรม)
3530,2025-06-13,2568,6,ฤดูฝน,BNH07,ลำห้วย (Tributary),งิ้วด่อน,7.66,31.9,372.0,5.52,3.27,15.2,0.403,2.533,1.184,16916,7668,67.9,B (ดี)
3531,2024-05-10,2567,5,ฤดูแล้ง,NHK01,หนองหาร (Lake),เมืองสกลนคร,7.2,29.5,255.0,5.73,1.3,4.4,0.153,0.611,0.407,2228,589,80.5,A (ดีมาก)
3532,2024-05-06,2567,5,ฤดูแล้ง,NHK07,หนองหาร (Lake),บ้านแป้น,7.48,29.7,209.0,6.38,1.69,5.8,0.104,0.973,0.951,4323,1343,79.8,B (ดี)
3533,2025-11-29,2568,11,ฤดูแล้ง,NHK08,หนองหาร (Lake),นาตงวัฒนา,7.06,28.0,250.0,6.51,1.32,4.0,0.408,0.953,0.153,4979,1696,82.7,A (ดีมาก)
3534,2025-04-20,2568,4,ฤดูแล้ง,BNH02,ลำห้วย (Tributary),เชียงเครือ,6.65,30.0,290.0,5.06,2.35,16.8,0.674,3.538,1.791,29291,11979,57.9,C (พอใช้)
3535,2025-06-27,2568,6,ฤดูฝน,NHK07,หนองหาร (Lake),บ้านแป้น,7.19,29.4,207.0,6.73,0.4,4.0,0.062,0.991,0.212,2288,1122,85.2,A (ดีมาก)
3536,2024-10-20,2567,10,ฤดูฝน,BNH06,ลำห้วย (Tributary),เหล่าปอแดง,6.88,28.9,302.0,6.48,2.76,14.2,0.497,3.005,1.268,7406,2823,69.6,B (ดี)
3537,2024-07-29,2567,7,ฤดูฝน,BNH08,ลำห้วย (Tributary),เมืองสกลนคร,6.94,29.3,364.0,4.42,6.82,31.3,1.312,3.513,2.432,98690,32708,48.3,C (พอใช้)
3538,2024-10-20,2567,10,ฤดูฝน,NHK03,หนองหาร (Lake),ฮางโฮง,6.75,29.2,272.0,9.47,1.33,4.0,0.01,0.775,0.759,3618,925,95.6,A (ดีมาก)
3539,2024-04-14,2567,4,ฤดูแล้ง,NHK06,หนองหาร (Lake),บ้านแป้น,7.75,28.3,220.0,6.85,1.85,6.5,0.202,0.828,0.214,2261,1086,85.4,A (ดีมาก)
3540,2024-11-14,2567,11,ฤดูแล้ง,NHK08,หนองหาร (Lake),นาตงวัฒนา,7.22,26.0,208.0,6.48,2.42,16.2,0.132,0.966,0.354,6093,3125,83.0,A (ดีมาก)
3541,2025-10-28,2568,10,ฤดูฝน,BNH08,ลำห้วย (Tributary),เมืองสกลนคร,6.72,29.7,370.0,3.61,6.19,24.5,1.605,3.478,2.667,59586,23070,41.9,C (พอใช้)
3542,2025-10-02,2568,10,ฤดูฝน,NHK09,หนองหาร (Lake),เหล่าปอแดง,7.25,26.8,158.0,6.79,0.62,4.0,0.347,0.976,0.274,3002,1405,83.6,A (ดีมาก)
3543,2025-10-15,2568,10,ฤดูฝน,BNH01,ลำห้วย (Tributary),ธาตุนาเวง,7.55,29.3,358.0,3.9,5.49,31.3,1.456,3.173,2.219,52029,19505,47.3,C (พอใช้)
3544,2024-11-22,2567,11,ฤดูแล้ง,BNH08,ลำห้วย (Tributary),เมืองสกลนคร,6.83,27.9,427.0,3.43,6.61,40.3,1.507,3.336,2.271,94096,34095,44.2,C (พอใช้)
3545,2024-02-24,2567,2,ฤดูแล้ง,BNH02,ลำห้วย (Tributary),เชียงเครือ,7.61,26.0,341.0,5.8,4.96,12.2,0.606,2.348,1.233,6053,3529,68.3,B (ดี)
3546,2025-08-20,2568,8,ฤดูฝน,NHK08,หนองหาร (Lake),นาตงวัฒนา,6.38,29.4,231.0,8.68,0.87,4.6,0.311,0.969,0.345,8942,3410,91.8,A (ดีมาก)
3547,2024-10-20,2567,10,ฤดูฝน,NHK05,หนองหาร (Lake),ท่าแร่,6.9,27.5,261.0,8.83,0.3,9.5,0.22,1.664,0.431,8818,4868,90.3,A (ดีมาก)
3548,2025-10-30,2568,10,ฤดูฝน,NHK01,หนองหาร (Lake),เมืองสกลนคร,6.7,28.6,243.0,8.16,1.21,4.0,0.01,1.083,0.409,28537,14794,90.5,A (ดีมาก)
3549,2025-05-13,2568,5,ฤดูแล้ง,NHK06,หนองหาร (Lake),บ้านแป้น,6.83,31.0,208.0,6.21,0.34,4.0,0.104,0.709,0.254,1301,507,83.4,A (ดีมาก)
3550,2025-01-09,2568,1,ฤดูแล้ง,NHK10,หนองหาร (Lake),งิ้วด่อน,7.94,24.7,307.0,6.82,1.54,4.0,0.118,0.633,0.165,587,219,86.7,A (ดีมาก)
3551,2025-10-14,2568,10,ฤดูฝน,NHK04,หนองหาร (Lake),เชียงเครือ,6.81,27.2,245.0,7.05,0.53,4.0,0.01,1.724,0.335,2492,623,83.9,A (ดีมาก)
3552,2025-01-25,2568,1,ฤดูแล้ง,BNH05,ลำห้วย (Tributary),ม่วงลาย,6.9,25.1,324.0,5.42,3.81,10.7,0.714,2.299,1.295,13654,7693,65.9,B (ดี)
3553,2024-01-13,2567,1,ฤดูแล้ง,BNH05,ลำห้วย (Tributary),ม่วงลาย,6.66,23.8,262.0,4.7,3.89,15.3,0.863,2.023,1.114,5828,2281,63.7,B (ดี)
3554,2024-06-08,2567,6,ฤดูฝน,BNH08,ลำห้วย (Tributary),เมืองสกลนคร,6.64,28.5,377.0,4.5,5.89,26.8,1.766,3.608,2.343,33318,11458,46.2,C (พอใช้)
3555,2025-01-12,2568,1,ฤดูแล้ง,BNH04,ลำห้วย (Tributary),นาแก้ว,7.27,26.9,378.0,3.51,6.97,24.0,1.521,3.984,2.152,70888,15763,42.9,C (พอใช้)
3556,2025-04-08,2568,4,ฤดูแล้ง,NHK07,หนองหาร (Lake),บ้านแป้น,7.22,26.2,197.0,7.77,1.66,9.8,0.555,0.929,0.499,1661,923,85.8,A (ดีมาก)
3557,2024-09-29,2567,9,ฤดูฝน,NHK06,หนองหาร (Lake),บ้านแป้น,6.84,28.7,292.0,8.35,0.3,4.0,0.01,0.781,0.178,713,200,93.6,A (ดีมาก)
3558,2024-10-24,2567,10,ฤดูฝน,NHK06,หนองหาร (Lake),บ้านแป้น,6.99,27.5,203.0,8.56,0.3,9.2,0.01,0.774,0.161,6096,3513,94.6,A (ดีมาก)
3559,2024-11-26,2567,11,ฤดูแล้ง,NHK10,หนองหาร (Lake),งิ้วด่อน,6.15,28.7,116.0,6.53,1.8,9.0,0.126,1.416,0.452,2189,1124,81.3,A (ดีมาก)
3560,2024-06-11,2567,6,ฤดูฝน,BNH08,ลำห้วย (Tributary),เมืองสกลนคร,6.81,32.2,319.0,4.32,5.79,36.0,1.531,3.152,2.19,27701,16524,49.0,C (พอใช้)
3561,2025-08-12,2568,8,ฤดูฝน,BNH02,ลำห้วย (Tributary),เชียงเครือ,7.15,28.1,360.0,7.17,3.48,17.9,0.742,2.72,1.761,24597,4920,69.8,B (ดี)
3562,2025-10-31,2568,10,ฤดูฝน,NHK04,หนองหาร (Lake),เชียงเครือ,7.45,30.3,290.0,7.61,1.46,9.1,0.088,0.98,0.233,8066,4315,88.9,A (ดีมาก)
3563,2024-02-18,2567,2,ฤดูแล้ง,NHK06,หนองหาร (Lake),บ้านแป้น,7.04,24.4,192.0,6.68,0.91,4.0,0.209,0.814,1.027,5317,2512,80.6,A (ดีมาก)
3564,2025-11-17,2568,11,ฤดูแล้ง,BNH06,ลำห้วย (Tributary),เหล่าปอแดง,6.83,25.1,259.0,5.14,4.53,23.4,0.665,2.738,1.566,15856,8332,62.1,B (ดี)
3565,2024-03-01,2567,3,ฤดูแล้ง,NHK02,หนองหาร (Lake),ธาตุนาเวง,7.42,26.4,350.0,4.39,6.65,26.7,1.059,3.15,1.695,8008,3434,54.5,C (พอใช้)
3566,2025-12-04,2568,12,ฤดูแล้ง,NHK05,หนองหาร (Lake),ท่าแร่,7.0,27.1,215.0,6.76,0.88,4.0,0.143,1.012,0.49,4020,1961,83.4,A (ดีมาก)
3567,2025-03-26,2568,3,ฤดูแล้ง,NHK01,หนองหาร (Lake),เมืองสกลนคร,6.65,26.6,265.0,7.08,2.5,10.9,0.121,0.785,0.304,9826,3416,86.6,A (ดีมาก)
3568,2025-01-29,2568,1,ฤดูแล้ง,BNH07,ลำห้วย (Tributary),งิ้วด่อน,7.1,24.6,325.0,5.53,4.07,15.9,0.68,2.312,1.203,16114,3831,67.0,B (ดี)
3569,2024-12-20,2567,12,ฤดูแล้ง,BNH02,ลำห้วย (Tributary),เชียงเครือ,7.23,24.6,356.0,5.72,3.92,16.5,1.057,2.209,1.208,10981,4457,66.0,B (ดี)
3570,2025-06-11,2568,6,ฤดูฝน,NHK05,หนองหาร (Lake),ท่าแร่,7.32,30.1,249.0,6.63,0.36,4.0,0.02,0.768,0.22,788,289,85.7,A (ดีมาก)
3571,2024-10-21,2567,10,ฤดูฝน,NHK02,หนองหาร (Lake),ธาตุนาเวง,7.68,27.3,297.0,5.86,3.06,10.8,1.309,2.567,1.433,19550,8356,62.8,B (ดี)
3572,2025-11-28,2568,11,ฤดูแล้ง,BNH05,ลำห้วย (Tributary),ม่วงลาย,6.9,28.7,303.0,5.01,4.38,16.3,1.201,2.597,1.518,12873,5491,59.2,C (พอใช้)
3573,2024-03-31,2567,3,ฤดูแล้ง,NHK10,หนองหาร (Lake),งิ้วด่อน,7.58,28.1,224.0,8.22,1.17,4.0,0.191,0.687,0.341,1226,291,91.4,A (ดีมาก)
3574,2025-01-20,2568,1,ฤดูแล้ง,NHK07,หนองหาร (Lake),บ้านแป้น,6.88,26.5,260.0,6.41,0.36,6.1,0.155,2.769,0.527,2306,490,75.7,B (ดี)
3575,2024-01-05,2567,1,ฤดูแล้ง,BNH01,ลำห้วย (Tributary),ธาตุนาเวง,6.63,25.3,398.0,3.6,5.96,27.7,1.559,3.601,2.269,121866,70573,43.7,C (พอใช้)
3576,2024-01-18,2567,1,ฤดูแล้ง,NHK10,หนองหาร (Lake),งิ้วด่อน,7.28,25.2,217.0,7.5,1.71,18.8,0.108,0.765,0.37,2503,1183,88.3,A (ดีมาก)
3577,2025-12-13,2568,12,ฤดูแล้ง,NHK02,หนองหาร (Lake),ธาตุนาเวง,7.32,23.4,306.0,4.81,5.06,21.6,1.11,1.909,1.256,10277,6001,62.4,B (ดี)
3578,2025-10-15,2568,10,ฤดูฝน,NHK06,หนองหาร (Lake),บ้านแป้น,7.02,29.2,222.0,7.33,0.3,4.0,0.01,1.344,0.321,4599,1060,86.4,A (ดีมาก)
3579,2024-12-01,2567,12,ฤดูแล้ง,NHK09,หนองหาร (Lake),เหล่าปอแดง,6.76,22.7,178.0,6.42,0.3,5.3,0.166,1.099,0.617,6841,3026,80.8,A (ดีมาก)
3580,2025-02-02,2568,2,ฤดูแล้ง,NHK05,หนองหาร (Lake),ท่าแร่,7.18,25.1,274.0,6.64,3.1,19.2,0.195,0.777,0.178,4552,2424,84.9,A (ดีมาก)
3581,2024-09-19,2567,9,ฤดูฝน,NHK10,หนองหาร (Lake),งิ้วด่อน,7.04,27.6,243.0,7.51,1.81,16.4,0.157,0.992,0.243,4782,1185,88.0,A (ดีมาก)
3582,2024-10-25,2567,10,ฤดูฝน,NHK03,หนองหาร (Lake),ฮางโฮง,7.45,28.6,251.0,7.29,1.64,7.2,0.103,0.834,0.319,26802,12466,87.4,A (ดีมาก)
3583,2025-03-13,2568,3,ฤดูแล้ง,BNH02,ลำห้วย (Tributary),เชียงเครือ,7.51,27.7,280.0,5.83,3.11,20.2,0.93,1.924,2.557,35611,11424,61.4,B (ดี)
3584,2024-09-18,2567,9,ฤดูฝน,NHK03,หนองหาร (Lake),ฮางโฮง,7.1,28.5,213.0,8.39,0.3,4.0,0.01,0.883,0.248,9248,4263,93.0,A (ดีมาก)
3585,2024-06-17,2567,6,ฤดูฝน,BNH03,ลำห้วย (Tributary),ท่าแร่,6.92,30.6,359.0,3.02,8.25,36.9,1.37,3.19,2.648,49329,16200,41.7,C (พอใช้)
3586,2024-06-23,2567,6,ฤดูฝน,NHK07,หนองหาร (Lake),บ้านแป้น,7.78,29.2,276.0,7.32,2.63,13.3,0.01,0.925,0.162,1410,351,88.6,A (ดีมาก)
3587,2024-05-14,2567,5,ฤดูแล้ง,BNH06,ลำห้วย (Tributary),เหล่าปอแดง,7.18,29.5,372.0,4.53,3.91,32.1,0.844,2.24,1.861,4466,2368,58.6,C (พอใช้)
3588,2025-10-18,2568,10,ฤดูฝน,BNH02,ลำห้วย (Tributary),เชียงเครือ,7.13,29.7,263.0,7.4,2.91,14.0,0.928,2.657,1.203,15580,6359,72.7,B (ดี)
3589,2024-01-24,2567,1,ฤดูแล้ง,BNH04,ลำห้วย (Tributary),นาแก้ว,7.5,24.5,419.0,2.58,8.1,37.0,1.559,3.914,2.283,40235,18169,38.1,D (เสื่อมโทรม)
3590,2024-02-13,2567,2,ฤดูแล้ง,NHK06,หนองหาร (Lake),บ้านแป้น,7.46,24.8,252.0,6.16,2.37,6.6,0.153,0.935,0.602,4656,1225,80.4,A (ดีมาก)
3591,2024-06-11,2567,6,ฤดูฝน,NHK10,หนองหาร (Lake),งิ้วด่อน,6.91,28.9,205.0,7.29,2.01,4.0,0.01,2.905,0.433,2787,1285,80.5,A (ดีมาก)
3592,2025-04-18,2568,4,ฤดูแล้ง,NHK08,หนองหาร (Lake),นาตงวัฒนา,7.45,29.4,194.0,6.86,1.58,6.4,0.202,1.346,0.199,8510,3278,83.9,A (ดีมาก)
3593,2025-08-16,2568,8,ฤดูฝน,BNH08,ลำห้วย (Tributary),เมืองสกลนคร,6.52,30.9,392.0,3.02,5.09,27.1,1.331,3.348,2.32,16840,4335,43.1,C (พอใช้)
3594,2025-10-25,2568,10,ฤดูฝน,NHK05,หนองหาร (Lake),ท่าแร่,7.37,28.1,318.0,6.64,1.76,8.1,0.336,0.934,0.184,5034,1611,83.6,A (ดีมาก)
3595,2024-07-22,2567,7,ฤดูฝน,NHK06,หนองหาร (Lake),บ้านแป้น,7.33,31.4,278.0,6.86,0.63,4.0,0.243,1.263,0.561,1941,1063,82.1,A (ดีมาก)
3596,2025-12-15,2568,12,ฤดูแล้ง,NHK08,หนองหาร (Lake),นาตงวัฒนา,7.02,24.9,133.0,6.83,1.59,4.0,0.141,0.628,0.412,2231,1331,85.4,A (ดีมาก)
3597,2025-01-02,2568,1,ฤดูแล้ง,BNH01,ลำห้วย (Tributary),ธาตุนาเวง,8.08,26.8,414.0,2.26,7.82,33.4,1.507,3.132,2.267,44719,12845,39.7,D (เสื่อมโทรม)
3598,2025-01-10,2568,1,ฤดูแล้ง,NHK05,หนองหาร (Lake),ท่าแร่,7.07,25.7,269.0,6.63,1.55,7.7,0.138,0.642,0.326,1145,679,84.9,A (ดีมาก)
3599,2024-07-11,2567,7,ฤดูฝน,BNH07,ลำห้วย (Tributary),งิ้วด่อน,6.89,32.1,320.0,6.95,2.23,4.0,0.406,2.247,1.051,25861,13236,75.8,B (ดี)
3600,2024-06-02,2567,6,ฤดูฝน,BNH02,ลำห้วย (Tributary),เชียงเครือ,7.44,32.0,360.0,7.27,3.62,19.6,1.303,2.195,1.181,14565,6143,71.6,B (ดี)
3601,2025-05-25,2568,5,ฤดูแล้ง,BNH04,ลำห้วย (Tributary),นาแก้ว,7.02,28.3,331.0,2.25,6.14,23.4,1.693,3.251,2.389,45201,10420,37.5,D (เสื่อมโทรม)
3602,2024-08-20,2567,8,ฤดูฝน,NHK07,หนองหาร (Lake),บ้านแป้น,7.17,30.3,212.0,7.42,2.21,4.0,0.01,0.625,0.294,2233,556,89.4,A (ดีมาก)
3603,2025-08-13,2568,8,ฤดูฝน,NHK04,หนองหาร (Lake),เชียงเครือ,7.06,31.9,227.0,7.4,0.3,4.0,0.109,1.294,0.278,4653,2160,86.6,A (ดีมาก)
3604,2024-01-19,2567,1,ฤดูแล้ง,NHK07,หนองหาร (Lake),บ้านแป้น,7.4,25.9,207.0,6.46,1.37,14.0,0.337,1.794,0.254,16769,7369,79.6,B (ดี)
3605,2024-04-25,2567,4,ฤดูแล้ง,NHK05,หนองหาร (Lake),ท่าแร่,6.8,25.9,128.0,7.16,0.95,9.6,0.172,1.679,0.258,6303,1272,84.0,A (ดีมาก)
3606,2025-12-29,2568,12,ฤดูแล้ง,NHK08,หนองหาร (Lake),นาตงวัฒนา,7.41,25.6,223.0,6.8,1.5,4.7,0.124,1.502,0.299,18146,8484,83.0,A (ดีมาก)
3607,2025-01-10,2568,1,ฤดูแล้ง,NHK04,หนองหาร (Lake),เชียงเครือ,7.17,25.0,166.0,6.05,1.14,4.0,0.159,0.792,0.413,7974,2336,81.3,A (ดีมาก)
3608,2024-12-06,2567,12,ฤดูแล้ง,NHK08,หนองหาร (Lake),นาตงวัฒนา,7.25,25.8,229.0,7.79,1.23,7.3,0.142,1.098,0.334,3397,1218,88.5,A (ดีมาก)
3609,2024-09-25,2567,9,ฤดูฝน,BNH06,ลำห้วย (Tributary),เหล่าปอแดง,7.26,31.2,212.0,6.4,3.21,13.6,0.472,2.071,1.331,10518,2464,72.2,B (ดี)
3610,2025-04-23,2568,4,ฤดูแล้ง,BNH01,ลำห้วย (Tributary),ธาตุนาเวง,6.92,28.4,372.0,3.26,6.74,30.2,1.568,3.714,2.647,36580,15133,39.9,D (เสื่อมโทรม)
3611,2024-08-15,2567,8,ฤดูฝน,BNH06,ลำห้วย (Tributary),เหล่าปอแดง,8.15,30.9,276.0,5.92,2.27,9.3,0.407,2.172,1.311,3460,1070,70.2,B (ดี)
3612,2024-06-18,2567,6,ฤดูฝน,BNH02,ลำห้วย (Tributary),เชียงเครือ,6.14,31.9,336.0,6.25,3.12,4.0,0.59,2.149,1.15,25731,8822,71.5,B (ดี)
3613,2024-02-09,2567,2,ฤดูแล้ง,BNH02,ลำห้วย (Tributary),เชียงเครือ,7.12,25.3,241.0,5.28,4.88,25.0,0.847,1.977,1.188,18755,7280,66.1,B (ดี)
3614,2024-09-26,2567,9,ฤดูฝน,BNH01,ลำห้วย (Tributary),ธาตุนาเวง,6.78,27.7,417.0,3.52,6.07,29.4,1.507,3.46,2.244,237826,136522,44.3,C (พอใช้)
3615,2024-11-19,2567,11,ฤดูแล้ง,NHK05,หนองหาร (Lake),ท่าแร่,6.7,25.0,275.0,6.35,0.46,4.0,0.193,0.937,0.239,2794,935,82.8,A (ดีมาก)
3616,2025-07-27,2568,7,ฤดูฝน,NHK10,หนองหาร (Lake),งิ้วด่อน,6.92,30.0,235.0,7.5,0.76,4.0,0.257,0.618,0.261,5377,2814,88.5,A (ดีมาก)
3617,2025-01-18,2568,1,ฤดูแล้ง,BNH06,ลำห้วย (Tributary),เหล่าปอแดง,7.31,25.4,341.0,5.4,3.22,26.7,0.645,1.976,1.331,19956,6676,67.1,B (ดี)
3618,2025-09-03,2568,9,ฤดูฝน,BNH01,ลำห้วย (Tributary),ธาตุนาเวง,7.65,29.2,351.0,3.28,6.92,29.6,1.385,3.119,2.254,34541,17297,45.0,C (พอใช้)
3619,2024-01-09,2567,1,ฤดูแล้ง,BNH08,ลำห้วย (Tributary),เมืองสกลนคร,6.86,24.4,412.0,3.59,7.44,35.0,1.66,3.251,2.378,39387,22613,43.8,C (พอใช้)
3620,2025-12-23,2568,12,ฤดูแล้ง,NHK09,หนองหาร (Lake),เหล่าปอแดง,7.23,25.5,246.0,7.39,2.28,13.3,0.131,0.645,0.184,4190,1894,89.0,A (ดีมาก)
3621,2025-12-07,2568,12,ฤดูแล้ง,BNH03,ลำห้วย (Tributary),ท่าแร่,7.55,24.7,310.0,3.3,6.32,20.4,1.558,3.131,2.172,71462,16265,44.5,C (พอใช้)
3622,2024-01-03,2567,1,ฤดูแล้ง,BNH05,ลำห้วย (Tributary),ม่วงลาย,7.42,22.8,335.0,5.99,3.59,20.3,0.648,2.067,1.192,9664,4058,70.1,B (ดี)
3623,2025-06-19,2568,6,ฤดูฝน,NHK07,หนองหาร (Lake),บ้านแป้น,7.47,31.2,262.0,7.6,0.3,4.0,0.024,0.6,0.339,2928,979,89.9,A (ดีมาก)
3624,2024-10-05,2567,10,ฤดูฝน,BNH07,ลำห้วย (Tributary),งิ้วด่อน,7.33,28.4,347.0,7.19,3.92,12.5,0.51,1.906,1.155,23823,5634,76.9,B (ดี)
3625,2024-08-28,2567,8,ฤดูฝน,NHK07,หนองหาร (Lake),บ้านแป้น,7.57,29.0,247.0,7.24,1.66,12.4,0.01,0.663,0.686,4611,1170,86.5,A (ดีมาก)
3626,2025-04-28,2568,4,ฤดูแล้ง,BNH01,ลำห้วย (Tributary),ธาตุนาเวง,7.48,27.1,390.0,2.39,8.95,30.5,1.726,3.577,2.223,39500,16138,37.7,D (เสื่อมโทรม)
3627,2025-08-17,2568,8,ฤดูฝน,NHK03,หนองหาร (Lake),ฮางโฮง,7.17,28.7,231.0,7.56,0.62,7.8,0.117,1.18,0.307,5724,1502,87.5,A (ดีมาก)
3628,2024-09-26,2567,9,ฤดูฝน,BNH04,ลำห้วย (Tributary),นาแก้ว,7.4,30.3,367.0,3.07,5.79,21.0,1.342,3.244,2.521,22109,8948,42.6,C (พอใช้)
3629,2025-01-14,2568,1,ฤดูแล้ง,BNH04,ลำห้วย (Tributary),นาแก้ว,6.87,25.1,388.0,2.46,8.23,38.9,1.637,3.423,3.261,32010,8964,33.9,D (เสื่อมโทรม)
3630,2024-03-24,2567,3,ฤดูแล้ง,NHK02,หนองหาร (Lake),ธาตุนาเวง,7.04,26.8,288.0,4.02,5.03,30.0,1.282,1.866,1.358,17195,7974,57.5,C (พอใช้)
3631,2025-03-01,2568,3,ฤดูแล้ง,NHK01,หนองหาร (Lake),เมืองสกลนคร,6.81,26.7,281.0,5.71,1.68,11.0,0.113,0.797,0.613,4091,1952,79.0,B (ดี)
3632,2025-03-25,2568,3,ฤดูแล้ง,NHK03,หนองหาร (Lake),ฮางโฮง,7.2,26.4,180.0,6.14,1.64,4.0,0.198,0.985,0.308,8513,4755,81.3,A (ดีมาก)
3633,2024-03-15,2567,3,ฤดูแล้ง,NHK01,หนองหาร (Lake),เมืองสกลนคร,7.51,26.2,187.0,8.04,1.02,10.8,0.13,0.969,0.189,8641,5027,90.8,A (ดีมาก)
3634,2025-03-01,2568,3,ฤดูแล้ง,NHK05,หนองหาร (Lake),ท่าแร่,6.59,27.7,302.0,6.49,2.52,20.7,0.135,0.891,0.341,2211,1214,83.4,A (ดีมาก)
3635,2025-01-31,2568,1,ฤดูแล้ง,NHK06,หนองหาร (Lake),บ้านแป้น,7.8,24.1,260.0,7.33,0.3,10.1,0.125,0.913,0.339,4062,1544,87.1,A (ดีมาก)
3636,2024-09-08,2567,9,ฤดูฝน,BNH06,ลำห้วย (Tributary),เหล่าปอแดง,7.23,29.5,324.0,5.68,4.75,25.0,0.428,1.98,1.118,8929,4112,70.6,B (ดี)
3637,2025-12-08,2568,12,ฤดูแล้ง,NHK07,หนองหาร (Lake),บ้านแป้น,7.27,25.2,233.0,8.01,0.3,4.0,0.165,1.046,0.41,4673,1350,89.1,A (ดีมาก)
3638,2024-11-14,2567,11,ฤดูแล้ง,BNH07,ลำห้วย (Tributary),งิ้วด่อน,6.97,27.6,312.0,5.84,3.48,8.2,0.609,2.205,1.062,9755,2952,69.8,B (ดี)
3639,2024-04-25,2567,4,ฤดูแล้ง,NHK07,หนองหาร (Lake),บ้านแป้น,6.42,27.6,226.0,6.72,0.86,11.0,0.202,1.303,0.253,2964,1232,83.1,A (ดีมาก)
3640,2024-04-04,2567,4,ฤดูแล้ง,NHK05,หนองหาร (Lake),ท่าแร่,7.05,28.8,286.0,6.74,1.65,8.1,0.115,0.664,0.546,1203,331,84.4,A (ดีมาก)
3641,2024-04-05,2567,4,ฤดูแล้ง,NHK06,หนองหาร (Lake),บ้านแป้น,6.75,29.3,239.0,6.85,1.54,4.0,0.795,1.118,0.336,2885,958,80.5,A (ดีมาก)
3642,2025-08-23,2568,8,ฤดูฝน,NHK03,หนองหาร (Lake),ฮางโฮง,7.61,30.6,211.0,6.48,0.54,4.0,0.021,1.205,0.195,2906,925,83.7,A (ดีมาก)
3643,2025-09-08,2568,9,ฤดูฝน,NHK04,หนองหาร (Lake),เชียงเครือ,7.13,32.3,239.0,8.58,2.15,11.5,0.687,1.787,0.186,1243,648,87.3,A (ดีมาก)
3644,2025-05-25,2568,5,ฤดูแล้ง,NHK06,หนองหาร (Lake),บ้านแป้น,6.94,29.1,169.0,6.22,0.99,8.9,0.281,1.051,0.484,2070,596,80.1,A (ดีมาก)
3645,2024-10-20,2567,10,ฤดูฝน,NHK09,หนองหาร (Lake),เหล่าปอแดง,7.52,28.4,233.0,7.65,0.36,4.0,0.01,0.666,0.501,1713,778,89.2,A (ดีมาก)
3646,2025-03-31,2568,3,ฤดูแล้ง,BNH03,ลำห้วย (Tributary),ท่าแร่,7.03,25.9,375.0,3.39,6.4,34.7,1.536,3.16,2.729,24750,13762,42.1,C (พอใช้)
3647,2025-10-24,2568,10,ฤดูฝน,NHK08,หนองหาร (Lake),นาตงวัฒนา,7.15,28.7,272.0,7.42,0.8,4.0,0.01,0.665,0.398,3244,836,88.7,A (ดีมาก)
3648,2025-12-08,2568,12,ฤดูแล้ง,BNH08,ลำห้วย (Tributary),เมืองสกลนคร,7.3,24.1,282.0,3.33,8.11,34.0,1.531,4.137,2.354,23887,7725,40.5,C (พอใช้)
3649,2024-09-01,2567,9,ฤดูฝน,NHK04,หนองหาร (Lake),เชียงเครือ,7.12,31.6,237.0,7.15,0.78,11.7,0.532,0.715,0.216,2247,648,85.3,A (ดีมาก)
3650,2025-04-21,2568,4,ฤดูแล้ง,BNH01,ลำห้วย (Tributary),ธาตุนาเวง,7.4,27.2,406.0,2.69,6.55,30.7,1.541,3.534,2.213,24615,9352,40.3,C (พอใช้)
3651,2024-08-01,2567,8,ฤดูฝน,BNH01,ลำห้วย (Tributary),ธาตุนาเวง,6.98,31.1,380.0,4.89,6.46,33.1,1.307,4.138,2.248,31091,8259,49.2,C (พอใช้)
3652,2025-06-30,2568,6,ฤดูฝน,NHK07,หนองหาร (Lake),บ้านแป้น,7.41,30.8,241.0,6.96,1.47,9.8,0.01,0.615,0.24,2054,623,87.6,A (ดีมาก)
3653,2025-05-04,2568,5,ฤดูแล้ง,NHK03,หนองหาร (Lake),ฮางโฮง,7.24,29.9,297.0,6.84,3.29,13.8,0.174,0.74,0.151,987,461,86.2,A (ดีมาก)
3654,2024-08-07,2567,8,ฤดูฝน,BNH03,ลำห้วย (Tributary),ท่าแร่,7.13,31.3,378.0,4.19,5.25,15.9,1.681,3.932,2.531,43290,15976,43.3,C (พอใช้)
3655,2024-06-25,2567,6,ฤดูฝน,BNH02,ลำห้วย (Tributary),เชียงเครือ,7.08,29.1,295.0,7.15,2.57,14.0,0.699,2.208,1.187,24540,6144,74.5,B (ดี)
3656,2024-04-19,2567,4,ฤดูแล้ง,NHK02,หนองหาร (Lake),ธาตุนาเวง,7.12,29.5,375.0,4.36,3.73,25.0,1.02,2.892,1.267,10183,5654,57.6,C (พอใช้)
3657,2025-07-03,2568,7,ฤดูฝน,NHK04,หนองหาร (Lake),เชียงเครือ,7.49,31.7,233.0,7.89,0.3,7.1,0.01,1.091,0.223,4066,1424,90.2,A (ดีมาก)
3658,2025-11-19,2568,11,ฤดูแล้ง,NHK05,หนองหาร (Lake),ท่าแร่,7.35,24.4,210.0,7.48,2.98,4.0,0.131,1.374,0.163,3007,1264,87.1,A (ดีมาก)
3659,2024-04-18,2567,4,ฤดูแล้ง,NHK09,หนองหาร (Lake),เหล่าปอแดง,7.21,28.0,276.0,7.03,1.12,7.7,0.15,0.645,0.191,5511,2318,87.3,A (ดีมาก)
3660,2024-06-10,2567,6,ฤดูฝน,NHK06,หนองหาร (Lake),บ้านแป้น,6.77,28.3,239.0,8.03,2.11,5.7,0.01,0.707,0.204,3233,1112,92.2,A (ดีมาก)
3661,2024-05-02,2567,5,ฤดูแล้ง,NHK02,หนองหาร (Lake),ธาตุนาเวง,7.03,30.6,292.0,5.11,4.32,29.1,1.063,1.829,1.321,13351,6405,63.9,B (ดี)
3662,2025-01-28,2568,1,ฤดูแล้ง,NHK02,หนองหาร (Lake),ธาตุนาเวง,6.91,25.9,301.0,4.87,3.95,15.5,1.064,1.955,1.771,42789,23547,60.2,B (ดี)
3663,2025-01-14,2568,1,ฤดูแล้ง,NHK05,หนองหาร (Lake),ท่าแร่,7.48,25.7,260.0,6.73,0.71,12.5,0.265,0.952,0.256,4151,1103,83.9,A (ดีมาก)
3664,2025-08-17,2568,8,ฤดูฝน,NHK01,หนองหาร (Lake),เมืองสกลนคร,6.77,30.4,218.0,7.71,0.73,17.7,0.01,0.875,0.257,2856,1438,90.0,A (ดีมาก)
3665,2025-10-01,2568,10,ฤดูฝน,NHK04,หนองหาร (Lake),เชียงเครือ,7.58,27.6,201.0,7.11,0.9,10.7,0.01,0.658,0.481,8260,2947,87.0,A (ดีมาก)
3666,2024-09-27,2567,9,ฤดูฝน,NHK09,หนองหาร (Lake),เหล่าปอแดง,6.88,29.6,192.0,8.67,1.53,20.5,0.01,0.831,0.802,3101,1808,91.7,A (ดีมาก)
3667,2025-02-21,2568,2,ฤดูแล้ง,NHK01,หนองหาร (Lake),เมืองสกลนคร,6.96,27.3,235.0,6.89,0.3,16.0,0.102,1.037,0.421,6697,3417,84.5,A (ดีมาก)
3668,2024-01-31,2567,1,ฤดูแล้ง,BNH05,ลำห้วย (Tributary),ม่วงลาย,7.15,25.9,286.0,5.19,3.5,13.7,0.683,2.314,1.799,21651,10536,62.5,B (ดี)
3669,2024-09-24,2567,9,ฤดูฝน,NHK05,หนองหาร (Lake),ท่าแร่,7.28,28.6,263.0,6.95,2.86,9.3,0.01,0.673,0.424,1991,736,86.4,A (ดีมาก)
3670,2024-02-24,2567,2,ฤดูแล้ง,BNH01,ลำห้วย (Tributary),ธาตุนาเวง,7.23,25.7,379.0,3.47,8.26,37.9,1.617,3.218,2.422,63469,29285,43.3,C (พอใช้)
3671,2025-08-13,2568,8,ฤดูฝน,BNH08,ลำห้วย (Tributary),เมืองสกลนคร,6.69,31.1,358.0,4.57,7.47,36.1,1.304,3.32,2.287,125524,25851,50.4,C (พอใช้)
3672,2025-12-22,2568,12,ฤดูแล้ง,NHK03,หนองหาร (Lake),ฮางโฮง,7.17,24.1,263.0,6.34,1.48,4.0,0.407,0.87,0.283,872,219,81.5,A (ดีมาก)
3673,2025-05-07,2568,5,ฤดูแล้ง,BNH04,ลำห้วย (Tributary),นาแก้ว,6.73,28.1,486.0,3.29,5.4,22.6,1.52,3.16,2.516,45586,20841,42.8,C (พอใช้)
3674,2024-04-24,2567,4,ฤดูแล้ง,NHK05,หนองหาร (Lake),ท่าแร่,7.75,27.7,280.0,6.43,0.78,4.0,0.14,0.643,0.992,3710,2080,80.7,A (ดีมาก)
3675,2024-12-09,2567,12,ฤดูแล้ง,BNH03,ลำห้วย (Tributary),ท่าแร่,7.14,25.7,355.0,2.12,7.15,30.6,1.538,3.201,2.179,33144,7344,39.1,D (เสื่อมโทรม)
3676,2025-07-03,2568,7,ฤดูฝน,NHK07,หนองหาร (Lake),บ้านแป้น,6.77,31.1,257.0,7.58,1.67,11.5,0.124,1.307,0.162,5789,2596,87.8,A (ดีมาก)
3677,2025-05-09,2568,5,ฤดูแล้ง,BNH05,ลำห้วย (Tributary),ม่วงลาย,6.86,29.3,277.0,5.86,4.69,12.5,0.622,2.163,1.079,11867,5655,69.9,B (ดี)
3678,2024-01-31,2567,1,ฤดูแล้ง,BNH06,ลำห้วย (Tributary),เหล่าปอแดง,7.38,26.3,310.0,4.73,3.87,15.9,0.632,2.008,1.077,7816,2170,65.3,B (ดี)
3679,2025-11-05,2568,11,ฤดูแล้ง,BNH02,ลำห้วย (Tributary),เชียงเครือ,6.95,25.8,359.0,6.9,4.47,16.4,0.672,2.092,1.554,7576,2321,72.1,B (ดี)
3680,2024-02-01,2567,2,ฤดูแล้ง,NHK08,หนองหาร (Lake),นาตงวัฒนา,6.56,24.8,243.0,6.51,0.32,4.0,0.278,1.418,0.188,3435,1448,81.7,A (ดีมาก)
3681,2024-10-19,2567,10,ฤดูฝน,BNH01,ลำห้วย (Tributary),ธาตุนาเวง,7.72,27.6,367.0,3.73,6.0,26.2,1.4,3.844,2.623,93063,49385,42.6,C (พอใช้)
3682,2024-10-20,2567,10,ฤดูฝน,NHK09,หนองหาร (Lake),เหล่าปอแดง,7.67,27.6,225.0,6.75,1.33,4.0,0.573,0.916,0.628,2768,1651,80.5,A (ดีมาก)
3683,2025-07-02,2568,7,ฤดูฝน,NHK03,หนองหาร (Lake),ฮางโฮง,7.48,30.4,239.0,7.07,0.3,4.0,0.01,1.265,0.894,6530,3269,82.7,A (ดีมาก)
3684,2025-11-18,2568,11,ฤดูแล้ง,BNH02,ลำห้วย (Tributary),เชียงเครือ,7.54,26.6,314.0,5.73,4.68,30.2,0.617,1.911,1.194,3232,1019,69.6,B (ดี)
3685,2025-03-01,2568,3,ฤดูแล้ง,BNH06,ลำห้วย (Tributary),เหล่าปอแดง,7.25,27.1,258.0,5.49,4.34,18.8,0.868,2.474,1.696,21248,8755,62.7,B (ดี)
3686,2025-03-01,2568,3,ฤดูแล้ง,NHK04,หนองหาร (Lake),เชียงเครือ,7.59,27.4,214.0,6.17,1.53,4.0,0.153,1.809,0.27,6162,1998,79.2,B (ดี)
3687,2025-02-16,2568,2,ฤดูแล้ง,BNH01,ลำห้วย (Tributary),ธาตุนาเวง,6.67,27.5,298.0,2.54,5.65,24.9,2.078,3.5,2.545,28048,13192,35.0,D (เสื่อมโทรม)
3688,2024-07-31,2567,7,ฤดูฝน,BNH01,ลำห้วย (Tributary),ธาตุนาเวง,6.67,32.0,386.0,2.77,7.02,20.6,1.481,3.396,2.207,64230,30782,41.5,C (พอใช้)
3689,2025-03-03,2568,3,ฤดูแล้ง,BNH08,ลำห้วย (Tributary),เมืองสกลนคร,7.22,25.7,342.0,3.43,6.6,37.0,1.567,3.117,2.184,17933,8295,45.0,C (พอใช้)
3690,2024-02-16,2567,2,ฤดูแล้ง,NHK03,หนองหาร (Lake),ฮางโฮง,7.63,24.8,247.0,5.9,0.3,4.0,0.129,0.693,1.135,1859,388,77.5,B (ดี)
3691,2025-11-20,2568,11,ฤดูแล้ง,BNH05,ลำห้วย (Tributary),ม่วงลาย,7.1,25.8,321.0,3.84,5.07,20.8,1.248,2.128,1.141,5159,1416,57.1,C (พอใช้)
3692,2025-04-03,2568,4,ฤดูแล้ง,BNH01,ลำห้วย (Tributary),ธาตุนาเวง,6.9,26.2,387.0,2.63,8.22,34.2,1.625,3.5,2.179,73271,16046,39.9,D (เสื่อมโทรม)
3693,2024-06-19,2567,6,ฤดูฝน,NHK03,หนองหาร (Lake),ฮางโฮง,7.57,29.7,283.0,8.03,1.34,4.0,0.01,0.608,0.318,5272,3082,92.0,A (ดีมาก)
3694,2024-03-12,2567,3,ฤดูแล้ง,BNH06,ลำห้วย (Tributary),เหล่าปอแดง,7.65,27.1,352.0,5.58,4.38,22.1,0.722,2.085,1.493,9951,5669,66.2,B (ดี)
3695,2025-07-23,2568,7,ฤดูฝน,NHK02,หนองหาร (Lake),ธาตุนาเวง,7.01,31.8,305.0,4.72,4.3,26.4,0.841,1.875,1.424,23838,14219,62.8,B (ดี)
3696,2024-02-24,2567,2,ฤดูแล้ง,NHK05,หนองหาร (Lake),ท่าแร่,7.17,22.3,263.0,6.37,1.06,4.0,0.291,0.916,0.406,3873,2189,81.6,A (ดีมาก)
3697,2024-10-23,2567,10,ฤดูฝน,BNH03,ลำห้วย (Tributary),ท่าแร่,6.89,28.1,246.0,4.08,5.09,16.3,1.377,3.558,2.181,57384,28274,47.5,C (พอใช้)
3698,2025-01-25,2568,1,ฤดูแล้ง,BNH06,ลำห้วย (Tributary),เหล่าปอแดง,7.64,23.5,295.0,4.16,3.13,17.7,0.824,2.122,1.371,4005,1102,59.9,C (พอใช้)
3699,2024-08-06,2567,8,ฤดูฝน,BNH07,ลำห้วย (Tributary),งิ้วด่อน,7.22,31.2,269.0,6.13,3.72,8.7,0.503,2.256,1.369,9258,2224,70.0,B (ดี)
3700,2025-05-06,2568,5,ฤดูแล้ง,NHK06,หนองหาร (Lake),บ้านแป้น,7.45,29.7,230.0,6.51,0.75,5.5,0.17,0.761,0.412,10890,4628,83.4,A (ดีมาก)
3701,2024-06-24,2567,6,ฤดูฝน,NHK02,หนองหาร (Lake),ธาตุนาเวง,7.09,30.6,293.0,5.82,3.65,20.4,0.915,1.896,2.332,6399,3144,62.7,B (ดี)
3702,2025-12-14,2568,12,ฤดูแล้ง,NHK10,หนองหาร (Lake),งิ้วด่อน,7.15,28.3,304.0,6.71,1.96,4.0,0.116,0.732,0.484,2247,974,84.3,A (ดีมาก)
3703,2025-02-14,2568,2,ฤดูแล้ง,NHK09,หนองหาร (Lake),เหล่าปอแดง,6.76,25.7,256.0,7.23,1.09,7.9,0.186,1.58,0.158,7052,2565,85.0,A (ดีมาก)
3704,2024-02-19,2567,2,ฤดูแล้ง,NHK05,หนองหาร (Lake),ท่าแร่,7.08,26.1,181.0,6.58,1.24,6.6,0.267,0.62,0.154,2943,962,84.9,A (ดีมาก)
3705,2024-07-19,2567,7,ฤดูฝน,NHK08,หนองหาร (Lake),นาตงวัฒนา,6.9,32.3,296.0,7.39,0.3,4.0,0.01,1.073,0.545,2691,1307,86.5,A (ดีมาก)
3706,2024-08-09,2567,8,ฤดูฝน,NHK02,หนองหาร (Lake),ธาตุนาเวง,6.45,30.1,294.0,5.65,3.33,18.5,0.901,2.073,1.415,6183,2139,66.0,B (ดี)
3707,2024-08-25,2567,8,ฤดูฝน,BNH02,ลำห้วย (Tributary),เชียงเครือ,7.3,29.2,304.0,4.76,3.03,16.4,0.431,2.599,1.613,40163,23772,62.0,B (ดี)
3708,2024-08-01,2567,8,ฤดูฝน,NHK03,หนองหาร (Lake),ฮางโฮง,6.34,30.7,265.0,7.2,0.3,6.8,0.493,0.642,0.445,3264,1111,84.8,A (ดีมาก)
3709,2025-03-01,2568,3,ฤดูแล้ง,BNH01,ลำห้วย (Tributary),ธาตุนาเวง,6.79,26.5,402.0,2.16,6.59,40.4,1.554,3.857,2.277,33601,9119,36.5,D (เสื่อมโทรม)
3710,2025-12-28,2568,12,ฤดูแล้ง,BNH04,ลำห้วย (Tributary),นาแก้ว,7.27,26.5,390.0,2.73,7.48,31.5,1.758,3.927,2.58,25814,13041,36.1,D (เสื่อมโทรม)
3711,2024-02-20,2567,2,ฤดูแล้ง,NHK08,หนองหาร (Lake),นาตงวัฒนา,6.67,26.4,200.0,8.0,1.04,4.0,0.247,0.81,0.675,2540,511,88.1,A (ดีมาก)
3712,2025-12-26,2568,12,ฤดูแล้ง,NHK08,หนองหาร (Lake),นาตงวัฒนา,7.15,24.3,227.0,7.31,0.94,14.2,0.351,0.618,0.243,5526,3030,87.2,A (ดีมาก)
3713,2025-05-15,2568,5,ฤดูแล้ง,NHK05,หนองหาร (Lake),ท่าแร่,7.26,30.0,220.0,7.57,1.48,4.0,0.112,0.826,0.319,9288,3315,88.7,A (ดีมาก)
3714,2025-03-16,2568,3,ฤดูแล้ง,NHK05,หนองหาร (Lake),ท่าแร่,7.22,26.8,213.0,7.27,1.58,6.1,0.335,0.616,0.167,3777,1970,87.5,A (ดีมาก)
3715,2024-05-18,2567,5,ฤดูแล้ง,NHK06,หนองหาร (Lake),บ้านแป้น,7.34,29.9,249.0,7.02,1.37,6.0,0.179,0.792,0.173,6603,2917,86.7,A (ดีมาก)
3716,2024-06-21,2567,6,ฤดูฝน,NHK03,หนองหาร (Lake),ฮางโฮง,7.27,31.8,171.0,8.75,0.34,6.0,0.219,1.016,0.423,2872,1076,92.2,A (ดีมาก)
3717,2025-09-14,2568,9,ฤดูฝน,BNH02,ลำห้วย (Tributary),เชียงเครือ,7.4,28.8,339.0,6.27,2.99,14.9,0.817,2.134,1.546,19899,9563,68.4,B (ดี)
3718,2025-12-14,2568,12,ฤดูแล้ง,BNH04,ลำห้วย (Tributary),นาแก้ว,7.29,23.2,403.0,4.19,5.17,23.0,1.683,3.724,2.277,147509,82280,45.2,C (พอใช้)
3719,2024-01-21,2567,1,ฤดูแล้ง,NHK01,หนองหาร (Lake),เมืองสกลนคร,7.33,25.7,258.0,5.76,1.91,13.4,0.293,0.67,0.631,3918,2280,78.5,B (ดี)
3720,2025-11-16,2568,11,ฤดูแล้ง,NHK08,หนองหาร (Lake),นาตงวัฒนา,6.77,27.6,223.0,7.09,1.4,4.0,0.625,1.148,0.243,4033,1749,82.9,A (ดีมาก)
3721,2025-03-14,2568,3,ฤดูแล้ง,NHK05,หนองหาร (Lake),ท่าแร่,7.16,27.7,203.0,8.28,3.86,17.7,0.186,0.603,0.433,3519,1872,91.6,A (ดีมาก)
3722,2025-01-04,2568,1,ฤดูแล้ง,BNH01,ลำห้วย (Tributary),ธาตุนาเวง,7.1,24.5,346.0,4.55,8.16,39.1,1.747,3.303,2.294,47196,10360,47.8,C (พอใช้)
3723,2024-10-29,2567,10,ฤดูฝน,NHK09,หนองหาร (Lake),เหล่าปอแดง,7.91,26.0,228.0,7.54,0.99,4.1,0.078,1.131,0.229,9051,5030,88.1,A (ดีมาก)
3724,2025-10-07,2568,10,ฤดูฝน,BNH04,ลำห้วย (Tributary),นาแก้ว,7.31,26.8,344.0,4.44,6.71,23.3,1.471,3.34,2.455,11042,3627,47.9,C (พอใช้)
3725,2025-01-22,2568,1,ฤดูแล้ง,BNH03,ลำห้วย (Tributary),ท่าแร่,6.52,25.1,382.0,2.62,6.85,40.2,1.549,4.725,2.28,128385,27295,35.6,D (เสื่อมโทรม)
3726,2025-02-20,2568,2,ฤดูแล้ง,NHK03,หนองหาร (Lake),ฮางโฮง,6.94,25.6,223.0,6.72,3.78,10.8,0.135,0.805,1.086,11459,3749,81.0,A (ดีมาก)
3727,2024-06-19,2567,6,ฤดูฝน,BNH05,ลำห้วย (Tributary),ม่วงลาย,6.78,31.3,388.0,5.96,3.22,7.6,0.507,1.937,1.237,19842,9796,71.0,B (ดี)
3728,2025-04-03,2568,4,ฤดูแล้ง,NHK06,หนองหาร (Lake),บ้านแป้น,7.49,27.4,185.0,6.57,1.7,4.0,0.136,0.668,0.324,3029,1275,84.6,A (ดีมาก)
3729,2025-11-04,2568,11,ฤดูแล้ง,NHK06,หนองหาร (Lake),บ้านแป้น,7.4,26.2,227.0,6.93,1.79,4.0,0.606,0.979,0.65,8235,4710,80.8,A (ดีมาก)
3730,2025-03-08,2568,3,ฤดูแล้ง,BNH06,ลำห้วย (Tributary),เหล่าปอแดง,7.23,25.1,327.0,5.9,2.78,11.6,0.613,2.363,1.321,19449,6254,68.3,B (ดี)
3731,2025-02-26,2568,2,ฤดูแล้ง,NHK06,หนองหาร (Lake),บ้านแป้น,6.81,24.3,245.0,6.93,1.31,4.0,0.148,0.612,0.355,4187,1914,86.1,A (ดีมาก)
3732,2024-05-02,2567,5,ฤดูแล้ง,NHK09,หนองหาร (Lake),เหล่าปอแดง,7.0,29.6,244.0,7.08,1.37,9.0,0.111,0.844,0.316,5351,1910,86.4,A (ดีมาก)
3733,2025-12-26,2568,12,ฤดูแล้ง,NHK07,หนองหาร (Lake),บ้านแป้น,7.63,24.1,234.0,6.15,0.83,6.4,0.158,1.385,0.173,5948,1611,81.0,A (ดีมาก)
3734,2024-03-17,2567,3,ฤดูแล้ง,BNH07,ลำห้วย (Tributary),งิ้วด่อน,7.04,26.8,373.0,5.4,2.84,7.8,0.639,1.926,1.061,4918,1848,68.6,B (ดี)
3735,2025-11-03,2568,11,ฤดูแล้ง,NHK01,หนองหาร (Lake),เมืองสกลนคร,6.75,27.8,271.0,7.33,0.8,4.0,0.115,1.252,0.413,3377,1399,85.7,A (ดีมาก)
3736,2025-01-16,2568,1,ฤดูแล้ง,NHK01,หนองหาร (Lake),เมืองสกลนคร,6.72,25.0,142.0,7.31,1.9,10.4,0.133,0.637,0.204,1107,233,88.6,A (ดีมาก)
3737,2024-09-10,2567,9,ฤดูฝน,BNH07,ลำห้วย (Tributary),งิ้วด่อน,7.4,28.4,252.0,7.32,4.01,14.0,0.713,2.487,1.102,19684,7389,74.7,B (ดี)
3738,2025-08-06,2568,8,ฤดูฝน,BNH01,ลำห้วย (Tributary),ธาตุนาเวง,7.19,33.7,413.0,3.91,7.25,27.0,1.305,4.102,2.826,83113,37145,42.1,C (พอใช้)
3739,2025-03-11,2568,3,ฤดูแล้ง,BNH01,ลำห้วย (Tributary),ธาตุนาเวง,6.86,26.1,408.0,2.92,7.15,33.1,1.703,3.111,2.52,21709,11709,40.3,C (พอใช้)
3740,2024-05-05,2567,5,ฤดูแล้ง,BNH06,ลำห้วย (Tributary),เหล่าปอแดง,7.22,28.3,286.0,5.21,4.19,23.8,0.716,2.544,1.352,2034,1198,63.8,B (ดี)
3741,2024-12-26,2567,12,ฤดูแล้ง,BNH03,ลำห้วย (Tributary),ท่าแร่,6.88,24.1,394.0,3.17,7.15,26.8,1.58,4.905,2.293,73950,22348,37.3,D (เสื่อมโทรม)
3742,2025-08-06,2568,8,ฤดูฝน,BNH02,ลำห้วย (Tributary),เชียงเครือ,7.74,32.6,324.0,7.31,5.04,29.1,0.406,1.942,1.45,2444,1085,76.5,B (ดี)
3743,2024-11-28,2567,11,ฤดูแล้ง,NHK08,หนองหาร (Lake),นาตงวัฒนา,7.12,27.9,218.0,7.64,2.72,8.2,0.529,0.674,0.935,3363,1887,84.0,A (ดีมาก)
3744,2025-04-16,2568,4,ฤดูแล้ง,BNH04,ลำห้วย (Tributary),นาแก้ว,6.68,28.3,345.0,4.22,6.45,29.2,1.666,3.171,2.237,42622,9463,47.5,C (พอใช้)
3745,2025-03-01,2568,3,ฤดูแล้ง,NHK07,หนองหาร (Lake),บ้านแป้น,7.23,26.1,312.0,5.9,2.33,13.8,0.14,0.652,0.532,2501,1479,80.6,A (ดีมาก)
3746,2025-02-16,2568,2,ฤดูแล้ง,NHK06,หนองหาร (Lake),บ้านแป้น,6.83,25.5,304.0,7.15,1.33,8.3,0.127,0.655,0.587,5558,1310,85.9,A (ดีมาก)
3747,2024-06-08,2567,6,ฤดูฝน,BNH02,ลำห้วย (Tributary),เชียงเครือ,6.93,29.8,339.0,6.64,4.31,12.9,0.493,2.076,1.139,20161,4879,74.1,B (ดี)
3748,2024-12-13,2567,12,ฤดูแล้ง,BNH05,ลำห้วย (Tributary),ม่วงลาย,6.84,27.3,305.0,6.09,3.38,9.8,0.613,2.023,1.427,3557,1591,69.7,B (ดี)
3749,2024-08-22,2567,8,ฤดูฝน,BNH05,ลำห้วย (Tributary),ม่วงลาย,6.65,31.2,300.0,6.24,1.9,11.8,0.589,2.353,1.504,6181,2130,69.0,B (ดี)
3750,2025-07-12,2568,7,ฤดูฝน,NHK09,หนองหาร (Lake),เหล่าปอแดง,7.01,30.2,249.0,7.44,0.3,4.0,0.165,0.78,0.535,4189,1779,86.8,A (ดีมาก)
3751,2025-11-12,2568,11,ฤดูแล้ง,BNH05,ลำห้วย (Tributary),ม่วงลาย,7.11,26.0,215.0,4.38,3.95,25.0,0.647,1.915,1.142,2766,1104,63.7,B (ดี)
3752,2024-01-27,2567,1,ฤดูแล้ง,BNH06,ลำห้วย (Tributary),เหล่าปอแดง,7.19,22.9,303.0,4.7,3.04,13.0,0.626,2.242,1.144,26369,13385,64.1,B (ดี)
3753,2024-03-02,2567,3,ฤดูแล้ง,NHK09,หนองหาร (Lake),เหล่าปอแดง,7.39,25.8,176.0,6.95,2.0,14.4,0.212,0.867,0.3,10772,4737,85.3,A (ดีมาก)
3754,2025-01-20,2568,1,ฤดูแล้ง,NHK01,หนองหาร (Lake),เมืองสกลนคร,7.26,24.6,179.0,6.66,2.17,10.6,0.544,0.939,0.286,6957,2271,81.9,A (ดีมาก)
3755,2025-07-21,2568,7,ฤดูฝน,BNH04,ลำห้วย (Tributary),นาแก้ว,6.33,30.4,492.0,3.64,6.2,34.7,1.354,3.683,2.367,18523,10102,44.3,C (พอใช้)
3756,2025-02-01,2568,2,ฤดูแล้ง,BNH06,ลำห้วย (Tributary),เหล่าปอแดง,7.77,25.2,340.0,5.61,2.77,4.0,0.634,2.116,1.377,7112,2138,67.4,B (ดี)
3757,2024-05-21,2567,5,ฤดูแล้ง,BNH06,ลำห้วย (Tributary),เหล่าปอแดง,7.58,29.1,284.0,4.59,3.7,26.3,0.698,2.038,1.133,5601,2419,64.0,B (ดี)
3758,2025-07-25,2568,7,ฤดูฝน,NHK08,หนองหาร (Lake),นาตงวัฒนา,7.23,32.0,287.0,6.62,0.3,4.0,0.01,0.694,0.158,3569,990,86.3,A (ดีมาก)
3759,2025-07-04,2568,7,ฤดูฝน,NHK03,หนองหาร (Lake),ฮางโฮง,6.56,31.8,262.0,6.27,0.3,4.9,0.01,1.386,0.217,6111,2110,82.1,A (ดีมาก)
3760,2025-10-20,2568,10,ฤดูฝน,NHK09,หนองหาร (Lake),เหล่าปอแดง,7.01,26.5,222.0,7.97,0.35,4.0,0.096,1.726,0.338,5234,1287,87.4,A (ดีมาก)
3761,2024-07-09,2567,7,ฤดูฝน,BNH08,ลำห้วย (Tributary),เมืองสกลนคร,7.81,31.6,400.0,4.18,5.82,26.0,1.628,3.169,3.058,19484,9100,43.4,C (พอใช้)
3762,2025-03-10,2568,3,ฤดูแล้ง,NHK04,หนองหาร (Lake),เชียงเครือ,6.73,26.7,218.0,7.55,0.3,7.0,0.13,0.664,0.155,1748,909,89.8,A (ดีมาก)
3763,2025-10-03,2568,10,ฤดูฝน,BNH02,ลำห้วย (Tributary),เชียงเครือ,7.15,26.0,272.0,5.82,3.07,11.5,0.446,1.968,1.072,3727,1361,71.4,B (ดี)
3764,2024-05-20,2567,5,ฤดูแล้ง,NHK10,หนองหาร (Lake),งิ้วด่อน,7.04,29.9,240.0,6.35,1.4,15.8,0.5,1.456,0.454,8346,2559,78.2,B (ดี)
3765,2025-09-09,2568,9,ฤดูฝน,NHK02,หนองหาร (Lake),ธาตุนาเวง,6.89,29.9,251.0,4.21,5.65,16.6,0.801,2.167,1.281,7875,3086,60.5,B (ดี)
3766,2024-08-22,2567,8,ฤดูฝน,NHK08,หนองหาร (Lake),นาตงวัฒนา,7.73,29.7,275.0,7.96,0.3,4.1,0.255,0.741,0.28,2343,491,90.1,A (ดีมาก)
3767,2024-09-16,2567,9,ฤดูฝน,NHK08,หนองหาร (Lake),นาตงวัฒนา,7.06,30.2,268.0,7.51,0.3,4.0,0.077,1.124,0.165,7213,4147,88.4,A (ดีมาก)
3768,2024-04-27,2567,4,ฤดูแล้ง,NHK09,หนองหาร (Lake),เหล่าปอแดง,8.02,28.4,262.0,7.15,1.29,4.0,0.143,1.056,0.23,4254,1274,86.3,A (ดีมาก)
3769,2024-12-12,2567,12,ฤดูแล้ง,NHK05,หนองหาร (Lake),ท่าแร่,7.25,26.3,168.0,7.15,1.5,12.3,0.421,0.775,0.212,736,153,85.7,A (ดีมาก)
3770,2024-12-28,2567,12,ฤดูแล้ง,NHK04,หนองหาร (Lake),เชียงเครือ,7.36,24.7,166.0,6.56,2.08,12.3,0.157,1.168,0.221,2020,1102,83.2,A (ดีมาก)
3771,2025-01-27,2568,1,ฤดูแล้ง,NHK04,หนองหาร (Lake),เชียงเครือ,7.47,26.2,226.0,5.94,1.98,5.0,0.106,0.77,0.303,2282,1230,81.7,A (ดีมาก)
3772,2024-05-06,2567,5,ฤดูแล้ง,NHK06,หนองหาร (Lake),บ้านแป้น,6.83,28.6,226.0,7.53,1.37,6.7,0.197,0.808,0.402,5139,2746,87.6,A (ดีมาก)
3773,2025-02-06,2568,2,ฤดูแล้ง,NHK06,หนองหาร (Lake),บ้านแป้น,7.19,24.0,167.0,6.61,2.15,4.0,0.395,1.016,0.944,3476,1867,79.0,B (ดี)
3774,2025-02-01,2568,2,ฤดูแล้ง,BNH08,ลำห้วย (Tributary),เมืองสกลนคร,6.87,26.2,369.0,3.43,7.79,43.6,1.835,3.928,2.38,26563,15713,39.7,D (เสื่อมโทรม)
3775,2025-01-12,2568,1,ฤดูแล้ง,NHK07,หนองหาร (Lake),บ้านแป้น,6.99,25.2,247.0,6.44,2.8,9.1,0.152,0.648,0.314,4685,1085,84.0,A (ดีมาก)
3776,2024-05-17,2567,5,ฤดูแล้ง,NHK09,หนองหาร (Lake),เหล่าปอแดง,7.35,30.9,222.0,6.9,1.18,6.5,0.399,0.657,1.08,4150,1460,80.8,A (ดีมาก)
3777,2025-05-12,2568,5,ฤดูแล้ง,NHK03,หนองหาร (Lake),ฮางโฮง,7.4,29.1,272.0,6.58,1.23,5.4,0.282,0.637,0.302,1227,347,84.0,A (ดีมาก)
3778,2024-11-05,2567,11,ฤดูแล้ง,BNH08,ลำห้วย (Tributary),เมืองสกลนคร,7.28,27.1,358.0,2.97,6.93,23.7,1.539,4.008,2.187,30662,16741,40.1,C (พอใช้)
3779,2025-05-02,2568,5,ฤดูแล้ง,BNH01,ลำห้วย (Tributary),ธาตุนาเวง,7.75,29.5,399.0,3.75,6.3,29.8,1.609,3.839,2.152,54280,11399,43.9,C (พอใช้)
3780,2025-11-21,2568,11,ฤดูแล้ง,BNH04,ลำห้วย (Tributary),นาแก้ว,6.95,25.2,361.0,3.97,7.72,21.8,1.724,3.276,2.189,47310,14412,45.9,C (พอใช้)
3781,2025-03-09,2568,3,ฤดูแล้ง,NHK01,หนองหาร (Lake),เมืองสกลนคร,6.92,26.0,281.0,7.08,1.3,4.0,0.134,0.844,0.228,7782,3985,86.7,A (ดีมาก)
3782,2025-01-04,2568,1,ฤดูแล้ง,NHK09,หนองหาร (Lake),เหล่าปอแดง,6.35,25.0,239.0,6.45,2.21,12.1,0.284,1.054,0.42,2541,1248,81.4,A (ดีมาก)
3783,2024-10-19,2567,10,ฤดูฝน,NHK01,หนองหาร (Lake),เมืองสกลนคร,7.2,28.8,202.0,8.05,0.3,4.0,0.01,0.644,0.317,3049,1751,92.0,A (ดีมาก)
3784,2024-06-19,2567,6,ฤดูฝน,NHK10,หนองหาร (Lake),งิ้วด่อน,7.42,30.2,196.0,8.63,1.35,6.1,0.01,1.21,0.359,1123,330,92.5,A (ดีมาก)
3785,2024-10-16,2567,10,ฤดูฝน,NHK07,หนองหาร (Lake),บ้านแป้น,7.67,28.1,249.0,9.11,1.99,4.0,0.238,1.293,0.249,1543,580,93.6,A (ดีมาก)
3786,2025-08-12,2568,8,ฤดูฝน,BNH04,ลำห้วย (Tributary),นาแก้ว,7.3,31.6,331.0,3.62,5.81,45.4,1.308,3.377,2.299,62971,28344,45.9,C (พอใช้)
3787,2024-06-02,2567,6,ฤดูฝน,NHK09,หนองหาร (Lake),เหล่าปอแดง,6.73,29.9,273.0,7.71,0.86,5.9,0.097,0.757,0.195,5576,2966,90.2,A (ดีมาก)
3788,2024-06-11,2567,6,ฤดูฝน,BNH05,ลำห้วย (Tributary),ม่วงลาย,7.55,30.9,348.0,4.99,1.59,7.6,0.593,1.981,1.43,14933,4253,65.0,B (ดี)
3789,2025-10-21,2568,10,ฤดูฝน,NHK04,หนองหาร (Lake),เชียงเครือ,7.07,29.4,211.0,7.91,0.4,10.0,0.125,0.796,0.286,2382,1223,90.3,A (ดีมาก)
3790,2024-11-24,2567,11,ฤดูแล้ง,NHK05,หนองหาร (Lake),ท่าแร่,7.26,26.2,317.0,5.58,0.42,10.4,0.144,1.097,0.515,8070,2968,77.7,B (ดี)
3791,2024-02-23,2567,2,ฤดูแล้ง,BNH08,ลำห้วย (Tributary),เมืองสกลนคร,6.86,24.4,402.0,1.97,8.4,39.4,1.575,3.256,2.337,21653,12901,37.2,D (เสื่อมโทรม)
3792,2024-02-02,2567,2,ฤดูแล้ง,BNH04,ลำห้วย (Tributary),นาแก้ว,7.38,27.7,366.0,3.25,5.38,26.9,1.523,3.22,2.204,16796,5698,44.0,C (พอใช้)
3793,2025-08-11,2568,8,ฤดูฝน,NHK10,หนองหาร (Lake),งิ้วด่อน,6.76,30.4,194.0,8.15,0.99,4.0,0.055,0.811,0.389,4322,1930,91.3,A (ดีมาก)
3794,2024-04-30,2567,4,ฤดูแล้ง,BNH05,ลำห้วย (Tributary),ม่วงลาย,7.79,29.0,371.0,5.28,4.98,17.3,0.749,2.474,1.393,24567,7227,64.0,B (ดี)
3795,2025-06-24,2568,6,ฤดูฝน,NHK08,หนองหาร (Lake),นาตงวัฒนา,7.88,32.1,263.0,7.55,0.53,4.0,0.366,1.213,0.323,2835,743,85.8,A (ดีมาก)
3796,2025-12-24,2568,12,ฤดูแล้ง,NHK02,หนองหาร (Lake),ธาตุนาเวง,7.0,24.0,247.0,3.75,5.04,23.3,1.154,1.95,1.321,8420,2900,56.9,C (พอใช้)
3797,2025-09-14,2568,9,ฤดูฝน,BNH03,ลำห้วย (Tributary),ท่าแร่,7.79,30.1,363.0,3.92,4.89,19.9,1.561,3.135,2.699,88770,36271,44.6,C (พอใช้)
3798,2024-09-20,2567,9,ฤดูฝน,BNH04,ลำห้วย (Tributary),นาแก้ว,6.89,27.2,388.0,4.12,7.39,29.3,1.728,4.196,3.558,29956,15631,36.7,D (เสื่อมโทรม)
3799,2025-06-21,2568,6,ฤดูฝน,NHK10,หนองหาร (Lake),งิ้วด่อน,6.77,29.9,166.0,8.34,0.3,9.6,0.671,0.761,0.59,9426,5249,87.7,A (ดีมาก)
3800,2024-06-11,2567,6,ฤดูฝน,NHK05,หนองหาร (Lake),ท่าแร่,6.9,31.2,248.0,7.43,0.52,8.8,0.054,1.028,0.188,5965,3086,88.3,A (ดีมาก)
3801,2024-09-24,2567,9,ฤดูฝน,BNH05,ลำห้วย (Tributary),ม่วงลาย,7.28,29.0,246.0,6.07,2.42,14.9,0.468,2.064,1.09,33130,19706,72.0,B (ดี)
3802,2025-07-29,2568,7,ฤดูฝน,BNH02,ลำห้วย (Tributary),เชียงเครือ,7.59,30.8,348.0,5.73,3.67,15.5,0.913,3.133,1.311,4238,1287,63.2,B (ดี)
3803,2024-08-11,2567,8,ฤดูฝน,NHK08,หนองหาร (Lake),นาตงวัฒนา,7.1,31.5,289.0,6.9,0.3,4.0,0.287,0.926,0.304,2405,1037,84.4,A (ดีมาก)
3804,2024-09-14,2567,9,ฤดูฝน,BNH05,ลำห้วย (Tributary),ม่วงลาย,7.03,29.8,369.0,6.53,3.63,15.5,0.435,2.167,1.089,47013,14358,73.9,B (ดี)
3805,2025-09-10,2568,9,ฤดูฝน,NHK01,หนองหาร (Lake),เมืองสกลนคร,7.03,27.9,187.0,8.62,1.42,6.7,0.01,0.664,0.737,3323,1489,92.4,A (ดีมาก)
3806,2025-11-20,2568,11,ฤดูแล้ง,NHK09,หนองหาร (Lake),เหล่าปอแดง,6.86,27.3,193.0,6.13,0.32,4.0,0.13,0.819,0.48,5377,2000,81.4,A (ดีมาก)
3807,2024-09-15,2567,9,ฤดูฝน,BNH08,ลำห้วย (Tributary),เมืองสกลนคร,7.51,29.2,377.0,3.42,5.39,21.5,1.348,3.288,2.201,59086,32146,45.5,C (พอใช้)
3808,2024-10-12,2567,10,ฤดูฝน,BNH02,ลำห้วย (Tributary),เชียงเครือ,7.1,26.6,286.0,5.6,2.71,9.2,0.655,4.967,1.109,67406,13934,59.0,C (พอใช้)
3809,2025-02-23,2568,2,ฤดูแล้ง,NHK06,หนองหาร (Lake),บ้านแป้น,7.4,24.7,214.0,6.85,3.82,11.7,0.12,1.471,1.325,8016,3514,78.2,B (ดี)
3810,2024-02-25,2567,2,ฤดูแล้ง,BNH01,ลำห้วย (Tributary),ธาตุนาเวง,7.26,26.6,445.0,3.64,5.99,24.8,1.666,3.309,2.305,43379,24093,44.1,C (พอใช้)
3811,2024-05-13,2567,5,ฤดูแล้ง,BNH05,ลำห้วย (Tributary),ม่วงลาย,7.26,30.2,298.0,5.2,5.2,16.2,0.75,2.793,1.053,1689,716,64.3,B (ดี)
3812,2025-09-17,2568,9,ฤดูฝน,NHK10,หนองหาร (Lake),งิ้วด่อน,7.67,28.1,185.0,7.51,0.3,4.0,0.01,1.205,0.345,5353,1444,87.6,A (ดีมาก)
3813,2024-05-14,2567,5,ฤดูแล้ง,NHK07,หนองหาร (Lake),บ้านแป้น,6.68,31.7,310.0,8.01,0.64,4.0,0.101,0.76,0.251,5264,2706,91.2,A (ดีมาก)
3814,2025-02-14,2568,2,ฤดูแล้ง,NHK07,หนองหาร (Lake),บ้านแป้น,7.56,25.6,171.0,7.16,0.3,7.7,0.215,0.804,0.178,3432,943,87.0,A (ดีมาก)
3815,2024-11-09,2567,11,ฤดูแล้ง,BNH05,ลำห้วย (Tributary),ม่วงลาย,6.93,27.2,340.0,4.81,3.92,30.6,0.737,2.502,1.516,6645,2037,61.3,B (ดี)
3816,2024-01-09,2567,1,ฤดูแล้ง,BNH07,ลำห้วย (Tributary),งิ้วด่อน,6.68,23.0,285.0,5.98,4.76,25.4,0.951,2.224,1.132,14135,4471,68.1,B (ดี)
3817,2025-09-05,2568,9,ฤดูฝน,NHK05,หนองหาร (Lake),ท่าแร่,7.75,27.6,283.0,7.36,0.66,4.0,0.033,0.728,0.392,1718,831,88.1,A (ดีมาก)
3818,2025-09-05,2568,9,ฤดูฝน,NHK10,หนองหาร (Lake),งิ้วด่อน,7.71,27.7,213.0,8.16,0.77,4.0,0.226,0.99,0.849,6770,3251,87.4,A (ดีมาก)
3819,2024-08-05,2567,8,ฤดูฝน,NHK02,หนองหาร (Lake),ธาตุนาเวง,7.31,30.8,238.0,6.78,3.61,4.0,0.909,2.15,1.344,30716,17785,71.1,B (ดี)
3820,2025-12-26,2568,12,ฤดูแล้ง,NHK07,หนองหาร (Lake),บ้านแป้น,7.08,25.5,229.0,7.93,1.1,9.4,0.11,0.666,0.886,6547,3455,88.0,A (ดีมาก)
3821,2025-07-28,2568,7,ฤดูฝน,NHK05,หนองหาร (Lake),ท่าแร่,7.27,30.7,215.0,7.47,0.3,4.0,0.124,1.048,0.349,1835,840,87.2,A (ดีมาก)
3822,2025-11-10,2568,11,ฤดูแล้ง,BNH04,ลำห้วย (Tributary),นาแก้ว,6.9,25.9,358.0,3.32,8.44,46.3,1.501,4.031,2.632,26143,13966,39.6,D (เสื่อมโทรม)
3823,2024-01-30,2567,1,ฤดูแล้ง,NHK06,หนองหาร (Lake),บ้านแป้น,7.23,23.7,289.0,6.09,0.46,4.0,0.146,1.073,0.668,2880,1257,79.3,B (ดี)
3824,2025-05-10,2568,5,ฤดูแล้ง,BNH02,ลำห้วย (Tributary),เชียงเครือ,7.24,29.8,308.0,6.01,4.94,23.2,0.947,1.975,1.056,7832,1993,69.5,B (ดี)
3825,2024-08-05,2567,8,ฤดูฝน,BNH07,ลำห้วย (Tributary),งิ้วด่อน,8.17,31.1,389.0,6.55,1.78,4.8,0.556,2.073,1.093,18274,7770,73.6,B (ดี)
3826,2025-10-12,2568,10,ฤดูฝน,NHK04,หนองหาร (Lake),เชียงเครือ,6.81,27.3,186.0,7.68,1.0,7.7,0.01,1.215,0.266,643,217,88.7,A (ดีมาก)
3827,2025-12-24,2568,12,ฤดูแล้ง,BNH05,ลำห้วย (Tributary),ม่วงลาย,7.5,25.1,387.0,5.99,3.74,21.4,0.652,2.108,1.092,21665,5103,70.4,B (ดี)
3828,2025-04-13,2568,4,ฤดูแล้ง,BNH02,ลำห้วย (Tributary),เชียงเครือ,6.84,28.8,341.0,4.85,4.05,11.8,0.642,2.361,1.246,7008,2549,63.8,B (ดี)
3829,2025-05-25,2568,5,ฤดูแล้ง,BNH05,ลำห้วย (Tributary),ม่วงลาย,6.63,28.7,295.0,5.79,4.05,17.9,1.22,2.555,1.265,16962,4520,63.9,B (ดี)
3830,2024-03-03,2567,3,ฤดูแล้ง,NHK03,หนองหาร (Lake),ฮางโฮง,6.9,27.7,206.0,7.29,1.91,11.2,0.262,0.641,0.291,4338,1156,87.3,A (ดีมาก)
3831,2025-03-30,2568,3,ฤดูแล้ง,NHK06,หนองหาร (Lake),บ้านแป้น,7.45,26.0,202.0,7.57,2.48,13.3,0.46,0.637,0.69,3358,1941,85.4,A (ดีมาก)
3832,2025-09-18,2568,9,ฤดูฝน,NHK07,หนองหาร (Lake),บ้านแป้น,7.25,29.9,236.0,7.94,0.32,12.4,0.01,1.224,0.227,3362,1369,90.0,A (ดีมาก)
3833,2025-07-21,2568,7,ฤดูฝน,NHK06,หนองหาร (Lake),บ้านแป้น,7.73,29.9,230.0,8.2,1.43,4.0,0.01,0.812,0.171,2923,925,92.8,A (ดีมาก)
3834,2025-06-20,2568,6,ฤดูฝน,NHK08,หนองหาร (Lake),นาตงวัฒนา,6.79,31.4,185.0,8.41,1.28,5.4,0.191,0.691,0.673,1504,721,90.6,A (ดีมาก)
3835,2025-12-28,2568,12,ฤดูแล้ง,NHK02,หนองหาร (Lake),ธาตุนาเวง,7.05,26.7,250.0,4.64,3.27,17.5,1.126,2.555,1.404,13941,6500,58.7,C (พอใช้)
3836,2024-08-23,2567,8,ฤดูฝน,NHK09,หนองหาร (Lake),เหล่าปอแดง,6.57,30.8,135.0,7.65,0.3,4.0,0.341,1.141,0.232,2363,539,87.1,A (ดีมาก)
3837,2024-10-26,2567,10,ฤดูฝน,NHK10,หนองหาร (Lake),งิ้วด่อน,7.41,29.5,237.0,7.83,1.07,4.0,0.01,0.641,0.3,4979,2424,91.1,A (ดีมาก)
3838,2025-03-21,2568,3,ฤดูแล้ง,NHK07,หนองหาร (Lake),บ้านแป้น,7.54,26.4,268.0,6.58,2.44,11.2,0.215,0.648,0.224,8238,4699,84.7,A (ดีมาก)
3839,2025-07-21,2568,7,ฤดูฝน,BNH07,ลำห้วย (Tributary),งิ้วด่อน,7.5,31.7,294.0,6.29,3.5,25.3,0.633,2.745,1.074,24863,7571,69.8,B (ดี)
3840,2024-02-01,2567,2,ฤดูแล้ง,NHK05,หนองหาร (Lake),ท่าแร่,6.47,24.3,219.0,5.01,2.77,18.8,0.596,1.14,0.186,5378,1772,74.1,B (ดี)
3841,2024-06-23,2567,6,ฤดูฝน,BNH04,ลำห้วย (Tributary),นาแก้ว,6.91,29.6,290.0,3.76,4.35,17.1,1.327,3.323,2.261,20986,6675,46.8,C (พอใช้)
3842,2025-06-09,2568,6,ฤดูฝน,NHK06,หนองหาร (Lake),บ้านแป้น,6.38,29.2,199.0,7.19,0.59,4.1,0.01,1.178,0.587,2952,1087,85.0,A (ดีมาก)
3843,2025-05-17,2568,5,ฤดูแล้ง,BNH02,ลำห้วย (Tributary),เชียงเครือ,7.61,30.8,300.0,6.36,4.24,16.6,0.717,2.128,1.081,8509,2621,71.7,B (ดี)
3844,2024-08-31,2567,8,ฤดูฝน,NHK03,หนองหาร (Lake),ฮางโฮง,7.44,30.6,207.0,7.98,1.23,4.0,0.01,0.781,0.181,2532,1504,91.9,A (ดีมาก)
3845,2025-01-21,2568,1,ฤดูแล้ง,BNH06,ลำห้วย (Tributary),เหล่าปอแดง,7.37,24.2,357.0,4.43,4.23,15.0,0.719,2.468,1.114,12161,5321,61.8,B (ดี)
3846,2024-02-11,2567,2,ฤดูแล้ง,NHK08,หนองหาร (Lake),นาตงวัฒนา,7.91,23.0,195.0,7.65,0.3,4.0,0.186,0.817,0.623,3423,1698,87.1,A (ดีมาก)
3847,2025-05-20,2568,5,ฤดูแล้ง,BNH05,ลำห้วย (Tributary),ม่วงลาย,7.32,31.5,296.0,6.55,3.9,17.5,0.879,2.83,1.063,38349,22748,69.3,B (ดี)
3848,2025-02-24,2568,2,ฤดูแล้ง,BNH07,ลำห้วย (Tributary),งิ้วด่อน,7.43,24.9,329.0,5.99,3.8,26.5,0.705,2.709,1.126,12918,3205,67.9,B (ดี)
3849,2025-12-25,2568,12,ฤดูแล้ง,BNH03,ลำห้วย (Tributary),ท่าแร่,6.83,26.4,423.0,3.32,5.09,22.5,1.538,3.913,2.238,34593,17011,41.7,C (พอใช้)
3850,2024-02-24,2567,2,ฤดูแล้ง,BNH03,ลำห้วย (Tributary),ท่าแร่,6.98,25.8,349.0,2.95,6.98,40.3,1.663,3.477,2.213,19309,8438,40.9,C (พอใช้)
3851,2025-05-25,2568,5,ฤดูแล้ง,NHK06,หนองหาร (Lake),บ้านแป้น,7.22,27.5,185.0,7.25,0.3,4.0,0.594,0.935,0.195,664,238,84.7,A (ดีมาก)
3852,2024-03-13,2567,3,ฤดูแล้ง,NHK02,หนองหาร (Lake),ธาตุนาเวง,6.81,26.6,269.0,4.92,3.64,11.3,1.354,2.019,1.65,10841,5337,59.2,C (พอใช้)
3853,2025-06-24,2568,6,ฤดูฝน,BNH06,ลำห้วย (Tributary),เหล่าปอแดง,7.53,29.9,354.0,6.85,3.19,15.1,0.412,2.206,1.374,10910,2263,73.9,B (ดี)
3854,2025-03-15,2568,3,ฤดูแล้ง,NHK04,หนองหาร (Lake),เชียงเครือ,7.41,25.2,224.0,7.0,0.71,4.0,0.245,0.635,0.45,5899,2988,85.4,A (ดีมาก)
3855,2025-07-04,2568,7,ฤดูฝน,NHK01,หนองหาร (Lake),เมืองสกลนคร,6.89,29.6,239.0,8.18,0.3,4.0,0.01,0.87,0.282,9869,3274,92.0,A (ดีมาก)
3856,2024-10-02,2567,10,ฤดูฝน,BNH06,ลำห้วย (Tributary),เหล่าปอแดง,7.5,28.4,390.0,5.87,3.41,25.2,0.604,2.047,1.35,25224,14160,69.1,B (ดี)
3857,2025-06-09,2568,6,ฤดูฝน,NHK06,หนองหาร (Lake),บ้านแป้น,6.9,29.7,231.0,7.16,0.3,4.0,0.141,0.765,0.376,2169,1017,86.6,A (ดีมาก)
3858,2024-03-13,2567,3,ฤดูแล้ง,BNH03,ลำห้วย (Tributary),ท่าแร่,7.61,28.7,337.0,2.92,6.49,29.8,1.563,3.868,3.109,26678,15843,35.6,D (เสื่อมโทรม)
3859,2024-12-02,2567,12,ฤดูแล้ง,NHK05,หนองหาร (Lake),ท่าแร่,7.04,23.7,211.0,6.95,0.58,5.5,0.181,0.606,0.199,3916,931,86.9,A (ดีมาก)
3860,2024-02-26,2567,2,ฤดูแล้ง,BNH03,ลำห้วย (Tributary),ท่าแร่,6.87,26.4,379.0,3.74,6.27,38.0,1.537,3.105,2.282,50048,14122,46.1,C (พอใช้)
3861,2024-08-25,2567,8,ฤดูฝน,NHK08,หนองหาร (Lake),นาตงวัฒนา,6.92,27.9,217.0,7.31,0.58,4.0,0.01,0.808,0.375,965,537,87.9,A (ดีมาก)
3862,2025-03-07,2568,3,ฤดูแล้ง,BNH08,ลำห้วย (Tributary),เมืองสกลนคร,7.57,23.8,272.0,3.09,6.86,25.8,1.802,3.806,2.244,17462,7083,39.5,D (เสื่อมโทรม)
3863,2025-06-29,2568,6,ฤดูฝน,BNH06,ลำห้วย (Tributary),เหล่าปอแดง,7.12,30.8,406.0,6.97,4.42,18.3,0.421,1.966,1.339,19822,6938,75.3,B (ดี)
3864,2025-04-11,2568,4,ฤดูแล้ง,NHK04,หนองหาร (Lake),เชียงเครือ,7.16,27.6,221.0,7.71,0.98,4.0,0.407,0.855,0.621,9720,3491,86.0,A (ดีมาก)
3865,2024-11-20,2567,11,ฤดูแล้ง,NHK06,หนองหาร (Lake),บ้านแป้น,7.02,25.2,207.0,5.65,1.93,4.0,0.536,0.881,0.168,5196,1270,78.3,B (ดี)
3866,2025-02-17,2568,2,ฤดูแล้ง,NHK03,หนองหาร (Lake),ฮางโฮง,7.48,24.8,287.0,6.91,2.39,17.6,0.29,1.361,0.158,7937,4469,83.7,A (ดีมาก)
3867,2024-05-01,2567,5,ฤดูแล้ง,NHK02,หนองหาร (Lake),ธาตุนาเวง,7.15,29.1,327.0,4.48,4.44,12.9,1.34,1.963,1.605,8969,2198,57.7,C (พอใช้)
3868,2025-06-11,2568,6,ฤดูฝน,NHK03,หนองหาร (Lake),ฮางโฮง,6.64,29.5,257.0,8.04,0.3,4.0,0.01,1.031,1.195,8793,4491,86.3,A (ดีมาก)
3869,2025-10-05,2568,10,ฤดูฝน,BNH08,ลำห้วย (Tributary),เมืองสกลนคร,7.48,28.9,413.0,3.95,5.45,30.6,1.729,3.294,2.192,35123,10758,45.7,C (พอใช้)
3870,2024-06-21,2567,6,ฤดูฝน,BNH06,ลำห้วย (Tributary),เหล่าปอแดง,7.71,29.7,333.0,5.27,4.3,21.2,0.745,1.959,1.157,21559,10511,66.8,B (ดี)
3871,2024-06-28,2567,6,ฤดูฝน,NHK03,หนองหาร (Lake),ฮางโฮง,7.22,30.9,189.0,7.36,0.3,4.0,0.01,0.672,0.606,1356,284,87.4,A (ดีมาก)
3872,2024-05-30,2567,5,ฤดูแล้ง,NHK04,หนองหาร (Lake),เชียงเครือ,7.07,31.0,230.0,6.73,2.21,9.0,0.241,1.064,0.323,3391,1475,83.4,A (ดีมาก)
3873,2024-03-14,2567,3,ฤดูแล้ง,BNH04,ลำห้วย (Tributary),นาแก้ว,7.16,26.0,385.0,2.54,5.93,26.9,1.659,3.836,2.317,29654,14779,37.5,D (เสื่อมโทรม)
3874,2024-05-03,2567,5,ฤดูแล้ง,BNH03,ลำห้วย (Tributary),ท่าแร่,7.47,30.7,444.0,1.97,8.36,40.1,1.525,3.868,2.457,23667,7715,34.9,D (เสื่อมโทรม)
3875,2025-12-03,2568,12,ฤดูแล้ง,NHK03,หนองหาร (Lake),ฮางโฮง,7.4,25.4,223.0,6.55,2.25,15.1,0.186,0.707,0.75,6063,2326,81.9,A (ดีมาก)
3876,2025-09-26,2568,9,ฤดูฝน,BNH02,ลำห้วย (Tributary),เชียงเครือ,7.3,31.4,341.0,6.6,2.27,10.4,0.554,2.487,1.762,7231,1726,69.1,B (ดี)
3877,2024-06-03,2567,6,ฤดูฝน,NHK03,หนองหาร (Lake),ฮางโฮง,7.39,28.6,246.0,7.19,0.79,4.0,0.01,0.659,0.211,12039,6345,88.6,A (ดีมาก)
3878,2025-12-07,2568,12,ฤดูแล้ง,NHK05,หนองหาร (Lake),ท่าแร่,7.49,26.3,196.0,7.12,0.3,4.0,0.159,0.803,0.994,4266,2148,83.1,A (ดีมาก)
3879,2025-01-09,2568,1,ฤดูแล้ง,BNH02,ลำห้วย (Tributary),เชียงเครือ,7.1,25.0,326.0,4.73,4.0,21.7,0.605,2.203,1.646,7373,4052,62.0,B (ดี)
3880,2024-11-05,2567,11,ฤดูแล้ง,BNH01,ลำห้วย (Tributary),ธาตุนาเวง,6.76,28.1,385.0,2.81,6.68,36.6,1.509,3.804,2.183,46051,12225,40.3,C (พอใช้)
3881,2025-01-12,2568,1,ฤดูแล้ง,NHK08,หนองหาร (Lake),นาตงวัฒนา,6.71,25.4,188.0,6.27,1.06,10.9,0.102,0.659,0.408,2754,1553,83.0,A (ดีมาก)
3882,2025-05-21,2568,5,ฤดูแล้ง,NHK08,หนองหาร (Lake),นาตงวัฒนา,7.92,27.9,215.0,5.58,0.88,9.7,0.472,0.741,0.435,2623,1249,77.5,B (ดี)
3883,2024-03-26,2567,3,ฤดูแล้ง,BNH01,ลำห้วย (Tributary),ธาตุนาเวง,7.63,26.2,400.0,1.3,7.57,32.6,1.512,3.286,2.353,62756,32698,34.4,D (เสื่อมโทรม)
3884,2025-11-27,2568,11,ฤดูแล้ง,BNH01,ลำห้วย (Tributary),ธาตุนาเวง,6.6,27.0,464.0,1.81,6.76,32.9,1.662,3.518,2.624,79930,31526,33.7,D (เสื่อมโทรม)
3885,2025-07-16,2568,7,ฤดูฝน,BNH05,ลำห้วย (Tributary),ม่วงลาย,7.94,30.5,265.0,5.26,2.12,6.7,0.599,2.128,1.192,11550,3853,66.9,B (ดี)
3886,2024-12-24,2567,12,ฤดูแล้ง,NHK01,หนองหาร (Lake),เมืองสกลนคร,7.28,24.1,266.0,7.42,1.65,11.1,0.126,0.629,0.59,3988,1130,87.2,A (ดีมาก)
3887,2025-11-02,2568,11,ฤดูแล้ง,BNH02,ลำห้วย (Tributary),เชียงเครือ,6.98,25.2,336.0,6.1,2.68,9.5,0.605,1.929,1.134,3091,1151,71.6,B (ดี)
3888,2024-04-12,2567,4,ฤดูแล้ง,NHK01,หนองหาร (Lake),เมืองสกลนคร,6.99,29.9,285.0,6.6,0.89,4.0,0.134,0.8,0.194,716,392,84.9,A (ดีมาก)
3889,2025-01-26,2568,1,ฤดูแล้ง,NHK04,หนองหาร (Lake),เชียงเครือ,6.81,25.6,199.0,7.15,1.08,4.0,0.367,1.067,0.174,1065,580,85.3,A (ดีมาก)
3890,2024-08-15,2567,8,ฤดูฝน,BNH06,ลำห้วย (Tributary),เหล่าปอแดง,6.91,29.1,402.0,6.68,3.74,21.4,0.43,2.412,1.185,7588,3898,73.2,B (ดี)
3891,2025-08-22,2568,8,ฤดูฝน,BNH03,ลำห้วย (Tributary),ท่าแร่,6.74,29.5,353.0,4.35,7.13,29.9,1.463,3.114,2.213,50391,10352,49.5,C (พอใช้)
3892,2024-04-12,2567,4,ฤดูแล้ง,BNH02,ลำห้วย (Tributary),เชียงเครือ,7.08,27.5,309.0,5.11,5.08,19.6,1.096,2.651,1.238,6005,1770,61.4,B (ดี)
3893,2025-10-08,2568,10,ฤดูฝน,BNH01,ลำห้วย (Tributary),ธาตุนาเวง,6.6,30.1,398.0,3.07,7.61,38.1,1.311,3.396,2.745,105316,53047,41.1,C (พอใช้)
3894,2024-12-28,2567,12,ฤดูแล้ง,NHK06,หนองหาร (Lake),บ้านแป้น,7.22,25.1,259.0,6.82,3.31,17.6,0.135,1.326,0.402,3377,1882,83.1,A (ดีมาก)
3895,2024-11-15,2567,11,ฤดูแล้ง,BNH02,ลำห้วย (Tributary),เชียงเครือ,6.7,26.0,329.0,5.61,4.04,12.5,0.763,2.937,1.057,6920,2197,65.5,B (ดี)
3896,2025-04-18,2568,4,ฤดูแล้ง,NHK02,หนองหาร (Lake),ธาตุนาเวง,6.96,28.0,305.0,4.15,4.99,17.7,1.261,2.091,1.347,11446,4452,57.5,C (พอใช้)
3897,2024-12-08,2567,12,ฤดูแล้ง,NHK05,หนองหาร (Lake),ท่าแร่,7.1,25.6,225.0,6.33,0.3,4.0,0.281,1.227,0.523,1456,693,79.8,B (ดี)
3898,2024-02-08,2567,2,ฤดูแล้ง,BNH01,ลำห้วย (Tributary),ธาตุนาเวง,7.43,24.4,372.0,2.2,8.42,45.0,1.508,3.14,2.265,63806,26057,39.4,D (เสื่อมโทรม)
3899,2024-01-24,2567,1,ฤดูแล้ง,BNH01,ลำห้วย (Tributary),ธาตุนาเวง,6.52,25.8,342.0,2.41,6.61,34.1,1.581,3.406,2.242,21549,7959,39.1,D (เสื่อมโทรม)
3900,2025-11-03,2568,11,ฤดูแล้ง,NHK03,หนองหาร (Lake),ฮางโฮง,6.66,24.7,308.0,7.12,1.96,15.6,0.206,1.27,0.529,4330,1744,83.6,A (ดีมาก)
3901,2025-06-05,2568,6,ฤดูฝน,NHK07,หนองหาร (Lake),บ้านแป้น,6.93,30.2,198.0,7.91,0.42,4.0,0.19,1.137,0.156,2485,1479,89.5,A (ดีมาก)
3902,2024-01-25,2567,1,ฤดูแล้ง,NHK07,หนองหาร (Lake),บ้านแป้น,6.82,25.1,242.0,7.21,1.82,11.5,0.112,0.739,0.177,14222,8478,88.1,A (ดีมาก)
3903,2025-04-05,2568,4,ฤดูแล้ง,BNH01,ลำห้วย (Tributary),ธาตุนาเวง,6.9,27.8,353.0,3.26,5.76,31.4,1.551,3.583,2.524,40179,10442,41.0,C (พอใช้)
3904,2024-10-22,2567,10,ฤดูฝน,NHK03,หนองหาร (Lake),ฮางโฮง,7.02,28.8,226.0,7.41,1.75,12.7,0.244,0.856,0.345,8016,3574,86.9,A (ดีมาก)
3905,2025-09-16,2568,9,ฤดูฝน,NHK06,หนองหาร (Lake),บ้านแป้น,7.79,28.5,216.0,7.91,0.3,4.0,0.01,1.119,0.529,3171,810,88.7,A (ดีมาก)
3906,2025-03-08,2568,3,ฤดูแล้ง,BNH01,ลำห้วย (Tributary),ธาตุนาเวง,7.16,28.3,395.0,2.23,7.27,21.1,1.691,3.34,2.338,30972,10061,37.4,D (เสื่อมโทรม)
3907,2024-09-12,2567,9,ฤดูฝน,BNH08,ลำห้วย (Tributary),เมืองสกลนคร,7.15,28.7,356.0,3.07,7.07,18.5,1.411,3.622,2.546,55854,13045,40.8,C (พอใช้)
3908,2024-08-06,2567,8,ฤดูฝน,NHK05,หนองหาร (Lake),ท่าแร่,7.11,30.9,205.0,6.87,0.56,4.0,0.032,1.557,0.643,8761,4652,81.9,A (ดีมาก)
3909,2025-03-06,2568,3,ฤดูแล้ง,NHK10,หนองหาร (Lake),งิ้วด่อน,7.34,25.8,181.0,7.09,0.62,4.0,0.311,0.761,0.3,7921,3570,85.7,A (ดีมาก)
3910,2024-04-26,2567,4,ฤดูแล้ง,BNH02,ลำห้วย (Tributary),เชียงเครือ,7.11,27.7,309.0,5.12,2.36,11.1,0.731,1.967,1.377,12242,3928,65.1,B (ดี)
3911,2025-07-20,2568,7,ฤดูฝน,BNH05,ลำห้วย (Tributary),ม่วงลาย,7.41,32.2,356.0,6.29,4.02,21.0,0.667,1.956,1.646,15548,7691,69.4,B (ดี)
3912,2025-05-14,2568,5,ฤดูแล้ง,BNH02,ลำห้วย (Tributary),เชียงเครือ,7.12,30.0,279.0,5.0,3.84,16.6,0.72,2.203,1.429,20161,5603,63.6,B (ดี)
3913,2024-04-09,2567,4,ฤดูแล้ง,BNH03,ลำห้วย (Tributary),ท่าแร่,6.73,27.2,360.0,2.18,6.03,32.6,1.541,3.686,3.524,13001,3308,31.0,D (เสื่อมโทรม)
3914,2025-02-20,2568,2,ฤดูแล้ง,BNH01,ลำห้วย (Tributary),ธาตุนาเวง,6.98,24.7,424.0,3.5,8.59,38.0,1.53,3.923,2.212,117550,58021,42.7,C (พอใช้)
3915,2024-04-11,2567,4,ฤดูแล้ง,BNH08,ลำห้วย (Tributary),เมืองสกลนคร,7.05,27.7,367.0,4.41,7.61,41.0,1.618,3.843,2.238,122368,49772,46.4,C (พอใช้)
3916,2024-11-27,2567,11,ฤดูแล้ง,BNH05,ลำห้วย (Tributary),ม่วงลาย,7.7,27.0,370.0,5.02,5.01,15.6,0.622,2.639,1.922,4925,2197,60.4,B (ดี)
3917,2025-06-02,2568,6,ฤดูฝน,BNH03,ลำห้วย (Tributary),ท่าแร่,6.92,31.6,411.0,3.17,5.02,14.5,1.4,3.348,2.781,20876,8373,41.0,C (พอใช้)
3918,2024-02-18,2567,2,ฤดูแล้ง,BNH01,ลำห้วย (Tributary),ธาตุนาเวง,6.95,24.8,501.0,2.56,7.24,32.9,1.726,4.222,2.235,36767,21920,36.3,D (เสื่อมโทรม)
3919,2024-12-08,2567,12,ฤดูแล้ง,BNH07,ลำห้วย (Tributary),งิ้วด่อน,7.04,25.5,302.0,5.09,2.64,4.0,0.945,2.532,1.138,16611,5237,63.1,B (ดี)
3920,2025-05-22,2568,5,ฤดูแล้ง,BNH07,ลำห้วย (Tributary),งิ้วด่อน,7.04,29.9,269.0,5.54,3.78,11.7,0.611,2.109,1.282,8427,4034,67.7,B (ดี)
3921,2025-07-30,2568,7,ฤดูฝน,NHK02,หนองหาร (Lake),ธาตุนาเวง,7.29,30.2,312.0,5.21,2.64,6.9,0.81,2.194,1.338,3640,800,64.5,B (ดี)
3922,2024-01-28,2567,1,ฤดูแล้ง,NHK04,หนองหาร (Lake),เชียงเครือ,7.86,24.3,212.0,6.86,0.3,4.0,0.199,1.42,0.258,5048,1489,83.3,A (ดีมาก)
3923,2025-01-20,2568,1,ฤดูแล้ง,NHK08,หนองหาร (Lake),นาตงวัฒนา,7.42,26.6,227.0,6.91,1.4,9.6,0.346,0.963,0.204,2229,1105,84.5,A (ดีมาก)
3924,2025-04-26,2568,4,ฤดูแล้ง,NHK08,หนองหาร (Lake),นาตงวัฒนา,7.58,25.6,255.0,6.93,1.58,4.0,0.214,0.681,0.263,4753,2338,86.0,A (ดีมาก)
3925,2024-07-07,2567,7,ฤดูฝน,BNH08,ลำห้วย (Tributary),เมืองสกลนคร,7.01,31.5,401.0,4.07,4.9,13.9,1.393,3.154,2.317,41619,19762,48.0,C (พอใช้)
3926,2025-10-04,2568,10,ฤดูฝน,NHK01,หนองหาร (Lake),เมืองสกลนคร,7.24,28.8,262.0,8.58,1.38,8.3,0.01,1.077,0.17,1704,390,93.6,A (ดีมาก)
3927,2024-11-21,2567,11,ฤดูแล้ง,NHK08,หนองหาร (Lake),นาตงวัฒนา,7.35,27.2,245.0,5.38,2.69,8.0,0.231,1.228,0.557,1447,455,75.7,B (ดี)
3928,2025-08-16,2568,8,ฤดูฝน,NHK10,หนองหาร (Lake),งิ้วด่อน,7.31,30.0,246.0,7.14,0.3,4.0,0.01,1.085,0.156,2728,778,87.3,A (ดีมาก)
3929,2024-06-12,2567,6,ฤดูฝน,BNH05,ลำห้วย (Tributary),ม่วงลาย,7.46,29.9,288.0,5.97,4.7,21.8,0.461,2.842,1.27,4523,1184,68.1,B (ดี)
3930,2024-12-28,2567,12,ฤดูแล้ง,NHK03,หนองหาร (Lake),ฮางโฮง,7.38,25.6,245.0,6.4,0.32,4.0,0.339,1.544,0.178,6145,3104,80.5,A (ดีมาก)
3931,2024-10-24,2567,10,ฤดูฝน,BNH04,ลำห้วย (Tributary),นาแก้ว,7.42,27.7,336.0,3.63,4.9,25.0,1.308,3.3,2.437,98503,42838,45.5,C (พอใช้)
3932,2024-03-12,2567,3,ฤดูแล้ง,NHK10,หนองหาร (Lake),งิ้วด่อน,7.31,26.5,197.0,6.95,1.09,5.2,0.106,1.477,0.472,6599,2823,83.0,A (ดีมาก)
3933,2024-07-22,2567,7,ฤดูฝน,NHK01,หนองหาร (Lake),เมืองสกลนคร,7.01,29.8,263.0,8.75,1.4,4.2,0.01,0.989,0.305,2260,1121,94.0,A (ดีมาก)
3934,2024-11-15,2567,11,ฤดูแล้ง,NHK06,หนองหาร (Lake),บ้านแป้น,7.39,29.1,218.0,7.03,1.84,4.0,0.282,1.6,0.274,8734,4544,82.9,A (ดีมาก)
3935,2025-10-27,2568,10,ฤดูฝน,BNH03,ลำห้วย (Tributary),ท่าแร่,6.65,26.4,377.0,5.18,4.76,21.1,1.324,3.172,3.265,81974,39626,48.6,C (พอใช้)
3936,2025-05-03,2568,5,ฤดูแล้ง,NHK01,หนองหาร (Lake),เมืองสกลนคร,7.17,30.8,283.0,7.04,1.21,4.0,0.142,1.37,0.247,3278,1903,84.7,A (ดีมาก)
3937,2024-06-04,2567,6,ฤดูฝน,NHK07,หนองหาร (Lake),บ้านแป้น,6.96,28.7,201.0,8.62,0.52,6.0,0.036,0.869,0.211,3835,1804,94.1,A (ดีมาก)
3938,2024-08-05,2567,8,ฤดูฝน,NHK05,หนองหาร (Lake),ท่าแร่,7.82,30.1,246.0,7.24,1.09,4.2,0.439,1.104,0.368,2081,1204,84.1,A (ดีมาก)
3939,2024-12-14,2567,12,ฤดูแล้ง,NHK01,หนองหาร (Lake),เมืองสกลนคร,6.98,25.8,235.0,7.06,0.3,4.0,0.191,0.677,0.469,6053,1656,85.7,A (ดีมาก)
3940,2025-11-28,2568,11,ฤดูแล้ง,BNH04,ลำห้วย (Tributary),นาแก้ว,7.03,27.7,402.0,3.41,5.88,35.4,1.616,3.251,2.418,199905,70717,43.0,C (พอใช้)
3941,2025-01-27,2568,1,ฤดูแล้ง,BNH08,ลำห้วย (Tributary),เมืองสกลนคร,6.48,23.1,338.0,2.97,8.4,41.3,1.758,3.531,2.308,103555,56274,39.9,D (เสื่อมโทรม)
3942,2024-05-28,2567,5,ฤดูแล้ง,BNH01,ลำห้วย (Tributary),ธาตุนาเวง,6.59,30.5,349.0,3.7,7.73,39.1,1.644,3.308,2.382,60491,16362,44.1,C (พอใช้)
3943,2025-06-06,2568,6,ฤดูฝน,BNH08,ลำห้วย (Tributary),เมืองสกลนคร,7.38,31.5,347.0,4.02,8.18,25.7,1.399,3.199,3.536,55607,21264,41.5,C (พอใช้)
3944,2025-01-08,2568,1,ฤดูแล้ง,BNH08,ลำห้วย (Tributary),เมืองสกลนคร,7.66,24.5,354.0,2.5,7.54,38.7,1.549,3.183,2.305,36810,8271,40.1,C (พอใช้)
3945,2025-05-13,2568,5,ฤดูแล้ง,NHK02,หนองหาร (Lake),ธาตุนาเวง,6.96,29.1,271.0,3.74,4.36,18.9,1.036,1.851,1.413,14154,2890,57.4,C (พอใช้)
3946,2025-08-14,2568,8,ฤดูฝน,NHK07,หนองหาร (Lake),บ้านแป้น,7.59,31.0,207.0,6.91,0.9,4.0,0.094,1.17,0.533,3223,989,83.6,A (ดีมาก)
3947,2025-08-18,2568,8,ฤดูฝน,BNH07,ลำห้วย (Tributary),งิ้วด่อน,6.66,29.3,323.0,6.11,2.91,7.4,0.403,2.225,1.066,26042,8713,72.1,B (ดี)
3948,2024-03-24,2567,3,ฤดูแล้ง,BNH03,ลำห้วย (Tributary),ท่าแร่,6.99,25.1,374.0,2.42,5.91,24.7,1.561,3.385,2.839,93465,53166,36.4,D (เสื่อมโทรม)
3949,2024-04-07,2567,4,ฤดูแล้ง,BNH07,ลำห้วย (Tributary),งิ้วด่อน,7.49,28.2,339.0,5.07,5.52,17.4,1.011,2.483,1.084,29191,16523,63.1,B (ดี)
3950,2025-03-30,2568,3,ฤดูแล้ง,NHK08,หนองหาร (Lake),นาตงวัฒนา,6.91,25.5,310.0,7.93,2.28,9.4,0.113,0.834,0.397,3801,1519,89.8,A (ดีมาก)
3951,2025-06-27,2568,6,ฤดูฝน,BNH05,ลำห้วย (Tributary),ม่วงลาย,7.51,30.4,324.0,6.63,3.55,14.4,0.457,3.002,2.109,10345,3492,66.3,B (ดี)
3952,2025-02-15,2568,2,ฤดูแล้ง,NHK03,หนองหาร (Lake),ฮางโฮง,6.61,26.4,264.0,7.45,2.43,16.5,0.224,0.706,0.509,1151,566,86.9,A (ดีมาก)
3953,2024-12-05,2567,12,ฤดูแล้ง,NHK07,หนองหาร (Lake),บ้านแป้น,7.43,24.5,223.0,6.76,0.98,7.2,0.895,1.162,0.17,3424,1960,80.2,A (ดีมาก)
3954,2024-07-10,2567,7,ฤดูฝน,BNH08,ลำห้วย (Tributary),เมืองสกลนคร,6.92,30.4,412.0,3.16,6.18,30.9,1.471,3.245,2.252,39452,19307,43.6,C (พอใช้)
3955,2025-11-11,2568,11,ฤดูแล้ง,BNH04,ลำห้วย (Tributary),นาแก้ว,6.98,27.5,388.0,4.51,6.31,25.4,1.636,3.221,2.372,31833,18277,48.1,C (พอใช้)
3956,2025-01-18,2568,1,ฤดูแล้ง,BNH08,ลำห้วย (Tributary),เมืองสกลนคร,7.06,27.5,361.0,3.52,7.41,34.0,1.729,3.271,2.298,27343,6862,43.4,C (พอใช้)
3957,2024-08-31,2567,8,ฤดูฝน,BNH02,ลำห้วย (Tributary),เชียงเครือ,6.97,30.3,306.0,6.05,3.24,18.0,0.427,2.039,1.086,12635,6490,72.2,B (ดี)
3958,2024-12-19,2567,12,ฤดูแล้ง,NHK02,หนองหาร (Lake),ธาตุนาเวง,7.01,24.4,340.0,5.14,5.72,28.5,1.173,1.992,1.285,19209,4708,63.1,B (ดี)
3959,2024-09-23,2567,9,ฤดูฝน,BNH02,ลำห้วย (Tributary),เชียงเครือ,7.42,28.9,396.0,7.57,3.44,8.7,0.477,2.112,1.297,15066,4408,77.4,B (ดี)
3960,2024-12-17,2567,12,ฤดูแล้ง,BNH06,ลำห้วย (Tributary),เหล่าปอแดง,7.23,25.3,283.0,5.52,3.52,14.9,0.652,2.265,1.167,13267,4728,67.4,B (ดี)
3961,2025-10-29,2568,10,ฤดูฝน,NHK01,หนองหาร (Lake),เมืองสกลนคร,7.51,26.4,169.0,7.82,0.3,8.8,0.01,1.649,0.303,5352,2184,87.7,A (ดีมาก)
3962,2024-11-05,2567,11,ฤดูแล้ง,NHK08,หนองหาร (Lake),นาตงวัฒนา,7.36,25.6,188.0,8.25,1.12,4.0,0.234,0.855,0.179,770,389,91.6,A (ดีมาก)
3963,2025-03-07,2568,3,ฤดูแล้ง,BNH04,ลำห้วย (Tributary),นาแก้ว,6.99,25.0,403.0,3.35,6.25,32.6,1.552,3.174,2.202,37189,15665,44.4,C (พอใช้)
3964,2025-12-07,2568,12,ฤดูแล้ง,NHK06,หนองหาร (Lake),บ้านแป้น,6.87,27.4,295.0,6.19,2.37,4.0,0.284,1.283,0.471,2640,892,79.2,B (ดี)
3965,2025-04-07,2568,4,ฤดูแล้ง,BNH05,ลำห้วย (Tributary),ม่วงลาย,7.08,28.1,293.0,5.24,4.79,30.6,0.647,2.019,1.234,20191,7496,66.7,B (ดี)
3966,2024-09-25,2567,9,ฤดูฝน,BNH02,ลำห้วย (Tributary),เชียงเครือ,7.01,29.6,343.0,5.57,5.95,37.0,0.401,2.266,1.368,23290,11709,68.1,B (ดี)
3967,2025-10-13,2568,10,ฤดูฝน,NHK01,หนองหาร (Lake),เมืองสกลนคร,7.35,25.2,219.0,6.87,0.66,5.9,0.01,0.646,0.272,6751,4043,87.0,A (ดีมาก)
3968,2024-11-18,2567,11,ฤดูแล้ง,NHK10,หนองหาร (Lake),งิ้วด่อน,7.45,26.5,292.0,6.44,0.3,4.0,0.169,1.317,0.465,4810,2589,80.9,A (ดีมาก)
3969,2025-11-14,2568,11,ฤดูแล้ง,NHK01,หนองหาร (Lake),เมืองสกลนคร,7.2,25.0,302.0,8.02,1.28,4.0,0.126,1.476,0.317,2955,1676,88.4,A (ดีมาก)
3970,2024-04-13,2567,4,ฤดูแล้ง,NHK04,หนองหาร (Lake),เชียงเครือ,7.69,24.7,217.0,4.98,0.4,5.9,0.692,0.955,0.5,3982,804,72.5,B (ดี)
3971,2024-02-13,2567,2,ฤดูแล้ง,NHK01,หนองหาร (Lake),เมืองสกลนคร,6.98,25.1,293.0,6.06,1.97,12.4,0.256,0.798,0.263,5324,3098,81.5,A (ดีมาก)
3972,2024-04-13,2567,4,ฤดูแล้ง,NHK06,หนองหาร (Lake),บ้านแป้น,7.21,26.5,266.0,7.51,0.3,4.7,0.383,1.013,0.255,2390,987,86.5,A (ดีมาก)
3973,2025-11-03,2568,11,ฤดูแล้ง,BNH05,ลำห้วย (Tributary),ม่วงลาย,7.3,25.8,233.0,4.6,4.14,20.7,0.674,2.629,1.527,14920,6283,60.2,B (ดี)
3974,2025-01-11,2568,1,ฤดูแล้ง,NHK04,หนองหาร (Lake),เชียงเครือ,7.09,23.9,245.0,5.94,1.26,12.6,0.21,0.735,0.277,2782,563,81.3,A (ดีมาก)
3975,2024-07-06,2567,7,ฤดูฝน,NHK10,หนองหาร (Lake),งิ้วด่อน,7.66,29.7,148.0,7.11,0.3,4.0,0.109,2.095,1.079,11410,2782,78.6,B (ดี)
3976,2024-09-12,2567,9,ฤดูฝน,BNH02,ลำห้วย (Tributary),เชียงเครือ,7.69,28.2,313.0,6.62,3.56,17.1,0.462,2.0,1.228,23186,9934,74.0,B (ดี)
3977,2025-04-24,2568,4,ฤดูแล้ง,NHK04,หนองหาร (Lake),เชียงเครือ,7.44,27.3,193.0,7.15,1.06,13.9,0.18,0.634,0.333,7560,3058,87.0,A (ดีมาก)
3978,2025-10-22,2568,10,ฤดูฝน,NHK09,หนองหาร (Lake),เหล่าปอแดง,6.84,29.2,241.0,6.17,0.95,13.9,0.01,0.666,0.322,2017,507,83.5,A (ดีมาก)
3979,2025-07-03,2568,7,ฤดูฝน,NHK04,หนองหาร (Lake),เชียงเครือ,7.53,30.4,273.0,7.38,0.71,4.0,0.135,0.791,0.414,6081,2209,87.3,A (ดีมาก)
3980,2024-03-20,2567,3,ฤดูแล้ง,NHK08,หนองหาร (Lake),นาตงวัฒนา,7.07,26.6,210.0,6.87,2.06,6.1,0.267,0.806,0.225,1530,560,85.2,A (ดีมาก)
3981,2024-12-04,2567,12,ฤดูแล้ง,BNH02,ลำห้วย (Tributary),เชียงเครือ,6.61,24.7,313.0,5.78,3.86,13.2,0.699,2.341,1.233,14519,5077,67.7,B (ดี)
3982,2025-11-06,2568,11,ฤดูแล้ง,NHK09,หนองหาร (Lake),เหล่าปอแดง,7.52,26.8,178.0,6.23,1.89,4.0,0.125,0.863,0.474,12376,5541,81.7,A (ดีมาก)
3983,2025-10-18,2568,10,ฤดูฝน,NHK10,หนองหาร (Lake),งิ้วด่อน,7.82,27.5,237.0,8.72,0.3,4.0,0.152,0.702,0.178,583,161,94.7,A (ดีมาก)
3984,2024-03-02,2567,3,ฤดูแล้ง,BNH02,ลำห้วย (Tributary),เชียงเครือ,7.24,28.1,326.0,5.42,3.43,17.0,0.77,2.135,1.079,3204,1805,67.2,B (ดี)
3985,2024-07-12,2567,7,ฤดูฝน,BNH02,ลำห้วย (Tributary),เชียงเครือ,7.18,31.2,325.0,6.18,3.53,11.6,0.617,2.088,1.131,6456,2370,71.3,B (ดี)
3986,2025-02-02,2568,2,ฤดูแล้ง,NHK10,หนองหาร (Lake),งิ้วด่อน,7.17,27.2,269.0,6.71,1.81,16.5,0.103,1.195,0.476,1274,464,82.9,A (ดีมาก)
3987,2024-02-28,2567,2,ฤดูแล้ง,BNH07,ลำห้วย (Tributary),งิ้วด่อน,7.55,26.9,374.0,5.47,2.43,10.6,0.651,2.424,1.153,12327,4437,66.7,B (ดี)
3988,2024-07-16,2567,7,ฤดูฝน,BNH04,ลำห้วย (Tributary),นาแก้ว,6.59,31.4,396.0,4.33,7.12,34.2,1.365,3.16,2.206,10529,4411,49.9,C (พอใช้)
3989,2024-04-07,2567,4,ฤดูแล้ง,NHK05,หนองหาร (Lake),ท่าแร่,6.62,27.4,236.0,7.32,1.07,4.0,0.101,2.034,0.232,7931,3169,84.0,A (ดีมาก)
3990,2025-03-29,2568,3,ฤดูแล้ง,NHK08,หนองหาร (Lake),นาตงวัฒนา,7.15,28.3,204.0,8.48,0.91,4.0,0.213,0.866,1.101,2995,908,88.1,A (ดีมาก)
3991,2024-05-08,2567,5,ฤดูแล้ง,BNH02,ลำห้วย (Tributary),เชียงเครือ,7.92,29.6,239.0,3.55,4.53,22.0,0.661,2.337,1.099,8835,4752,58.7,C (พอใช้)
3992,2024-01-15,2567,1,ฤดูแล้ง,NHK04,หนองหาร (Lake),เชียงเครือ,7.18,24.4,205.0,7.02,0.3,4.0,0.592,0.724,0.283,3020,1110,84.0,A (ดีมาก)
3993,2025-06-14,2568,6,ฤดูฝน,NHK04,หนองหาร (Lake),เชียงเครือ,7.28,30.5,271.0,7.14,1.13,10.9,0.01,1.192,0.57,12207,6270,84.9,A (ดีมาก)
3994,2024-08-27,2567,8,ฤดูฝน,NHK07,หนองหาร (Lake),บ้านแป้น,7.9,31.0,262.0,8.1,1.76,8.5,0.01,0.721,0.202,7147,3387,92.5,A (ดีมาก)
3995,2024-03-04,2567,3,ฤดูแล้ง,NHK02,หนองหาร (Lake),ธาตุนาเวง,6.93,24.5,314.0,5.49,4.44,23.7,1.01,2.265,1.591,11644,5794,63.1,B (ดี)
3996,2024-03-27,2567,3,ฤดูแล้ง,NHK08,หนองหาร (Lake),นาตงวัฒนา,6.87,28.0,190.0,6.94,0.97,9.3,0.125,0.823,0.324,772,278,85.7,A (ดีมาก)
3997,2025-06-29,2568,6,ฤดูฝน,BNH02,ลำห้วย (Tributary),เชียงเครือ,6.48,30.8,289.0,6.78,3.15,17.7,0.752,2.057,1.148,9947,4799,73.2,B (ดี)
3998,2025-06-25,2568,6,ฤดูฝน,BNH03,ลำห้วย (Tributary),ท่าแร่,7.17,28.9,402.0,4.39,3.7,19.5,1.415,3.554,2.877,91574,23488,45.2,C (พอใช้)
3999,2025-05-28,2568,5,ฤดูแล้ง,NHK05,หนองหาร (Lake),ท่าแร่,7.19,32.0,257.0,7.24,3.21,15.9,0.234,1.104,0.216,12381,7139,86.1,A (ดีมาก)
4000,2024-06-11,2567,6,ฤดูฝน,NHK03,หนองหาร (Lake),ฮางโฮง,7.21,30.5,230.0,6.84,0.3,4.0,0.052,0.779,0.176,7580,1672,86.6,A (ดีมาก)
4001,2024-03-19,2567,3,ฤดูแล้ง,NHK06,หนองหาร (Lake),บ้านแป้น,7.35,25.3,219.0,6.79,1.12,4.0,0.507,0.798,0.718,4925,2577,81.0,A (ดีมาก)
4002,2025-01-20,2568,1,ฤดูแล้ง,BNH02,ลำห้วย (Tributary),เชียงเครือ,8.23,25.1,329.0,4.16,3.61,9.3,0.875,2.152,1.079,15294,3230,60.9,B (ดี)
4003,2025-03-02,2568,3,ฤดูแล้ง,BNH05,ลำห้วย (Tributary),ม่วงลาย,7.65,26.2,349.0,5.45,3.63,27.2,0.929,1.916,1.175,18203,10241,66.7,B (ดี)
4004,2024-06-16,2567,6,ฤดูฝน,BNH03,ลำห้วย (Tributary),ท่าแร่,6.76,30.9,367.0,4.33,5.88,22.8,1.314,3.224,3.039,71552,28598,45.8,C (พอใช้)
4005,2025-10-23,2568,10,ฤดูฝน,NHK03,หนองหาร (Lake),ฮางโฮง,7.21,27.8,243.0,7.54,0.3,4.0,0.045,0.62,0.204,2628,997,90.2,A (ดีมาก)
4006,2025-06-08,2568,6,ฤดูฝน,NHK05,หนองหาร (Lake),ท่าแร่,6.78,32.1,209.0,8.48,0.3,4.0,0.074,1.152,0.861,1602,812,89.1,A (ดีมาก)
4007,2024-03-16,2567,3,ฤดูแล้ง,NHK04,หนองหาร (Lake),เชียงเครือ,7.41,27.7,246.0,6.11,1.47,4.0,0.282,0.773,0.167,2903,1536,82.2,A (ดีมาก)
4008,2025-12-15,2568,12,ฤดูแล้ง,NHK08,หนองหาร (Lake),นาตงวัฒนา,7.36,25.0,164.0,7.81,1.56,5.0,0.723,0.776,0.295,3068,957,86.5,A (ดีมาก)
4009,2024-01-19,2567,1,ฤดูแล้ง,BNH08,ลำห้วย (Tributary),เมืองสกลนคร,6.72,24.8,339.0,2.32,6.86,26.1,1.554,3.201,2.155,106706,46114,40.0,D (เสื่อมโทรม)
4010,2025-11-20,2568,11,ฤดูแล้ง,BNH07,ลำห้วย (Tributary),งิ้วด่อน,7.15,25.4,343.0,4.38,3.33,16.5,0.801,2.778,1.121,9607,2894,60.0,B (ดี)
4011,2025-05-17,2568,5,ฤดูแล้ง,NHK02,หนองหาร (Lake),ธาตุนาเวง,7.48,30.2,304.0,4.2,4.96,23.0,1.224,2.68,1.677,3896,1314,54.4,C (พอใช้)
4012,2024-11-07,2567,11,ฤดูแล้ง,NHK05,หนองหาร (Lake),ท่าแร่,7.17,26.6,193.0,7.36,1.72,11.1,0.147,1.225,0.411,4246,1615,85.8,A (ดีมาก)
4013,2024-09-25,2567,9,ฤดูฝน,NHK06,หนองหาร (Lake),บ้านแป้น,7.77,30.0,194.0,8.04,2.68,9.7,0.048,1.159,0.414,8897,5108,89.5,A (ดีมาก)
4014,2024-02-16,2567,2,ฤดูแล้ง,NHK05,หนองหาร (Lake),ท่าแร่,7.4,23.6,234.0,6.34,1.75,11.8,0.763,0.712,0.201,2086,1071,80.4,A (ดีมาก)
4015,2024-12-07,2567,12,ฤดูแล้ง,BNH07,ลำห้วย (Tributary),งิ้วด่อน,6.95,24.9,305.0,5.23,5.58,28.0,0.698,1.953,1.097,15268,6124,67.3,B (ดี)
4016,2024-08-13,2567,8,ฤดูฝน,BNH04,ลำห้วย (Tributary),นาแก้ว,7.07,31.7,444.0,3.76,7.43,28.6,1.396,3.295,2.32,52956,21266,46.2,C (พอใช้)
4017,2024-11-11,2567,11,ฤดูแล้ง,BNH06,ลำห้วย (Tributary),เหล่าปอแดง,6.63,23.3,387.0,5.29,5.45,21.7,0.781,2.377,1.382,6022,1405,64.2,B (ดี)
4018,2024-10-05,2567,10,ฤดูฝน,NHK04,หนองหาร (Lake),เชียงเครือ,6.94,26.0,204.0,7.17,0.73,4.0,0.053,0.786,0.348,4431,2279,87.2,A (ดีมาก)
4019,2025-08-18,2568,8,ฤดูฝน,NHK01,หนองหาร (Lake),เมืองสกลนคร,7.67,30.7,231.0,7.23,1.33,11.5,0.01,0.604,0.528,5809,2499,87.4,A (ดีมาก)
4020,2024-02-17,2567,2,ฤดูแล้ง,BNH01,ลำห้วย (Tributary),ธาตุนาเวง,7.02,23.7,331.0,2.9,8.3,40.4,1.602,3.274,2.295,16264,4164,41.3,C (พอใช้)
4021,2025-02-04,2568,2,ฤดูแล้ง,NHK08,หนองหาร (Lake),นาตงวัฒนา,7.3,25.1,164.0,7.39,0.92,4.0,0.17,0.926,0.336,7053,2808,87.1,A (ดีมาก)
4022,2024-08-29,2567,8,ฤดูฝน,NHK07,หนองหาร (Lake),บ้านแป้น,7.91,31.4,190.0,7.54,1.45,6.5,0.01,0.932,0.239,2196,1181,89.1,A (ดีมาก)
4023,2024-07-03,2567,7,ฤดูฝน,NHK10,หนองหาร (Lake),งิ้วด่อน,7.56,32.1,237.0,7.65,1.7,9.8,0.01,0.715,0.162,3021,983,90.8,A (ดีมาก)
4024,2024-11-23,2567,11,ฤดูแล้ง,BNH07,ลำห้วย (Tributary),งิ้วด่อน,7.32,26.7,330.0,4.98,4.81,21.2,0.635,2.997,1.122,12909,4624,62.9,B (ดี)
4025,2024-06-20,2567,6,ฤดูฝน,BNH02,ลำห้วย (Tributary),เชียงเครือ,6.98,29.7,314.0,6.66,3.05,11.0,0.452,2.231,1.057,3978,2303,74.3,B (ดี)
4026,2025-01-11,2568,1,ฤดูแล้ง,BNH08,ลำห้วย (Tributary),เมืองสกลนคร,7.14,24.5,399.0,3.49,8.74,31.1,1.563,3.583,2.204,34853,13910,43.6,C (พอใช้)
4027,2024-04-03,2567,4,ฤดูแล้ง,NHK05,หนองหาร (Lake),ท่าแร่,7.31,28.1,176.0,6.5,2.91,6.8,0.472,0.966,0.71,3887,882,79.4,B (ดี)
4028,2024-02-07,2567,2,ฤดูแล้ง,NHK07,หนองหาร (Lake),บ้านแป้น,7.42,26.8,161.0,6.39,0.3,4.0,0.353,1.426,0.88,8179,1716,77.2,B (ดี)
4029,2024-12-10,2567,12,ฤดูแล้ง,NHK08,หนองหาร (Lake),นาตงวัฒนา,6.92,24.9,263.0,5.72,1.99,12.4,0.291,0.772,0.62,5767,3055,78.1,B (ดี)
4030,2024-03-18,2567,3,ฤดูแล้ง,BNH08,ลำห้วย (Tributary),เมืองสกลนคร,6.66,28.3,367.0,3.42,7.78,34.0,1.543,5.873,2.323,26318,8119,35.2,D (เสื่อมโทรม)
4031,2025-01-11,2568,1,ฤดูแล้ง,BNH01,ลำห้วย (Tributary),ธาตุนาเวง,7.22,24.8,386.0,3.56,5.96,25.1,1.747,3.188,2.354,70890,21672,43.5,C (พอใช้)
4032,2025-07-17,2568,7,ฤดูฝน,NHK02,หนองหาร (Lake),ธาตุนาเวง,7.06,29.7,224.0,5.4,2.8,12.2,0.905,1.866,1.581,8107,2143,64.7,B (ดี)
4033,2025-02-08,2568,2,ฤดูแล้ง,NHK07,หนองหาร (Lake),บ้านแป้น,7.14,28.0,186.0,6.98,2.77,15.0,0.105,0.656,0.331,2735,1262,86.6,A (ดีมาก)
4034,2024-10-29,2567,10,ฤดูฝน,BNH02,ลำห้วย (Tributary),เชียงเครือ,7.23,28.3,260.0,5.61,3.87,16.9,0.579,2.025,1.096,4776,2360,69.4,B (ดี)
4035,2025-03-08,2568,3,ฤดูแล้ง,BNH06,ลำห้วย (Tributary),เหล่าปอแดง,7.25,28.2,336.0,5.12,6.14,25.1,0.684,2.01,1.192,7886,4175,66.2,B (ดี)
4036,2025-03-21,2568,3,ฤดูแล้ง,BNH06,ลำห้วย (Tributary),เหล่าปอแดง,7.1,27.9,240.0,6.05,3.72,24.0,0.729,2.069,1.058,6502,3476,70.5,B (ดี)
4037,2025-09-29,2568,9,ฤดูฝน,NHK02,หนองหาร (Lake),ธาตุนาเวง,7.45,28.1,217.0,5.49,2.37,4.0,0.848,2.031,1.307,9537,4455,66.3,B (ดี)
4038,2025-11-22,2568,11,ฤดูแล้ง,BNH03,ลำห้วย (Tributary),ท่าแร่,6.76,27.3,403.0,3.78,8.81,40.7,1.563,3.581,4.0,35497,11199,35.9,D (เสื่อมโทรม)
4039,2025-09-27,2568,9,ฤดูฝน,BNH06,ลำห้วย (Tributary),เหล่าปอแดง,7.55,29.5,283.0,5.71,3.82,18.4,0.415,2.423,1.217,14923,3051,68.8,B (ดี)
4040,2025-04-25,2568,4,ฤดูแล้ง,BNH01,ลำห้วย (Tributary),ธาตุนาเวง,6.83,27.6,408.0,3.26,6.96,25.7,1.792,3.23,2.822,42230,24099,39.4,D (เสื่อมโทรม)
4041,2024-05-09,2567,5,ฤดูแล้ง,BNH03,ลำห้วย (Tributary),ท่าแร่,7.19,31.1,335.0,2.36,6.79,10.0,1.804,3.11,2.546,132779,73448,37.1,D (เสื่อมโทรม)
4042,2024-12-12,2567,12,ฤดูแล้ง,BNH08,ลำห้วย (Tributary),เมืองสกลนคร,7.33,26.3,351.0,2.64,8.38,33.0,1.597,3.209,2.231,28207,11559,40.7,C (พอใช้)
4043,2024-06-27,2567,6,ฤดูฝน,NHK08,หนองหาร (Lake),นาตงวัฒนา,7.22,29.0,253.0,8.23,0.87,9.4,0.01,0.832,0.195,7810,2613,92.8,A (ดีมาก)
4044,2024-04-29,2567,4,ฤดูแล้ง,BNH04,ลำห้วย (Tributary),นาแก้ว,7.16,27.2,381.0,4.28,5.93,39.4,1.602,3.199,2.237,21899,4428,48.0,C (พอใช้)
4045,2024-02-10,2567,2,ฤดูแล้ง,BNH07,ลำห้วย (Tributary),งิ้วด่อน,6.81,28.2,352.0,7.03,2.47,10.8,0.634,1.917,1.309,9598,2684,74.7,B (ดี)
4046,2024-11-22,2567,11,ฤดูแล้ง,BNH01,ลำห้วย (Tributary),ธาตุนาเวง,7.35,26.9,442.0,3.43,7.49,41.8,1.591,3.545,2.275,10848,6465,43.0,C (พอใช้)
4047,2024-10-11,2567,10,ฤดูฝน,NHK08,หนองหาร (Lake),นาตงวัฒนา,7.24,28.8,166.0,8.27,0.3,15.8,0.01,0.757,0.195,3768,936,93.2,A (ดีมาก)
4048,2025-02-14,2568,2,ฤดูแล้ง,BNH07,ลำห้วย (Tributary),งิ้วด่อน,7.05,25.1,334.0,4.92,4.38,24.3,0.896,1.951,1.122,44292,10223,64.6,B (ดี)
4049,2025-02-24,2568,2,ฤดูแล้ง,BNH02,ลำห้วย (Tributary),เชียงเครือ,7.24,26.3,245.0,5.87,3.78,20.9,0.798,1.945,1.261,25586,9257,68.7,B (ดี)
4050,2024-10-23,2567,10,ฤดูฝน,NHK04,หนองหาร (Lake),เชียงเครือ,7.05,29.5,248.0,7.47,0.9,4.0,0.01,1.103,0.889,1040,492,85.0,A (ดีมาก)
4051,2024-12-03,2567,12,ฤดูแล้ง,NHK10,หนองหาร (Lake),งิ้วด่อน,6.91,23.9,166.0,5.75,1.93,8.6,0.243,0.833,0.288,1527,436,80.0,B (ดี)
4052,2025-06-06,2568,6,ฤดูฝน,NHK06,หนองหาร (Lake),บ้านแป้น,6.89,31.5,212.0,7.89,1.6,9.7,0.01,0.632,0.344,2345,678,91.2,A (ดีมาก)
4053,2024-06-23,2567,6,ฤดูฝน,NHK06,หนองหาร (Lake),บ้านแป้น,7.35,32.2,274.0,7.54,0.31,5.8,0.01,1.075,0.336,1218,249,88.2,A (ดีมาก)
4054,2025-11-26,2568,11,ฤดูแล้ง,NHK08,หนองหาร (Lake),นาตงวัฒนา,7.4,28.1,244.0,7.14,1.66,4.0,0.111,1.033,0.192,1503,642,86.7,A (ดีมาก)
4055,2024-12-17,2567,12,ฤดูแล้ง,BNH08,ลำห้วย (Tributary),เมืองสกลนคร,6.7,24.8,459.0,2.57,7.52,23.5,1.531,5.031,2.656,41141,13803,32.6,D (เสื่อมโทรม)
4056,2024-07-28,2567,7,ฤดูฝน,NHK01,หนองหาร (Lake),เมืองสกลนคร,6.79,33.4,259.0,7.38,2.45,8.6,0.01,1.274,0.5,5890,1988,86.0,A (ดีมาก)
4057,2025-03-08,2568,3,ฤดูแล้ง,NHK08,หนองหาร (Lake),นาตงวัฒนา,7.75,26.5,202.0,5.06,0.3,4.0,0.39,1.357,0.971,2907,660,70.9,B (ดี)
4058,2025-08-13,2568,8,ฤดูฝน,NHK07,หนองหาร (Lake),บ้านแป้น,7.07,29.9,253.0,8.34,1.33,11.6,0.11,0.918,0.42,9058,4076,91.3,A (ดีมาก)
4059,2025-05-08,2568,5,ฤดูแล้ง,NHK09,หนองหาร (Lake),เหล่าปอแดง,7.05,28.3,308.0,5.43,1.09,4.0,0.263,0.871,0.292,33738,12694,78.2,B (ดี)
4060,2024-01-19,2567,1,ฤดูแล้ง,NHK08,หนองหาร (Lake),นาตงวัฒนา,7.86,23.0,245.0,6.26,2.35,18.2,0.29,0.81,0.492,1831,645,81.0,A (ดีมาก)
4061,2025-06-25,2568,6,ฤดูฝน,BNH05,ลำห้วย (Tributary),ม่วงลาย,7.77,29.7,351.0,6.67,4.64,23.9,0.487,2.087,1.099,23156,10712,74.4,B (ดี)
4062,2024-08-22,2567,8,ฤดูฝน,BNH02,ลำห้วย (Tributary),เชียงเครือ,7.31,27.7,337.0,5.82,2.0,10.3,0.626,1.925,1.203,10393,2926,69.9,B (ดี)
4063,2025-01-28,2568,1,ฤดูแล้ง,NHK04,หนองหาร (Lake),เชียงเครือ,6.67,25.9,216.0,6.71,2.62,15.2,0.77,0.611,0.421,1528,547,81.3,A (ดีมาก)
4064,2025-04-03,2568,4,ฤดูแล้ง,BNH07,ลำห้วย (Tributary),งิ้วด่อน,6.92,27.9,292.0,5.45,4.39,15.3,0.613,2.115,1.176,10964,3766,67.8,B (ดี)
4065,2025-01-09,2568,1,ฤดูแล้ง,NHK02,หนองหาร (Lake),ธาตุนาเวง,6.35,25.5,260.0,5.4,3.77,20.1,1.083,1.965,1.564,5441,1101,63.4,B (ดี)
4066,2024-10-09,2567,10,ฤดูฝน,NHK02,หนองหาร (Lake),ธาตุนาเวง,7.64,27.4,295.0,5.81,2.78,19.2,0.912,1.836,1.884,7882,3442,65.1,B (ดี)
4067,2024-02-06,2567,2,ฤดูแล้ง,BNH02,ลำห้วย (Tributary),เชียงเครือ,7.13,26.2,319.0,5.2,4.21,13.9,0.64,2.558,1.624,10577,2853,62.8,B (ดี)
4068,2025-10-16,2568,10,ฤดูฝน,NHK04,หนองหาร (Lake),เชียงเครือ,7.01,29.0,213.0,7.56,0.3,4.0,0.01,0.788,0.16,1010,474,90.1,A (ดีมาก)
4069,2024-03-08,2567,3,ฤดูแล้ง,BNH06,ลำห้วย (Tributary),เหล่าปอแดง,6.6,26.7,259.0,5.04,4.72,4.0,0.638,2.827,1.199,28090,15728,63.3,B (ดี)
4070,2024-06-03,2567,6,ฤดูฝน,NHK07,หนองหาร (Lake),บ้านแป้น,6.36,31.0,284.0,8.41,0.3,9.6,0.433,0.619,0.2,31238,18526,91.9,A (ดีมาก)
4071,2025-01-11,2568,1,ฤดูแล้ง,NHK08,หนองหาร (Lake),นาตงวัฒนา,7.27,22.6,219.0,6.58,1.34,4.0,0.173,0.684,0.18,1589,616,85.1,A (ดีมาก)
4072,2024-10-06,2567,10,ฤดูฝน,BNH04,ลำห้วย (Tributary),นาแก้ว,7.48,29.5,430.0,4.85,6.58,28.8,1.372,4.473,2.234,25596,8339,47.6,C (พอใช้)
4073,2025-11-10,2568,11,ฤดูแล้ง,BNH05,ลำห้วย (Tributary),ม่วงลาย,7.53,26.7,360.0,5.64,3.61,4.5,0.667,2.791,1.159,8888,2794,66.2,B (ดี)
4074,2025-03-10,2568,3,ฤดูแล้ง,NHK01,หนองหาร (Lake),เมืองสกลนคร,6.79,26.3,251.0,6.68,1.93,6.8,0.111,0.629,0.383,4164,1833,85.0,A (ดีมาก)
4075,2025-04-01,2568,4,ฤดูแล้ง,BNH02,ลำห้วย (Tributary),เชียงเครือ,7.68,27.6,324.0,5.91,5.98,37.9,0.602,2.021,1.285,17821,6998,69.7,B (ดี)
4076,2025-02-23,2568,2,ฤดูแล้ง,NHK08,หนองหาร (Lake),นาตงวัฒนา,7.52,24.7,261.0,7.03,1.33,7.8,0.27,1.446,0.171,5063,1431,84.0,A (ดีมาก)
4077,2024-09-11,2567,9,ฤดูฝน,BNH03,ลำห้วย (Tributary),ท่าแร่,6.73,29.3,337.0,5.62,7.16,35.8,1.386,4.661,2.464,35462,11119,49.2,C (พอใช้)
4078,2024-04-16,2567,4,ฤดูแล้ง,NHK07,หนองหาร (Lake),บ้านแป้น,6.89,28.0,198.0,6.21,2.55,17.3,0.288,1.035,0.712,1504,627,79.0,B (ดี)
4079,2025-03-01,2568,3,ฤดูแล้ง,NHK04,หนองหาร (Lake),เชียงเครือ,7.17,25.3,317.0,6.65,2.77,13.8,0.133,1.193,0.2,2299,1321,83.8,A (ดีมาก)
4080,2025-07-21,2568,7,ฤดูฝน,BNH01,ลำห้วย (Tributary),ธาตุนาเวง,7.09,31.6,377.0,3.68,7.88,24.2,1.652,3.31,2.907,46983,22134,41.3,C (พอใช้)
4081,2025-01-06,2568,1,ฤดูแล้ง,BNH02,ลำห้วย (Tributary),เชียงเครือ,6.93,25.8,396.0,5.96,4.22,19.6,0.609,2.115,1.097,15850,3266,70.5,B (ดี)
4082,2024-07-28,2567,7,ฤดูฝน,NHK07,หนองหาร (Lake),บ้านแป้น,6.93,31.8,272.0,7.03,1.15,4.0,0.01,0.763,0.324,1724,734,87.0,A (ดีมาก)
4083,2024-05-30,2567,5,ฤดูแล้ง,BNH03,ลำห้วย (Tributary),ท่าแร่,7.55,29.4,457.0,3.19,7.22,27.5,1.733,4.091,2.648,105351,62874,37.4,D (เสื่อมโทรม)
4084,2025-06-15,2568,6,ฤดูฝน,NHK05,หนองหาร (Lake),ท่าแร่,7.01,29.5,236.0,8.62,0.3,8.0,0.399,0.608,1.329,7644,3906,87.4,A (ดีมาก)
4085,2024-02-24,2567,2,ฤดูแล้ง,NHK03,หนองหาร (Lake),ฮางโฮง,6.98,25.3,294.0,7.01,2.03,8.9,0.458,0.822,0.393,3065,1053,83.8,A (ดีมาก)
4086,2024-04-24,2567,4,ฤดูแล้ง,NHK09,หนองหาร (Lake),เหล่าปอแดง,7.28,28.2,237.0,7.32,1.25,4.0,0.955,0.823,0.203,10815,2248,83.3,A (ดีมาก)
4087,2025-06-13,2568,6,ฤดูฝน,NHK06,หนองหาร (Lake),บ้านแป้น,6.97,30.8,191.0,7.5,1.12,15.0,0.015,0.947,0.391,2570,857,88.1,A (ดีมาก)
4088,2024-02-05,2567,2,ฤดูแล้ง,BNH05,ลำห้วย (Tributary),ม่วงลาย,7.37,24.0,302.0,4.09,4.74,21.4,0.636,2.509,1.056,7698,2267,60.9,B (ดี)
4089,2024-05-06,2567,5,ฤดูแล้ง,NHK04,หนองหาร (Lake),เชียงเครือ,6.12,28.4,212.0,8.29,1.58,15.4,0.201,1.892,0.178,19764,10674,88.5,A (ดีมาก)
4090,2024-02-27,2567,2,ฤดูแล้ง,NHK05,หนองหาร (Lake),ท่าแร่,7.28,25.2,155.0,8.29,0.3,4.0,0.319,1.309,0.15,5218,2643,89.9,A (ดีมาก)
4091,2025-07-16,2568,7,ฤดูฝน,NHK03,หนองหาร (Lake),ฮางโฮง,7.5,30.4,184.0,8.08,1.9,7.3,0.542,0.64,0.358,5228,1335,88.9,A (ดีมาก)
4092,2025-10-01,2568,10,ฤดูฝน,NHK10,หนองหาร (Lake),งิ้วด่อน,7.85,26.8,213.0,8.3,0.63,4.0,0.034,2.402,0.232,6375,3580,87.5,A (ดีมาก)
4093,2025-01-17,2568,1,ฤดูแล้ง,BNH07,ลำห้วย (Tributary),งิ้วด่อน,7.75,22.5,304.0,4.61,4.6,14.0,0.718,1.902,1.244,44760,22978,63.8,B (ดี)
4094,2025-02-10,2568,2,ฤดูแล้ง,BNH05,ลำห้วย (Tributary),ม่วงลาย,7.04,25.4,355.0,4.52,4.05,10.6,0.772,2.119,1.132,19501,5894,63.0,B (ดี)
4095,2024-06-30,2567,6,ฤดูฝน,NHK04,หนองหาร (Lake),เชียงเครือ,6.85,32.0,262.0,7.82,0.59,4.0,0.143,0.801,0.897,12556,3181,86.8,A (ดีมาก)
4096,2025-11-19,2568,11,ฤดูแล้ง,BNH04,ลำห้วย (Tributary),นาแก้ว,6.72,27.7,428.0,3.06,6.73,43.1,1.645,3.137,2.207,73822,25332,42.7,C (พอใช้)
4097,2025-01-14,2568,1,ฤดูแล้ง,NHK03,หนองหาร (Lake),ฮางโฮง,7.18,25.7,140.0,6.73,1.48,4.0,0.152,0.724,0.435,4187,2416,84.5,A (ดีมาก)
4098,2025-06-19,2568,6,ฤดูฝน,NHK03,หนองหาร (Lake),ฮางโฮง,7.28,30.4,184.0,7.33,0.3,4.0,0.142,0.712,0.32,1558,654,87.8,A (ดีมาก)
4099,2024-02-25,2567,2,ฤดูแล้ง,NHK01,หนองหาร (Lake),เมืองสกลนคร,7.07,23.9,270.0,7.14,2.2,10.1,0.114,0.788,0.334,3207,882,86.8,A (ดีมาก)
4100,2024-08-26,2567,8,ฤดูฝน,NHK01,หนองหาร (Lake),เมืองสกลนคร,7.5,32.0,199.0,7.82,1.12,14.2,0.01,0.768,0.298,8534,3585,90.6,A (ดีมาก)
4101,2025-09-11,2568,9,ฤดูฝน,NHK02,หนองหาร (Lake),ธาตุนาเวง,7.36,26.3,280.0,6.0,3.15,8.0,0.804,1.996,1.427,9637,3546,68.3,B (ดี)
4102,2025-01-06,2568,1,ฤดูแล้ง,BNH07,ลำห้วย (Tributary),งิ้วด่อน,6.98,24.4,411.0,5.42,3.93,23.7,0.619,2.242,1.087,6958,1734,67.6,B (ดี)
4103,2025-08-19,2568,8,ฤดูฝน,NHK01,หนองหาร (Lake),เมืองสกลนคร,7.61,31.0,206.0,7.58,0.7,4.0,0.01,0.666,0.159,2979,1304,90.6,A (ดีมาก)
4104,2024-05-19,2567,5,ฤดูแล้ง,NHK06,หนองหาร (Lake),บ้านแป้น,7.32,29.6,158.0,7.31,1.11,10.1,0.256,0.715,0.919,11515,4410,84.0,A (ดีมาก)
4105,2024-03-11,2567,3,ฤดูแล้ง,NHK07,หนองหาร (Lake),บ้านแป้น,7.0,24.5,159.0,6.39,1.5,6.0,0.113,0.948,0.226,2033,748,83.4,A (ดีมาก)
4106,2024-02-16,2567,2,ฤดูแล้ง,BNH01,ลำห้วย (Tributary),ธาตุนาเวง,6.67,26.4,354.0,4.32,5.94,22.7,1.625,3.234,2.481,49118,24158,46.7,C (พอใช้)
4107,2024-07-18,2567,7,ฤดูฝน,BNH08,ลำห้วย (Tributary),เมืองสกลนคร,7.0,31.3,410.0,3.9,6.63,43.5,1.958,3.105,2.341,22386,10414,44.1,C (พอใช้)
4108,2024-07-12,2567,7,ฤดูฝน,NHK01,หนองหาร (Lake),เมืองสกลนคร,7.4,30.3,199.0,7.86,1.58,4.0,0.01,0.825,0.383,2874,1095,90.2,A (ดีมาก)
4109,2024-02-24,2567,2,ฤดูแล้ง,NHK07,หนองหาร (Lake),บ้านแป้น,6.63,24.7,221.0,7.73,2.8,11.8,0.11,0.654,0.186,19405,10266,90.6,A (ดีมาก)
4110,2024-12-15,2567,12,ฤดูแล้ง,BNH05,ลำห้วย (Tributary),ม่วงลาย,8.22,24.9,404.0,5.15,4.13,20.8,0.744,2.223,1.053,9294,2674,66.0,B (ดี)
4111,2025-08-15,2568,8,ฤดูฝน,BNH07,ลำห้วย (Tributary),งิ้วด่อน,7.79,30.2,262.0,5.83,3.84,17.8,0.523,2.515,1.268,16598,9923,68.2,B (ดี)
4112,2025-09-08,2568,9,ฤดูฝน,BNH08,ลำห้วย (Tributary),เมืองสกลนคร,6.84,30.3,353.0,4.28,5.63,32.4,1.487,3.784,2.357,55868,32511,46.1,C (พอใช้)
4113,2025-11-02,2568,11,ฤดูแล้ง,BNH03,ลำห้วย (Tributary),ท่าแร่,7.11,28.1,430.0,2.93,7.16,32.7,2.019,3.224,2.568,47644,21173,37.9,D (เสื่อมโทรม)
4114,2025-10-21,2568,10,ฤดูฝน,BNH03,ลำห้วย (Tributary),ท่าแร่,7.46,28.0,345.0,4.47,6.51,33.9,1.378,3.431,2.283,59961,21084,49.1,C (พอใช้)
4115,2025-05-28,2568,5,ฤดูแล้ง,NHK07,หนองหาร (Lake),บ้านแป้น,7.69,31.8,219.0,6.3,0.3,9.7,0.161,0.965,0.269,19543,4629,82.5,A (ดีมาก)
4116,2024-07-25,2567,7,ฤดูฝน,BNH05,ลำห้วย (Tributary),ม่วงลาย,7.78,32.1,288.0,6.52,3.25,14.1,0.426,2.008,1.257,16118,5473,73.6,B (ดี)
4117,2025-11-27,2568,11,ฤดูแล้ง,NHK10,หนองหาร (Lake),งิ้วด่อน,7.45,28.1,242.0,6.35,1.48,15.0,0.233,1.138,0.241,7344,1660,81.9,A (ดีมาก)
4118,2025-03-08,2568,3,ฤดูแล้ง,NHK03,หนองหาร (Lake),ฮางโฮง,7.37,25.9,243.0,6.67,1.5,7.2,0.258,0.798,0.587,2001,921,82.6,A (ดีมาก)
4119,2025-01-22,2568,1,ฤดูแล้ง,NHK10,หนองหาร (Lake),งิ้วด่อน,6.99,24.5,196.0,5.9,1.18,13.6,0.182,0.697,0.151,2201,1062,82.1,A (ดีมาก)
4120,2024-02-28,2567,2,ฤดูแล้ง,NHK02,หนองหาร (Lake),ธาตุนาเวง,7.02,24.8,342.0,4.97,4.96,22.6,1.058,1.93,1.42,15900,8957,62.5,B (ดี)
4121,2025-10-04,2568,10,ฤดูฝน,NHK01,หนองหาร (Lake),เมืองสกลนคร,7.02,26.9,261.0,8.19,0.3,4.0,0.128,0.62,0.429,4403,1517,91.5,A (ดีมาก)
4122,2025-04-01,2568,4,ฤดูแล้ง,NHK08,หนองหาร (Lake),นาตงวัฒนา,6.73,28.7,233.0,6.96,2.64,5.6,0.242,1.62,0.188,8152,1798,83.2,A (ดีมาก)
4123,2024-05-07,2567,5,ฤดูแล้ง,NHK10,หนองหาร (Lake),งิ้วด่อน,7.5,30.6,206.0,5.8,2.11,9.4,0.299,0.733,0.714,8465,3514,78.1,B (ดี)
4124,2024-08-19,2567,8,ฤดูฝน,BNH07,ลำห้วย (Tributary),งิ้วด่อน,7.51,31.5,285.0,5.56,2.66,9.8,0.425,2.941,1.267,10357,3963,66.1,B (ดี)
4125,2024-04-07,2567,4,ฤดูแล้ง,BNH04,ลำห้วย (Tributary),นาแก้ว,7.27,30.0,387.0,3.54,5.94,18.9,1.62,3.21,2.383,89157,48504,43.9,C (พอใช้)
4126,2025-11-30,2568,11,ฤดูแล้ง,BNH02,ลำห้วย (Tributary),เชียงเครือ,7.2,26.7,342.0,4.42,3.18,18.1,0.81,2.973,2.205,14635,6386,54.1,C (พอใช้)
4127,2024-03-11,2567,3,ฤดูแล้ง,NHK08,หนองหาร (Lake),นาตงวัฒนา,6.84,29.0,213.0,6.91,0.3,5.1,0.346,1.505,0.268,4988,2381,82.4,A (ดีมาก)
4128,2024-07-15,2567,7,ฤดูฝน,BNH04,ลำห้วย (Tributary),นาแก้ว,7.01,30.5,464.0,2.92,5.77,24.5,1.526,3.398,2.848,29147,14217,38.7,D (เสื่อมโทรม)
4129,2024-07-24,2567,7,ฤดูฝน,NHK09,หนองหาร (Lake),เหล่าปอแดง,7.47,29.6,245.0,7.85,0.3,4.0,0.134,0.88,0.325,2990,995,89.6,A (ดีมาก)
4130,2024-06-12,2567,6,ฤดูฝน,BNH02,ลำห้วย (Tributary),เชียงเครือ,7.28,32.4,352.0,5.59,1.65,10.1,0.423,2.318,1.272,5196,1077,68.3,B (ดี)
4131,2025-08-29,2568,8,ฤดูฝน,BNH06,ลำห้วย (Tributary),เหล่าปอแดง,6.93,33.9,324.0,6.91,2.1,4.0,0.696,2.202,1.064,24060,13431,74.1,B (ดี)
4132,2025-10-11,2568,10,ฤดูฝน,NHK08,หนองหาร (Lake),นาตงวัฒนา,7.34,27.5,195.0,6.63,0.61,4.0,0.01,0.607,0.242,1293,423,86.2,A (ดีมาก)
4133,2024-10-31,2567,10,ฤดูฝน,NHK03,หนองหาร (Lake),ฮางโฮง,7.6,26.8,181.0,7.92,0.3,4.0,0.01,0.78,0.241,3822,1908,91.3,A (ดีมาก)
4134,2024-10-24,2567,10,ฤดูฝน,BNH04,ลำห้วย (Tributary),นาแก้ว,6.55,28.1,393.0,3.8,7.89,41.3,1.428,3.276,2.618,24329,12363,44.7,C (พอใช้)
4135,2024-08-23,2567,8,ฤดูฝน,NHK07,หนองหาร (Lake),บ้านแป้น,6.7,31.1,222.0,8.74,1.29,11.7,0.01,0.669,0.334,1290,686,94.9,A (ดีมาก)
4136,2025-08-04,2568,8,ฤดูฝน,BNH01,ลำห้วย (Tributary),ธาตุนาเวง,7.12,32.2,429.0,3.48,7.61,45.5,1.385,3.147,2.298,36673,17130,45.6,C (พอใช้)
4137,2024-07-12,2567,7,ฤดูฝน,NHK04,หนองหาร (Lake),เชียงเครือ,7.19,30.4,270.0,7.19,0.83,4.0,0.032,1.2,0.875,2885,1487,83.4,A (ดีมาก)
4138,2025-07-04,2568,7,ฤดูฝน,NHK07,หนองหาร (Lake),บ้านแป้น,6.5,29.7,238.0,6.52,0.97,10.9,0.271,0.682,0.335,8074,4454,83.5,A (ดีมาก)
4139,2024-09-10,2567,9,ฤดูฝน,NHK08,หนองหาร (Lake),นาตงวัฒนา,7.16,28.4,250.0,9.33,0.3,4.0,0.29,1.423,0.39,1345,297,93.1,A (ดีมาก)
4140,2024-05-09,2567,5,ฤดูแล้ง,BNH06,ลำห้วย (Tributary),เหล่าปอแดง,7.03,27.4,359.0,5.76,4.16,13.7,0.727,2.257,1.35,16832,9241,67.2,B (ดี)
4141,2025-09-04,2568,9,ฤดูฝน,NHK05,หนองหาร (Lake),ท่าแร่,7.67,30.8,240.0,8.08,0.3,4.0,0.033,0.991,0.586,1838,431,89.5,A (ดีมาก)
4142,2025-10-06,2568,10,ฤดูฝน,NHK10,หนองหาร (Lake),งิ้วด่อน,7.16,27.2,239.0,7.89,0.3,4.0,0.189,0.768,0.389,5165,1688,89.5,A (ดีมาก)
4143,2025-03-11,2568,3,ฤดูแล้ง,BNH01,ลำห้วย (Tributary),ธาตุนาเวง,7.17,27.3,415.0,3.89,6.36,36.9,1.66,3.683,2.368,12331,6153,43.7,C (พอใช้)
4144,2024-08-11,2567,8,ฤดูฝน,BNH07,ลำห้วย (Tributary),งิ้วด่อน,7.39,28.9,353.0,6.74,4.31,22.0,0.702,1.922,2.988,16948,8134,64.6,B (ดี)
4145,2025-06-30,2568,6,ฤดูฝน,NHK09,หนองหาร (Lake),เหล่าปอแดง,7.41,31.2,234.0,6.89,0.45,4.0,0.01,1.602,0.442,4083,1999,83.0,A (ดีมาก)
4146,2024-10-21,2567,10,ฤดูฝน,NHK09,หนองหาร (Lake),เหล่าปอแดง,7.86,27.3,232.0,7.68,0.3,5.3,0.01,0.682,0.164,2949,1118,91.0,A (ดีมาก)
4147,2024-12-30,2567,12,ฤดูแล้ง,BNH07,ลำห้วย (Tributary),งิ้วด่อน,6.98,23.5,418.0,3.64,2.37,12.6,0.736,3.053,1.146,9939,3771,56.1,C (พอใช้)
4148,2024-09-23,2567,9,ฤดูฝน,NHK02,หนองหาร (Lake),ธาตุนาเวง,7.21,29.4,279.0,5.31,3.15,9.0,0.803,3.127,1.268,14951,4649,62.2,B (ดี)
4149,2024-12-25,2567,12,ฤดูแล้ง,BNH01,ลำห้วย (Tributary),ธาตุนาเวง,6.62,27.7,403.0,3.01,6.64,20.3,1.759,4.488,2.355,10796,3398,36.6,D (เสื่อมโทรม)
4150,2024-08-13,2567,8,ฤดูฝน,BNH01,ลำห้วย (Tributary),ธาตุนาเวง,7.05,29.7,444.0,3.5,5.9,22.9,1.539,3.747,2.299,44119,24889,42.8,C (พอใช้)
4151,2025-01-23,2568,1,ฤดูแล้ง,BNH08,ลำห้วย (Tributary),เมืองสกลนคร,7.06,26.8,353.0,2.14,6.72,25.1,1.721,3.588,2.19,23414,11057,36.8,D (เสื่อมโทรม)
4152,2024-06-03,2567,6,ฤดูฝน,BNH05,ลำห้วย (Tributary),ม่วงลาย,6.9,29.9,317.0,6.17,3.66,9.2,0.594,2.049,1.139,30847,7904,71.5,B (ดี)
4153,2025-11-20,2568,11,ฤดูแล้ง,BNH05,ลำห้วย (Tributary),ม่วงลาย,7.26,25.7,303.0,6.03,4.31,19.7,0.944,2.554,1.376,5822,3308,66.0,B (ดี)
4154,2024-04-21,2567,4,ฤดูแล้ง,NHK10,หนองหาร (Lake),งิ้วด่อน,6.84,27.2,218.0,6.36,2.14,4.6,0.17,1.153,0.354,3289,1579,81.7,A (ดีมาก)
4155,2024-09-29,2567,9,ฤดูฝน,BNH01,ลำห้วย (Tributary),ธาตุนาเวง,7.16,30.0,421.0,3.91,7.16,28.3,1.39,3.259,2.409,45363,26978,46.5,C (พอใช้)
4156,2024-07-25,2567,7,ฤดูฝน,BNH08,ลำห้วย (Tributary),เมืองสกลนคร,7.43,30.3,448.0,3.5,6.89,29.5,1.533,3.257,2.507,33135,16062,43.4,C (พอใช้)
4157,2024-09-23,2567,9,ฤดูฝน,NHK09,หนองหาร (Lake),เหล่าปอแดง,7.04,31.0,237.0,8.22,0.3,4.0,0.109,0.61,0.495,8104,2991,91.4,A (ดีมาก)
4158,2024-12-14,2567,12,ฤดูแล้ง,NHK05,หนองหาร (Lake),ท่าแร่,7.41,26.7,217.0,6.71,1.4,9.7,0.168,0.772,0.16,1528,763,85.5,A (ดีมาก)
4159,2025-11-20,2568,11,ฤดูแล้ง,NHK04,หนองหาร (Lake),เชียงเครือ,7.39,26.8,323.0,5.79,0.86,4.0,0.287,1.711,0.352,10923,3992,76.6,B (ดี)
4160,2025-08-24,2568,8,ฤดูฝน,BNH07,ลำห้วย (Tributary),งิ้วด่อน,7.72,31.0,314.0,4.39,2.96,15.0,0.579,1.928,1.433,11993,4283,62.6,B (ดี)
4161,2024-03-24,2567,3,ฤดูแล้ง,NHK08,หนองหาร (Lake),นาตงวัฒนา,7.31,26.7,258.0,6.98,1.72,9.2,0.184,1.168,0.329,5111,2581,84.4,A (ดีมาก)
4162,2025-05-26,2568,5,ฤดูแล้ง,BNH06,ลำห้วย (Tributary),เหล่าปอแดง,7.49,30.3,283.0,5.65,4.07,8.2,0.606,1.983,1.502,9579,5344,67.5,B (ดี)
4163,2025-02-21,2568,2,ฤดูแล้ง,NHK08,หนองหาร (Lake),นาตงวัฒนา,6.81,24.7,212.0,6.5,3.21,19.7,0.644,0.915,0.374,5038,1755,80.3,A (ดีมาก)
4164,2025-01-03,2568,1,ฤดูแล้ง,NHK07,หนองหาร (Lake),บ้านแป้น,7.0,26.1,239.0,6.36,2.65,14.8,0.626,0.618,0.175,10164,4108,81.7,A (ดีมาก)
4165,2025-02-15,2568,2,ฤดูแล้ง,NHK08,หนองหาร (Lake),นาตงวัฒนา,6.7,26.3,186.0,6.0,0.79,4.0,0.479,0.734,1.093,1490,330,76.0,B (ดี)
4166,2025-06-28,2568,6,ฤดูฝน,NHK08,หนองหาร (Lake),นาตงวัฒนา,7.02,30.7,193.0,6.66,0.9,4.2,0.152,0.797,0.23,2199,1205,84.9,A (ดีมาก)
4167,2025-05-10,2568,5,ฤดูแล้ง,NHK06,หนองหาร (Lake),บ้านแป้น,7.38,27.9,260.0,6.72,1.31,16.6,0.209,0.603,0.262,5993,2142,85.4,A (ดีมาก)
4168,2024-12-02,2567,12,ฤดูแล้ง,NHK08,หนองหาร (Lake),นาตงวัฒนา,7.34,24.3,165.0,6.95,0.3,4.4,0.626,0.838,0.492,1439,352,82.0,A (ดีมาก)
4169,2024-10-10,2567,10,ฤดูฝน,NHK09,หนองหาร (Lake),เหล่าปอแดง,7.81,27.5,170.0,7.34,0.92,11.6,0.119,1.612,0.176,17433,8053,85.7,A (ดีมาก)
4170,2025-04-02,2568,4,ฤดูแล้ง,NHK01,หนองหาร (Lake),เมืองสกลนคร,6.96,29.9,229.0,7.29,2.6,4.0,0.328,1.048,0.429,2269,961,84.9,A (ดีมาก)
4171,2025-12-15,2568,12,ฤดูแล้ง,NHK10,หนองหาร (Lake),งิ้วด่อน,7.72,25.2,179.0,7.25,2.63,15.9,0.144,0.643,0.201,6880,3781,88.2,A (ดีมาก)
4172,2025-10-07,2568,10,ฤดูฝน,BNH07,ลำห้วย (Tributary),งิ้วด่อน,7.57,28.9,272.0,5.39,2.34,17.0,0.547,3.492,1.294,8602,5091,62.7,B (ดี)
4173,2025-10-14,2568,10,ฤดูฝน,BNH06,ลำห้วย (Tributary),เหล่าปอแดง,7.01,31.3,360.0,6.22,2.88,5.7,1.289,1.953,1.165,18302,9135,67.9,B (ดี)
4174,2025-01-30,2568,1,ฤดูแล้ง,NHK02,หนองหาร (Lake),ธาตุนาเวง,6.9,24.3,322.0,4.2,4.07,23.2,1.558,2.314,1.474,11907,4874,54.7,C (พอใช้)
4175,2024-02-05,2567,2,ฤดูแล้ง,NHK09,หนองหาร (Lake),เหล่าปอแดง,7.3,24.6,260.0,6.5,0.83,5.1,0.802,1.428,0.523,1775,435,76.9,B (ดี)
4176,2025-09-12,2568,9,ฤดูฝน,NHK08,หนองหาร (Lake),นาตงวัฒนา,6.58,30.4,317.0,7.66,0.98,9.0,0.055,0.634,0.676,4776,959,88.2,A (ดีมาก)
4177,2025-11-04,2568,11,ฤดูแล้ง,BNH03,ลำห้วย (Tributary),ท่าแร่,6.96,26.5,444.0,2.84,6.71,26.6,1.524,3.336,3.145,30922,11698,37.1,D (เสื่อมโทรม)
4178,2025-06-06,2568,6,ฤดูฝน,BNH02,ลำห้วย (Tributary),เชียงเครือ,6.71,30.2,341.0,6.55,3.42,21.0,0.502,2.357,1.222,16794,7411,72.3,B (ดี)
4179,2024-02-28,2567,2,ฤดูแล้ง,NHK02,หนองหาร (Lake),ธาตุนาเวง,7.08,24.8,274.0,4.46,4.38,8.8,1.167,2.152,3.331,33046,13789,49.3,C (พอใช้)
4180,2025-08-29,2568,8,ฤดูฝน,NHK02,หนองหาร (Lake),ธาตุนาเวง,6.39,30.6,257.0,4.65,3.37,18.5,0.934,2.114,1.258,49326,29460,62.0,B (ดี)
4181,2025-11-10,2568,11,ฤดูแล้ง,NHK05,หนองหาร (Lake),ท่าแร่,7.66,26.8,255.0,6.0,3.34,17.0,0.498,0.606,0.248,7296,3985,80.6,A (ดีมาก)
4182,2025-02-14,2568,2,ฤดูแล้ง,NHK06,หนองหาร (Lake),บ้านแป้น,7.37,26.5,280.0,6.93,1.63,4.0,0.179,0.77,0.941,4462,1458,82.5,A (ดีมาก)
4183,2025-03-11,2568,3,ฤดูแล้ง,NHK06,หนองหาร (Lake),บ้านแป้น,7.21,25.0,219.0,7.35,2.06,4.0,0.122,0.679,0.388,5117,1378,87.8,A (ดีมาก)
4184,2025-05-14,2568,5,ฤดูแล้ง,NHK05,หนองหาร (Lake),ท่าแร่,7.53,31.0,256.0,5.89,1.9,23.1,0.152,1.057,1.861,1125,228,72.5,B (ดี)
4185,2024-02-13,2567,2,ฤดูแล้ง,NHK08,หนองหาร (Lake),นาตงวัฒนา,6.94,23.3,242.0,5.18,1.65,7.5,0.132,0.958,0.407,6141,1545,77.1,B (ดี)
4186,2025-07-27,2568,7,ฤดูฝน,NHK03,หนองหาร (Lake),ฮางโฮง,7.27,33.3,242.0,6.65,0.3,4.0,0.01,0.602,0.21,6146,1662,86.4,A (ดีมาก)
4187,2025-08-13,2568,8,ฤดูฝน,NHK08,หนองหาร (Lake),นาตงวัฒนา,7.19,29.4,271.0,9.06,1.99,11.8,0.288,1.627,0.655,1526,741,89.9,A (ดีมาก)
4188,2024-07-09,2567,7,ฤดูฝน,BNH03,ลำห้วย (Tributary),ท่าแร่,7.29,31.2,370.0,4.36,6.76,28.6,1.425,3.143,2.935,124234,68281,46.1,C (พอใช้)
4189,2024-09-01,2567,9,ฤดูฝน,NHK06,หนองหาร (Lake),บ้านแป้น,7.32,28.7,248.0,8.29,1.87,5.4,0.01,1.763,0.362,934,211,89.1,A (ดีมาก)
4190,2025-12-27,2568,12,ฤดูแล้ง,NHK01,หนองหาร (Lake),เมืองสกลนคร,7.27,25.0,218.0,7.56,0.79,4.0,0.189,1.035,0.379,2716,1362,87.2,A (ดีมาก)
4191,2024-09-16,2567,9,ฤดูฝน,BNH01,ลำห้วย (Tributary),ธาตุนาเวง,7.39,28.9,367.0,3.11,5.85,21.7,1.583,3.238,2.34,79481,21270,42.3,C (พอใช้)
4192,2024-06-04,2567,6,ฤดูฝน,NHK03,หนองหาร (Lake),ฮางโฮง,6.81,29.9,174.0,7.21,0.87,4.5,0.05,0.912,0.433,9241,2804,86.6,A (ดีมาก)
4193,2024-08-15,2567,8,ฤดูฝน,NHK06,หนองหาร (Lake),บ้านแป้น,7.02,32.6,237.0,7.3,0.3,17.4,0.251,0.649,1.323,3890,1243,82.2,A (ดีมาก)
4194,2025-12-13,2568,12,ฤดูแล้ง,NHK02,หนองหาร (Lake),ธาตุนาเวง,6.93,23.1,246.0,4.91,5.37,31.9,1.115,2.043,1.304,12976,3072,62.1,B (ดี)
4195,2025-03-25,2568,3,ฤดูแล้ง,BNH05,ลำห้วย (Tributary),ม่วงลาย,6.58,25.9,290.0,4.48,3.48,24.8,0.95,2.612,1.185,6516,2328,59.8,C (พอใช้)
4196,2024-06-10,2567,6,ฤดูฝน,BNH06,ลำห้วย (Tributary),เหล่าปอแดง,7.05,29.4,312.0,5.45,3.64,16.2,0.507,2.024,1.098,8205,2171,69.1,B (ดี)
4197,2024-07-03,2567,7,ฤดูฝน,NHK03,หนองหาร (Lake),ฮางโฮง,7.48,30.8,230.0,6.65,1.18,6.3,0.01,1.141,0.906,13632,5990,81.2,A (ดีมาก)
4198,2024-08-04,2567,8,ฤดูฝน,NHK09,หนองหาร (Lake),เหล่าปอแดง,7.39,31.7,211.0,7.66,0.94,4.0,0.106,0.699,0.235,4397,2579,89.9,A (ดีมาก)
4199,2024-05-27,2567,5,ฤดูแล้ง,BNH04,ลำห้วย (Tributary),นาแก้ว,6.66,28.9,408.0,2.93,5.09,28.0,1.629,3.894,2.29,70873,39399,39.3,D (เสื่อมโทรม)
4200,2025-02-16,2568,2,ฤดูแล้ง,NHK02,หนองหาร (Lake),ธาตุนาเวง,6.55,25.3,277.0,3.79,4.03,23.0,1.088,2.118,1.289,5005,2392,57.1,C (พอใช้)
4201,2025-02-22,2568,2,ฤดูแล้ง,BNH06,ลำห้วย (Tributary),เหล่าปอแดง,7.0,26.6,324.0,5.34,3.4,11.4,0.776,2.267,1.13,20279,7726,66.1,B (ดี)
4202,2024-03-22,2567,3,ฤดูแล้ง,BNH02,ลำห้วย (Tributary),เชียงเครือ,7.16,25.1,307.0,4.91,3.88,28.0,0.624,2.152,1.057,26733,5438,65.8,B (ดี)
4203,2024-11-25,2567,11,ฤดูแล้ง,NHK02,หนองหาร (Lake),ธาตุนาเวง,7.16,27.4,270.0,4.45,5.64,37.7,1.453,1.825,1.925,16585,7659,55.8,C (พอใช้)
4204,2025-01-17,2568,1,ฤดูแล้ง,NHK04,หนองหาร (Lake),เชียงเครือ,7.23,25.0,272.0,6.3,2.59,11.0,0.22,1.327,0.227,1286,538,81.2,A (ดีมาก)
4205,2024-05-16,2567,5,ฤดูแล้ง,BNH08,ลำห้วย (Tributary),เมืองสกลนคร,6.35,31.8,429.0,2.15,6.59,30.0,1.518,3.187,2.243,115608,47918,39.1,D (เสื่อมโทรม)
4206,2024-03-07,2567,3,ฤดูแล้ง,NHK03,หนองหาร (Lake),ฮางโฮง,6.91,26.6,357.0,6.26,1.63,5.1,0.252,2.747,0.448,4204,944,75.0,B (ดี)
4207,2024-07-09,2567,7,ฤดูฝน,BNH04,ลำห้วย (Tributary),นาแก้ว,7.62,31.3,404.0,4.67,4.74,16.3,1.539,3.768,2.221,16885,6698,48.3,C (พอใช้)
4208,2024-08-20,2567,8,ฤดูฝน,BNH01,ลำห้วย (Tributary),ธาตุนาเวง,6.66,30.6,379.0,2.16,6.3,30.8,1.383,4.272,2.521,47216,22625,34.9,D (เสื่อมโทรม)
4209,2025-06-28,2568,6,ฤดูฝน,NHK07,หนองหาร (Lake),บ้านแป้น,6.76,30.0,276.0,8.15,1.03,15.0,0.01,1.042,0.5,3683,1069,90.2,A (ดีมาก)
4210,2025-09-29,2568,9,ฤดูฝน,BNH01,ลำห้วย (Tributary),ธาตุนาเวง,7.19,27.9,359.0,4.14,6.05,33.6,1.562,3.19,2.202,50448,11873,47.8,C (พอใช้)
4211,2025-07-11,2568,7,ฤดูฝน,NHK07,หนองหาร (Lake),บ้านแป้น,7.17,31.1,194.0,9.04,0.3,4.0,0.01,1.01,0.305,903,187,95.2,A (ดีมาก)
4212,2024-11-19,2567,11,ฤดูแล้ง,BNH03,ลำห้วย (Tributary),ท่าแร่,7.07,25.6,359.0,3.5,8.04,31.1,1.855,3.567,2.231,33476,18892,41.9,C (พอใช้)
4213,2024-03-25,2567,3,ฤดูแล้ง,BNH01,ลำห้วย (Tributary),ธาตุนาเวง,6.98,24.1,356.0,3.18,7.47,32.7,1.55,3.334,2.233,47270,22499,43.0,C (พอใช้)
4214,2024-10-20,2567,10,ฤดูฝน,BNH04,ลำห้วย (Tributary),นาแก้ว,7.5,26.4,348.0,4.48,6.15,15.0,1.328,3.256,2.517,70100,18707,48.9,C (พอใช้)
4215,2024-01-27,2567,1,ฤดูแล้ง,NHK01,หนองหาร (Lake),เมืองสกลนคร,7.4,22.9,185.0,7.2,2.92,11.0,0.125,0.849,0.178,5896,1437,87.5,A (ดีมาก)
4216,2025-09-22,2568,9,ฤดูฝน,BNH03,ลำห้วย (Tributary),ท่าแร่,6.88,29.9,378.0,4.55,5.53,23.7,1.314,3.142,2.154,94911,23497,51.5,C (พอใช้)
4217,2024-08-15,2567,8,ฤดูฝน,NHK03,หนองหาร (Lake),ฮางโฮง,8.12,30.1,257.0,8.02,0.3,4.0,0.01,1.417,0.268,3580,841,89.5,A (ดีมาก)
4218,2024-03-19,2567,3,ฤดูแล้ง,BNH02,ลำห้วย (Tributary),เชียงเครือ,7.62,24.5,350.0,4.19,3.76,19.8,0.706,2.236,1.097,24832,10153,61.6,B (ดี)
4219,2024-04-13,2567,4,ฤดูแล้ง,BNH08,ลำห้วย (Tributary),เมืองสกลนคร,6.59,30.0,364.0,0.72,6.12,17.0,1.868,3.309,2.865,54603,16147,27.2,D (เสื่อมโทรม)
4220,2025-11-20,2568,11,ฤดูแล้ง,NHK08,หนองหาร (Lake),นาตงวัฒนา,7.2,28.4,196.0,6.91,2.15,4.0,0.16,0.84,0.638,9329,5221,83.8,A (ดีมาก)
4221,2025-10-01,2568,10,ฤดูฝน,BNH07,ลำห้วย (Tributary),งิ้วด่อน,6.71,27.9,303.0,5.54,3.92,9.0,0.493,1.994,1.183,17718,10485,69.3,B (ดี)
4222,2025-02-28,2568,2,ฤดูแล้ง,BNH05,ลำห้วย (Tributary),ม่วงลาย,7.56,25.7,380.0,5.19,4.73,16.5,0.646,1.963,1.768,11056,2470,64.0,B (ดี)
4223,2024-11-12,2567,11,ฤดูแล้ง,NHK03,หนองหาร (Lake),ฮางโฮง,6.83,26.3,181.0,5.62,1.94,5.7,0.269,0.724,0.189,3476,1326,80.1,A (ดีมาก)
4224,2025-03-10,2568,3,ฤดูแล้ง,BNH07,ลำห้วย (Tributary),งิ้วด่อน,7.27,25.7,274.0,4.94,4.11,15.6,0.621,2.343,1.448,2345,743,63.3,B (ดี)
4225,2025-07-20,2568,7,ฤดูฝน,NHK07,หนองหาร (Lake),บ้านแป้น,7.34,32.3,197.0,7.37,1.35,4.0,0.01,0.906,0.353,1447,644,87.9,A (ดีมาก)
4226,2024-05-20,2567,5,ฤดูแล้ง,NHK03,หนองหาร (Lake),ฮางโฮง,7.16,29.4,201.0,6.83,1.67,9.5,0.179,0.672,0.234,2543,696,85.9,A (ดีมาก)
4227,2025-11-30,2568,11,ฤดูแล้ง,NHK04,หนองหาร (Lake),เชียงเครือ,7.08,27.5,150.0,7.61,1.58,4.0,0.239,0.605,0.239,5401,2113,89.2,A (ดีมาก)
4228,2024-04-24,2567,4,ฤดูแล้ง,NHK05,หนองหาร (Lake),ท่าแร่,7.22,26.9,268.0,6.58,1.28,11.3,0.215,0.708,0.254,3276,1939,84.4,A (ดีมาก)
4229,2024-09-08,2567,9,ฤดูฝน,BNH07,ลำห้วย (Tributary),งิ้วด่อน,7.1,29.1,354.0,6.2,3.3,20.0,0.483,2.139,1.803,17355,4708,68.7,B (ดี)
4230,2025-01-09,2568,1,ฤดูแล้ง,NHK06,หนองหาร (Lake),บ้านแป้น,7.93,25.0,279.0,7.36,0.34,4.0,0.41,1.02,0.16,1181,534,86.2,A (ดีมาก)
4231,2024-09-30,2567,9,ฤดูฝน,NHK02,หนองหาร (Lake),ธาตุนาเวง,7.01,29.5,293.0,6.12,2.11,9.8,1.215,2.135,1.256,8835,3723,66.9,B (ดี)
4232,2024-05-30,2567,5,ฤดูแล้ง,NHK02,หนองหาร (Lake),ธาตุนาเวง,7.05,29.0,285.0,3.85,3.08,4.0,1.124,1.884,1.375,30425,17050,57.5,C (พอใช้)
4233,2024-02-01,2567,2,ฤดูแล้ง,BNH04,ลำห้วย (Tributary),นาแก้ว,7.25,24.4,389.0,2.88,7.42,35.6,1.516,3.604,2.74,19341,11382,38.4,D (เสื่อมโทรม)
4234,2025-09-06,2568,9,ฤดูฝน,NHK09,หนองหาร (Lake),เหล่าปอแดง,6.87,31.2,214.0,8.31,0.3,4.0,0.01,0.735,0.232,1651,685,93.2,A (ดีมาก)
4235,2024-05-30,2567,5,ฤดูแล้ง,BNH01,ลำห้วย (Tributary),ธาตุนาเวง,7.6,29.8,359.0,2.64,6.85,18.4,1.668,3.705,2.636,37912,14309,36.7,D (เสื่อมโทรม)
4236,2025-06-14,2568,6,ฤดูฝน,BNH06,ลำห้วย (Tributary),เหล่าปอแดง,7.11,27.7,362.0,6.29,2.72,18.1,0.517,2.406,1.132,9571,5189,71.3,B (ดี)
4237,2024-07-10,2567,7,ฤดูฝน,BNH05,ลำห้วย (Tributary),ม่วงลาย,7.74,30.7,381.0,6.77,1.86,5.6,0.451,2.115,1.143,31226,8641,74.8,B (ดี)
4238,2025-10-24,2568,10,ฤดูฝน,NHK07,หนองหาร (Lake),บ้านแป้น,7.18,28.3,193.0,8.24,1.76,4.8,0.026,1.422,0.217,2002,408,90.6,A (ดีมาก)
4239,2024-10-30,2567,10,ฤดูฝน,BNH07,ลำห้วย (Tributary),งิ้วด่อน,6.89,28.7,246.0,6.45,2.55,4.0,0.726,1.919,1.306,4036,2310,71.6,B (ดี)
4240,2025-02-08,2568,2,ฤดูแล้ง,BNH03,ลำห้วย (Tributary),ท่าแร่,6.97,24.8,398.0,3.24,6.24,29.4,1.612,3.36,2.458,22314,6912,41.7,C (พอใช้)
4241,2024-06-19,2567,6,ฤดูฝน,BNH05,ลำห้วย (Tributary),ม่วงลาย,6.75,29.9,330.0,6.68,3.77,15.9,0.5,2.122,1.187,5237,2238,73.8,B (ดี)
4242,2025-07-17,2568,7,ฤดูฝน,BNH03,ลำห้วย (Tributary),ท่าแร่,7.85,31.9,376.0,3.82,5.83,22.4,1.831,3.977,2.165,34132,11710,42.4,C (พอใช้)
4243,2024-09-28,2567,9,ฤดูฝน,BNH03,ลำห้วย (Tributary),ท่าแร่,7.0,28.7,379.0,4.56,5.63,20.7,1.335,3.509,2.524,70546,39899,48.3,C (พอใช้)
4244,2025-03-15,2568,3,ฤดูแล้ง,NHK01,หนองหาร (Lake),เมืองสกลนคร,7.03,27.8,134.0,8.12,0.52,4.0,0.111,0.982,0.378,12085,5153,90.3,A (ดีมาก)
4245,2024-06-06,2567,6,ฤดูฝน,BNH03,ลำห้วย (Tributary),ท่าแร่,7.71,30.2,356.0,3.78,6.27,32.5,1.651,4.111,2.328,97349,45824,42.0,C (พอใช้)
4246,2024-07-23,2567,7,ฤดูฝน,NHK03,หนองหาร (Lake),ฮางโฮง,7.18,31.8,218.0,8.14,0.64,7.7,0.01,0.663,0.23,3004,1168,92.8,A (ดีมาก)
4247,2024-10-03,2567,10,ฤดูฝน,BNH01,ลำห้วย (Tributary),ธาตุนาเวง,7.55,29.2,297.0,3.68,6.47,29.7,1.317,3.106,2.264,11976,4066,47.1,C (พอใช้)
4248,2025-06-05,2568,6,ฤดูฝน,NHK10,หนองหาร (Lake),งิ้วด่อน,7.54,31.7,180.0,6.79,0.3,4.0,0.041,0.885,0.547,4068,1108,84.3,A (ดีมาก)
4249,2025-09-12,2568,9,ฤดูฝน,NHK09,หนองหาร (Lake),เหล่าปอแดง,7.11,30.5,273.0,7.11,0.33,4.0,0.039,1.074,0.285,5262,3130,86.4,A (ดีมาก)
4250,2025-02-28,2568,2,ฤดูแล้ง,BNH04,ลำห้วย (Tributary),นาแก้ว,6.98,25.5,374.0,3.43,5.11,19.9,1.509,4.738,2.159,50860,28309,40.0,C (พอใช้)
4251,2025-06-19,2568,6,ฤดูฝน,BNH08,ลำห้วย (Tributary),เมืองสกลนคร,6.81,30.6,405.0,4.65,5.78,28.4,1.501,3.112,2.516,17748,7523,49.1,C (พอใช้)
4252,2025-03-09,2568,3,ฤดูแล้ง,BNH02,ลำห้วย (Tributary),เชียงเครือ,6.92,28.2,372.0,5.76,3.61,18.1,0.602,1.923,1.45,23915,6991,68.5,B (ดี)
4253,2025-10-31,2568,10,ฤดูฝน,BNH02,ลำห้วย (Tributary),เชียงเครือ,7.72,28.0,283.0,5.85,3.51,6.0,0.443,1.96,1.106,25211,12322,71.4,B (ดี)
4254,2025-06-23,2568,6,ฤดูฝน,NHK04,หนองหาร (Lake),เชียงเครือ,7.23,30.3,251.0,6.98,1.06,4.0,0.01,0.645,0.205,5497,1238,87.8,A (ดีมาก)
4255,2024-03-05,2567,3,ฤดูแล้ง,BNH04,ลำห้วย (Tributary),นาแก้ว,7.17,28.3,450.0,3.74,6.59,24.2,1.601,3.461,2.29,87861,29618,44.5,C (พอใช้)
4256,2024-08-20,2567,8,ฤดูฝน,BNH07,ลำห้วย (Tributary),งิ้วด่อน,8.06,29.8,318.0,5.14,4.08,11.2,0.564,2.025,1.13,22516,5299,67.2,B (ดี)
4257,2024-06-03,2567,6,ฤดูฝน,NHK04,หนองหาร (Lake),เชียงเครือ,7.33,29.9,264.0,7.25,0.96,6.4,0.01,1.61,0.281,3702,2185,85.4,A (ดีมาก)
4258,2024-03-14,2567,3,ฤดูแล้ง,NHK01,หนองหาร (Lake),เมืองสกลนคร,7.06,26.9,229.0,6.32,0.91,4.0,0.145,0.61,0.466,1057,260,82.9,A (ดีมาก)
4259,2024-01-30,2567,1,ฤดูแล้ง,NHK02,หนองหาร (Lake),ธาตุนาเวง,7.29,23.1,292.0,5.39,5.47,20.4,1.947,1.904,1.489,13177,5871,59.0,C (พอใช้)
4260,2025-12-12,2568,12,ฤดูแล้ง,BNH01,ลำห้วย (Tributary),ธาตุนาเวง,7.15,23.2,383.0,3.09,7.6,39.7,1.586,3.339,2.192,66973,24409,42.6,C (พอใช้)
4261,2025-01-23,2568,1,ฤดูแล้ง,NHK01,หนองหาร (Lake),เมืองสกลนคร,7.19,25.5,195.0,6.88,0.94,4.0,0.139,0.916,0.783,2791,997,82.8,A (ดีมาก)
4262,2024-05-09,2567,5,ฤดูแล้ง,BNH04,ลำห้วย (Tributary),นาแก้ว,7.07,30.0,408.0,1.82,7.24,40.4,1.598,3.373,2.214,48792,11714,36.6,D (เสื่อมโทรม)
4263,2025-05-05,2568,5,ฤดูแล้ง,NHK02,หนองหาร (Lake),ธาตุนาเวง,7.05,29.7,323.0,5.33,5.23,25.7,1.054,2.211,1.418,21048,8453,63.2,B (ดี)
4264,2025-10-25,2568,10,ฤดูฝน,BNH07,ลำห้วย (Tributary),งิ้วด่อน,7.68,26.2,294.0,6.29,2.51,4.7,0.563,3.244,1.205,9043,4568,67.9,B (ดี)
4265,2025-04-22,2568,4,ฤดูแล้ง,BNH03,ลำห้วย (Tributary),ท่าแร่,7.13,26.4,439.0,2.49,7.45,37.7,1.743,3.701,2.411,44996,24192,36.7,D (เสื่อมโทรม)
4266,2025-07-20,2568,7,ฤดูฝน,NHK09,หนองหาร (Lake),เหล่าปอแดง,7.83,30.6,253.0,7.49,2.59,15.3,0.01,0.72,0.786,4364,1974,86.9,A (ดีมาก)
4267,2025-08-18,2568,8,ฤดูฝน,NHK01,หนองหาร (Lake),เมืองสกลนคร,7.31,34.2,199.0,9.19,0.3,4.0,0.01,0.77,0.33,3183,1192,96.6,A (ดีมาก)
4268,2025-12-29,2568,12,ฤดูแล้ง,BNH03,ลำห้วย (Tributary),ท่าแร่,7.07,23.2,326.0,3.46,8.0,37.9,1.688,3.745,2.494,34180,19150,40.8,C (พอใช้)
4269,2025-12-12,2568,12,ฤดูแล้ง,NHK08,หนองหาร (Lake),นาตงวัฒนา,6.84,24.9,219.0,6.42,1.8,14.8,0.104,0.81,0.23,3368,1256,84.1,A (ดีมาก)
4270,2025-03-13,2568,3,ฤดูแล้ง,NHK04,หนองหาร (Lake),เชียงเครือ,7.77,29.1,185.0,6.75,0.3,10.4,0.142,0.61,0.533,2847,1306,84.5,A (ดีมาก)
4271,2024-06-20,2567,6,ฤดูฝน,NHK08,หนองหาร (Lake),นาตงวัฒนา,7.6,33.4,211.0,7.59,1.48,4.0,0.01,1.299,0.377,3927,976,87.4,A (ดีมาก)
4272,2024-04-16,2567,4,ฤดูแล้ง,BNH07,ลำห้วย (Tributary),งิ้วด่อน,7.28,27.0,331.0,5.44,4.5,14.8,0.85,1.956,1.1,16305,4587,67.3,B (ดี)
4273,2025-08-06,2568,8,ฤดูฝน,BNH07,ลำห้วย (Tributary),งิ้วด่อน,7.24,31.4,303.0,5.91,2.45,9.0,0.595,2.966,1.071,16701,7294,67.6,B (ดี)
4274,2025-09-27,2568,9,ฤดูฝน,NHK08,หนองหาร (Lake),นาตงวัฒนา,7.55,30.0,172.0,7.24,0.3,4.0,0.048,1.171,0.621,1275,654,84.9,A (ดีมาก)
4275,2024-03-12,2567,3,ฤดูแล้ง,BNH04,ลำห้วย (Tributary),นาแก้ว,7.12,24.7,301.0,3.18,6.41,27.2,1.557,4.542,2.307,50633,16259,38.6,D (เสื่อมโทรม)
4276,2025-05-01,2568,5,ฤดูแล้ง,BNH02,ลำห้วย (Tributary),เชียงเครือ,7.17,29.5,352.0,4.03,4.79,25.3,0.648,1.94,1.058,5110,2630,62.4,B (ดี)
4277,2024-02-16,2567,2,ฤดูแล้ง,BNH06,ลำห้วย (Tributary),เหล่าปอแดง,7.25,24.4,264.0,4.62,4.73,20.7,1.074,2.126,1.572,14603,4909,59.5,C (พอใช้)
4278,2025-10-30,2568,10,ฤดูฝน,BNH02,ลำห้วย (Tributary),เชียงเครือ,7.16,27.9,289.0,5.76,3.9,12.6,0.543,2.193,1.082,31929,10848,69.8,B (ดี)
4279,2024-04-25,2567,4,ฤดูแล้ง,BNH03,ลำห้วย (Tributary),ท่าแร่,6.74,26.3,412.0,2.14,7.99,46.1,1.688,3.227,2.718,105839,51798,35.5,D (เสื่อมโทรม)
4280,2024-09-15,2567,9,ฤดูฝน,NHK10,หนองหาร (Lake),งิ้วด่อน,7.44,30.4,263.0,7.47,1.12,12.7,0.01,1.662,0.293,20747,8409,86.1,A (ดีมาก)
4281,2025-02-27,2568,2,ฤดูแล้ง,NHK05,หนองหาร (Lake),ท่าแร่,7.17,25.9,300.0,7.99,2.31,11.7,0.245,1.471,0.214,1222,550,88.1,A (ดีมาก)
4282,2024-04-28,2567,4,ฤดูแล้ง,NHK09,หนองหาร (Lake),เหล่าปอแดง,7.09,28.8,207.0,5.74,1.31,4.0,0.462,0.654,0.342,8415,3140,79.0,B (ดี)
4283,2024-05-01,2567,5,ฤดูแล้ง,BNH02,ลำห้วย (Tributary),เชียงเครือ,6.78,30.1,351.0,4.46,5.61,24.6,0.743,2.598,1.15,17904,4271,61.2,B (ดี)
4284,2025-12-04,2568,12,ฤดูแล้ง,BNH04,ลำห้วย (Tributary),นาแก้ว,6.53,25.4,395.0,2.7,7.18,39.7,1.544,3.514,2.545,14874,3412,38.8,D (เสื่อมโทรม)
4285,2025-05-09,2568,5,ฤดูแล้ง,NHK02,หนองหาร (Lake),ธาตุนาเวง,6.83,28.3,287.0,4.63,4.29,23.5,1.529,1.849,1.674,8526,2445,57.3,C (พอใช้)
4286,2025-11-17,2568,11,ฤดูแล้ง,NHK07,หนองหาร (Lake),บ้านแป้น,7.06,26.1,173.0,6.18,0.66,4.0,0.365,0.827,0.175,11477,6402,81.7,A (ดีมาก)
4287,2024-03-10,2567,3,ฤดูแล้ง,NHK04,หนองหาร (Lake),เชียงเครือ,6.99,26.5,306.0,6.73,0.3,4.0,0.193,1.241,0.365,1452,559,82.9,A (ดีมาก)
4288,2024-04-15,2567,4,ฤดูแล้ง,BNH08,ลำห้วย (Tributary),เมืองสกลนคร,7.34,29.4,314.0,1.95,5.05,32.6,1.513,3.566,2.35,255516,60997,36.4,D (เสื่อมโทรม)
4289,2024-04-12,2567,4,ฤดูแล้ง,NHK02,หนองหาร (Lake),ธาตุนาเวง,7.29,28.7,238.0,4.65,2.56,17.9,1.049,2.813,1.527,5268,2678,57.6,C (พอใช้)
4290,2024-11-07,2567,11,ฤดูแล้ง,NHK05,หนองหาร (Lake),ท่าแร่,6.78,26.4,225.0,7.21,1.32,8.0,0.205,2.01,0.203,2475,993,83.1,A (ดีมาก)
4291,2024-08-21,2567,8,ฤดูฝน,NHK10,หนองหาร (Lake),งิ้วด่อน,7.47,30.0,205.0,6.47,1.35,4.0,0.01,0.724,0.175,1172,645,85.4,A (ดีมาก)
4292,2024-07-20,2567,7,ฤดูฝน,NHK02,หนองหาร (Lake),ธาตุนาเวง,7.17,29.4,269.0,5.88,4.05,15.0,0.935,1.921,1.321,7191,1734,67.8,B (ดี)
4293,2024-03-20,2567,3,ฤดูแล้ง,NHK01,หนองหาร (Lake),เมืองสกลนคร,7.47,27.2,181.0,6.05,2.14,11.9,0.18,0.636,0.952,2823,1335,79.0,B (ดี)
4294,2024-11-21,2567,11,ฤดูแล้ง,NHK10,หนองหาร (Lake),งิ้วด่อน,7.86,26.5,293.0,6.66,1.87,4.0,0.452,0.743,0.258,8127,2642,83.2,A (ดีมาก)
4295,2025-09-24,2568,9,ฤดูฝน,NHK06,หนองหาร (Lake),บ้านแป้น,6.46,29.0,225.0,7.49,2.99,11.6,0.076,0.655,0.45,714,418,88.4,A (ดีมาก)
4296,2024-11-28,2567,11,ฤดูแล้ง,NHK09,หนองหาร (Lake),เหล่าปอแดง,7.71,26.1,190.0,7.81,2.59,10.5,0.15,1.252,1.291,1742,683,83.2,A (ดีมาก)
4297,2024-08-10,2567,8,ฤดูฝน,NHK06,หนองหาร (Lake),บ้านแป้น,7.47,28.7,238.0,6.91,0.83,9.2,0.01,0.893,0.275,3055,620,86.3,A (ดีมาก)
4298,2024-06-03,2567,6,ฤดูฝน,BNH01,ลำห้วย (Tributary),ธาตุนาเวง,7.07,31.7,478.0,4.04,5.78,32.4,2.087,3.255,2.243,7526,3304,43.9,C (พอใช้)
4299,2025-07-31,2568,7,ฤดูฝน,NHK07,หนองหาร (Lake),บ้านแป้น,6.77,30.2,272.0,8.85,0.79,8.6,0.182,0.845,0.287,5899,1453,94.0,A (ดีมาก)
4300,2024-09-10,2567,9,ฤดูฝน,NHK10,หนองหาร (Lake),งิ้วด่อน,6.67,31.2,271.0,8.21,1.96,16.7,0.01,0.625,0.161,1000,474,93.5,A (ดีมาก)
4301,2024-05-24,2567,5,ฤดูแล้ง,BNH02,ลำห้วย (Tributary),เชียงเครือ,7.08,30.3,307.0,4.74,3.45,17.0,1.019,2.04,1.071,18957,5142,63.1,B (ดี)
4302,2025-10-06,2568,10,ฤดูฝน,NHK02,หนองหาร (Lake),ธาตุนาเวง,6.84,26.2,283.0,5.04,3.0,9.7,0.827,2.078,1.532,10101,2167,63.1,B (ดี)
4303,2025-07-30,2568,7,ฤดูฝน,BNH02,ลำห้วย (Tributary),เชียงเครือ,7.4,32.5,351.0,5.39,2.85,7.3,0.4,1.964,1.079,9906,3884,69.7,B (ดี)
4304,2025-01-27,2568,1,ฤดูแล้ง,NHK02,หนองหาร (Lake),ธาตุนาเวง,7.52,25.1,213.0,3.6,3.92,25.2,1.448,1.851,1.278,26963,10829,55.1,C (พอใช้)
4305,2024-07-21,2567,7,ฤดูฝน,BNH07,ลำห้วย (Tributary),งิ้วด่อน,7.49,31.6,368.0,5.34,3.06,6.9,0.772,2.533,1.135,8623,4690,65.2,B (ดี)
4306,2024-07-18,2567,7,ฤดูฝน,NHK03,หนองหาร (Lake),ฮางโฮง,7.59,32.3,211.0,7.0,0.92,4.0,0.01,0.626,0.461,3679,1360,86.7,A (ดีมาก)
4307,2024-11-04,2567,11,ฤดูแล้ง,NHK03,หนองหาร (Lake),ฮางโฮง,7.52,29.1,227.0,6.63,0.55,6.0,0.106,2.931,0.231,2798,1319,77.9,B (ดี)
4308,2024-01-16,2567,1,ฤดูแล้ง,NHK05,หนองหาร (Lake),ท่าแร่,7.14,25.3,235.0,6.1,1.15,9.3,0.165,1.022,0.224,4239,1069,81.6,A (ดีมาก)
4309,2025-08-03,2568,8,ฤดูฝน,BNH05,ลำห้วย (Tributary),ม่วงลาย,7.84,31.8,368.0,5.23,2.51,6.0,0.445,2.186,1.342,4880,988,66.7,B (ดี)
4310,2024-12-25,2567,12,ฤดูแล้ง,NHK02,หนองหาร (Lake),ธาตุนาเวง,7.43,25.5,262.0,3.32,6.24,20.7,1.436,2.329,1.534,27185,10435,51.1,C (พอใช้)
4311,2024-08-07,2567,8,ฤดูฝน,NHK03,หนองหาร (Lake),ฮางโฮง,7.14,30.4,254.0,7.57,0.31,4.0,0.01,1.124,0.59,3374,954,86.9,A (ดีมาก)
4312,2025-12-23,2568,12,ฤดูแล้ง,NHK10,หนองหาร (Lake),งิ้วด่อน,6.8,26.4,234.0,6.69,0.3,4.0,0.214,1.469,0.409,1495,351,81.6,A (ดีมาก)
4313,2025-07-31,2568,7,ฤดูฝน,NHK05,หนองหาร (Lake),ท่าแร่,7.85,30.5,250.0,7.13,0.67,4.2,0.01,0.679,0.514,2335,539,86.8,A (ดีมาก)
4314,2025-01-05,2568,1,ฤดูแล้ง,BNH04,ลำห้วย (Tributary),นาแก้ว,7.38,25.8,464.0,2.86,6.79,44.5,1.617,4.084,2.189,108559,56501,38.9,D (เสื่อมโทรม)
4315,2025-09-25,2568,9,ฤดูฝน,BNH07,ลำห้วย (Tributary),งิ้วด่อน,7.92,29.1,329.0,6.69,2.81,17.7,0.533,2.0,1.15,3970,1923,74.3,B (ดี)
4316,2025-12-26,2568,12,ฤดูแล้ง,NHK09,หนองหาร (Lake),เหล่าปอแดง,7.02,23.8,219.0,5.74,0.96,12.5,0.101,0.682,0.469,8751,5040,80.3,A (ดีมาก)
4317,2024-09-30,2567,9,ฤดูฝน,BNH07,ลำห้วย (Tributary),งิ้วด่อน,7.25,30.4,326.0,6.27,3.99,20.8,0.429,2.107,1.506,11219,4196,70.9,B (ดี)
4318,2024-07-09,2567,7,ฤดูฝน,NHK05,หนองหาร (Lake),ท่าแร่,6.53,30.5,222.0,7.03,0.3,4.0,0.12,1.084,0.353,22301,10504,85.2,A (ดีมาก)
4319,2024-05-13,2567,5,ฤดูแล้ง,BNH08,ลำห้วย (Tributary),เมืองสกลนคร,6.56,28.0,380.0,3.35,7.42,16.1,1.679,3.177,2.196,30699,10196,43.7,C (พอใช้)
4320,2025-06-14,2568,6,ฤดูฝน,BNH02,ลำห้วย (Tributary),เชียงเครือ,7.08,31.5,308.0,5.58,2.0,12.0,0.478,2.002,1.212,47349,18765,69.3,B (ดี)
4321,2025-12-26,2568,12,ฤดูแล้ง,BNH04,ลำห้วย (Tributary),นาแก้ว,6.83,25.6,372.0,2.47,6.48,34.9,1.565,3.182,2.682,32498,18056,38.0,D (เสื่อมโทรม)
4322,2025-08-24,2568,8,ฤดูฝน,NHK07,หนองหาร (Lake),บ้านแป้น,7.4,31.1,216.0,7.6,1.51,9.5,0.081,1.103,0.431,2385,830,87.5,A (ดีมาก)
4323,2024-09-07,2567,9,ฤดูฝน,BNH01,ลำห้วย (Tributary),ธาตุนาเวง,7.27,31.5,372.0,3.22,7.01,36.1,1.418,3.219,2.223,35220,15706,44.4,C (พอใช้)
4324,2025-05-20,2568,5,ฤดูแล้ง,NHK04,หนองหาร (Lake),เชียงเครือ,7.3,30.7,118.0,6.62,1.63,10.0,0.16,0.689,0.295,2267,502,84.7,A (ดีมาก)
4325,2025-12-17,2568,12,ฤดูแล้ง,NHK02,หนองหาร (Lake),ธาตุนาเวง,6.94,26.1,257.0,4.91,4.1,15.9,1.142,1.83,1.595,15612,7267,61.2,B (ดี)
4326,2024-11-18,2567,11,ฤดูแล้ง,NHK10,หนองหาร (Lake),งิ้วด่อน,6.68,25.7,190.0,7.69,0.65,4.0,0.121,1.218,0.685,3160,959,86.0,A (ดีมาก)
4327,2025-12-06,2568,12,ฤดูแล้ง,NHK07,หนองหาร (Lake),บ้านแป้น,7.22,27.5,247.0,6.61,3.73,14.8,0.187,1.216,0.599,849,250,81.2,A (ดีมาก)
4328,2024-03-27,2567,3,ฤดูแล้ง,NHK10,หนองหาร (Lake),งิ้วด่อน,6.89,26.1,258.0,6.55,0.5,4.0,0.17,0.953,0.197,6851,1380,84.0,A (ดีมาก)
4329,2025-12-25,2568,12,ฤดูแล้ง,BNH03,ลำห้วย (Tributary),ท่าแร่,7.33,24.9,359.0,2.67,6.83,34.9,1.945,3.148,2.236,111702,23287,39.1,D (เสื่อมโทรม)
4330,2024-02-02,2567,2,ฤดูแล้ง,NHK02,หนองหาร (Lake),ธาตุนาเวง,6.39,24.0,337.0,5.95,4.03,20.7,1.123,1.981,1.476,12084,2776,66.0,B (ดี)
4331,2024-10-09,2567,10,ฤดูฝน,NHK05,หนองหาร (Lake),ท่าแร่,6.86,28.5,239.0,7.27,1.18,17.3,0.225,1.104,0.155,2837,953,86.6,A (ดีมาก)
4332,2024-08-28,2567,8,ฤดูฝน,NHK05,หนองหาร (Lake),ท่าแร่,6.98,30.2,167.0,7.23,0.3,4.0,0.01,0.93,0.368,2363,1351,87.1,A (ดีมาก)
4333,2025-08-25,2568,8,ฤดูฝน,NHK02,หนองหาร (Lake),ธาตุนาเวง,6.98,31.1,267.0,5.74,4.1,16.2,0.955,2.091,1.291,22139,5904,66.6,B (ดี)
4334,2025-03-01,2568,3,ฤดูแล้ง,NHK04,หนองหาร (Lake),เชียงเครือ,6.81,26.6,249.0,6.84,3.48,18.2,0.188,1.056,0.592,4632,2531,82.9,A (ดีมาก)
4335,2024-07-09,2567,7,ฤดูฝน,NHK10,หนองหาร (Lake),งิ้วด่อน,7.31,30.9,288.0,7.71,1.57,4.6,0.01,1.028,0.159,5983,1381,90.0,A (ดีมาก)
4336,2024-07-28,2567,7,ฤดูฝน,BNH04,ลำห้วย (Tributary),นาแก้ว,6.84,30.2,384.0,3.77,5.71,32.7,1.431,3.487,2.428,36336,21562,44.8,C (พอใช้)
4337,2025-07-10,2568,7,ฤดูฝน,NHK07,หนองหาร (Lake),บ้านแป้น,6.94,28.8,240.0,7.83,1.14,8.2,0.01,0.785,0.344,3639,1539,90.4,A (ดีมาก)
4338,2024-11-07,2567,11,ฤดูแล้ง,BNH08,ลำห้วย (Tributary),เมืองสกลนคร,7.39,26.7,475.0,3.81,7.27,25.4,1.546,3.309,2.44,112921,62964,44.9,C (พอใช้)
4339,2025-03-12,2568,3,ฤดูแล้ง,BNH08,ลำห้วย (Tributary),เมืองสกลนคร,6.92,27.7,349.0,2.35,5.76,24.1,1.78,3.432,2.572,19587,5961,36.0,D (เสื่อมโทรม)
4340,2024-08-27,2567,8,ฤดูฝน,BNH06,ลำห้วย (Tributary),เหล่าปอแดง,6.66,31.6,387.0,5.37,3.03,7.2,0.403,2.256,1.349,16500,7199,67.3,B (ดี)
4341,2025-02-04,2568,2,ฤดูแล้ง,BNH06,ลำห้วย (Tributary),เหล่าปอแดง,7.37,25.4,342.0,5.37,3.91,19.9,0.657,2.9,1.226,26089,14753,64.3,B (ดี)
4342,2025-03-30,2568,3,ฤดูแล้ง,NHK04,หนองหาร (Lake),เชียงเครือ,7.44,25.7,222.0,7.79,0.41,4.0,0.17,0.914,0.611,2644,1297,87.6,A (ดีมาก)
4343,2025-07-26,2568,7,ฤดูฝน,NHK07,หนองหาร (Lake),บ้านแป้น,6.91,31.9,268.0,7.22,0.78,13.0,0.01,1.027,0.249,6973,2354,87.4,A (ดีมาก)
4344,2025-06-24,2568,6,ฤดูฝน,BNH01,ลำห้วย (Tributary),ธาตุนาเวง,7.1,29.2,398.0,4.21,5.24,15.1,1.321,3.791,2.226,41279,24486,47.4,C (พอใช้)
4345,2025-05-05,2568,5,ฤดูแล้ง,BNH02,ลำห้วย (Tributary),เชียงเครือ,7.28,27.9,323.0,5.46,4.0,24.5,0.618,2.464,1.773,27401,15771,63.6,B (ดี)
4346,2024-01-07,2567,1,ฤดูแล้ง,NHK01,หนองหาร (Lake),เมืองสกลนคร,6.69,27.4,199.0,7.39,2.07,6.6,0.166,0.602,0.238,3541,2102,88.7,A (ดีมาก)
4347,2025-02-17,2568,2,ฤดูแล้ง,NHK03,หนองหาร (Lake),ฮางโฮง,6.78,27.7,230.0,6.7,1.38,4.7,0.143,0.849,0.629,15527,8694,83.0,A (ดีมาก)
4348,2025-03-25,2568,3,ฤดูแล้ง,NHK06,หนองหาร (Lake),บ้านแป้น,6.95,25.4,267.0,6.06,1.07,4.0,0.203,0.867,0.15,3699,1152,82.1,A (ดีมาก)
4349,2024-08-15,2567,8,ฤดูฝน,BNH02,ลำห้วย (Tributary),เชียงเครือ,7.68,29.9,358.0,5.41,4.37,21.2,0.467,2.402,1.312,78027,28204,66.8,B (ดี)
4350,2025-10-31,2568,10,ฤดูฝน,NHK08,หนองหาร (Lake),นาตงวัฒนา,7.37,27.8,286.0,7.83,0.62,4.0,0.01,3.107,0.301,11157,6035,82.9,A (ดีมาก)
4351,2024-09-29,2567,9,ฤดูฝน,NHK10,หนองหาร (Lake),งิ้วด่อน,6.89,29.5,252.0,7.25,0.3,9.4,0.01,0.818,0.183,3596,2060,88.5,A (ดีมาก)
4352,2025-11-10,2568,11,ฤดูแล้ง,BNH05,ลำห้วย (Tributary),ม่วงลาย,8.41,27.6,348.0,5.32,5.22,29.4,0.788,2.314,1.433,8198,4345,64.3,B (ดี)
4353,2024-11-18,2567,11,ฤดูแล้ง,BNH02,ลำห้วย (Tributary),เชียงเครือ,6.84,27.5,326.0,5.18,4.79,18.1,0.694,2.253,1.149,12324,3164,65.8,B (ดี)
4354,2024-11-15,2567,11,ฤดูแล้ง,NHK09,หนองหาร (Lake),เหล่าปอแดง,7.29,26.2,263.0,7.04,0.42,4.0,0.875,0.827,0.351,1067,500,81.8,A (ดีมาก)
4355,2025-01-08,2568,1,ฤดูแล้ง,BNH01,ลำห้วย (Tributary),ธาตุนาเวง,7.06,26.0,362.0,2.78,6.8,30.0,1.691,3.216,2.458,26803,7340,39.7,D (เสื่อมโทรม)
4356,2025-05-04,2568,5,ฤดูแล้ง,NHK03,หนองหาร (Lake),ฮางโฮง,7.16,30.2,231.0,6.45,0.3,4.3,0.11,0.642,1.253,1898,783,79.6,B (ดี)
4357,2025-04-20,2568,4,ฤดูแล้ง,NHK10,หนองหาร (Lake),งิ้วด่อน,7.13,28.3,243.0,6.64,1.69,6.3,0.342,0.769,0.462,8932,2634,82.7,A (ดีมาก)
4358,2024-12-15,2567,12,ฤดูแล้ง,NHK07,หนองหาร (Lake),บ้านแป้น,6.93,25.1,248.0,5.72,1.68,7.5,0.138,0.778,0.199,4888,1232,81.0,A (ดีมาก)
4359,2024-04-12,2567,4,ฤดูแล้ง,BNH04,ลำห้วย (Tributary),นาแก้ว,7.02,29.8,480.0,4.17,7.9,26.2,1.627,4.045,2.455,72034,31036,43.5,C (พอใช้)
4360,2024-12-15,2567,12,ฤดูแล้ง,BNH01,ลำห้วย (Tributary),ธาตุนาเวง,7.11,25.4,387.0,4.1,8.43,40.1,1.642,3.443,2.732,12629,6053,43.7,C (พอใช้)
4361,2025-04-13,2568,4,ฤดูแล้ง,NHK05,หนองหาร (Lake),ท่าแร่,7.04,26.6,196.0,6.97,0.84,7.6,0.133,0.869,0.271,5056,2617,86.0,A (ดีมาก)
4362,2024-09-12,2567,9,ฤดูฝน,NHK10,หนองหาร (Lake),งิ้วด่อน,7.41,29.6,252.0,7.82,0.3,4.0,0.01,1.085,0.176,1433,302,90.2,A (ดีมาก)
4363,2025-06-04,2568,6,ฤดูฝน,BNH03,ลำห้วย (Tributary),ท่าแร่,7.24,31.5,391.0,4.42,5.12,16.8,2.082,4.418,2.254,53419,12361,41.8,C (พอใช้)
4364,2024-05-02,2567,5,ฤดูแล้ง,BNH04,ลำห้วย (Tributary),นาแก้ว,6.95,28.6,388.0,4.13,7.18,31.0,1.552,4.178,2.394,16790,8016,43.6,C (พอใช้)
4365,2024-10-10,2567,10,ฤดูฝน,BNH08,ลำห้วย (Tributary),เมืองสกลนคร,6.81,28.8,293.0,4.06,6.36,21.4,1.332,3.507,2.634,231269,61563,45.6,C (พอใช้)
4366,2024-02-19,2567,2,ฤดูแล้ง,BNH04,ลำห้วย (Tributary),นาแก้ว,7.14,23.7,353.0,1.91,6.38,30.8,1.55,4.428,2.234,38116,22705,33.7,D (เสื่อมโทรม)
4367,2025-01-20,2568,1,ฤดูแล้ง,BNH07,ลำห้วย (Tributary),งิ้วด่อน,7.33,26.4,332.0,6.31,4.26,16.9,0.66,2.058,1.053,5522,2626,72.1,B (ดี)
4368,2024-04-10,2567,4,ฤดูแล้ง,NHK01,หนองหาร (Lake),เมืองสกลนคร,7.28,27.5,293.0,6.58,0.81,10.6,0.151,2.216,0.344,17283,9654,79.3,B (ดี)
4369,2025-09-14,2568,9,ฤดูฝน,BNH05,ลำห้วย (Tributary),ม่วงลาย,7.26,30.7,340.0,5.27,2.48,8.5,0.439,2.329,1.352,55697,13206,66.4,B (ดี)
4370,2025-08-29,2568,8,ฤดูฝน,BNH06,ลำห้วย (Tributary),เหล่าปอแดง,7.44,32.9,316.0,5.95,4.56,19.0,0.509,2.278,1.158,16371,5832,70.1,B (ดี)
4371,2025-04-18,2568,4,ฤดูแล้ง,BNH04,ลำห้วย (Tributary),นาแก้ว,7.23,28.9,397.0,2.12,6.93,25.5,1.662,3.162,2.808,31921,8943,35.4,D (เสื่อมโทรม)
4372,2024-04-22,2567,4,ฤดูแล้ง,NHK04,หนองหาร (Lake),เชียงเครือ,7.18,28.9,216.0,6.62,1.03,11.9,0.288,0.977,0.263,3240,864,83.2,A (ดีมาก)
4373,2024-09-05,2567,9,ฤดูฝน,BNH05,ลำห้วย (Tributary),ม่วงลาย,6.81,30.0,281.0,6.46,3.49,17.0,0.569,2.16,1.098,11285,6269,72.8,B (ดี)
4374,2024-12-07,2567,12,ฤดูแล้ง,BNH03,ลำห้วย (Tributary),ท่าแร่,6.36,25.3,415.0,1.64,6.57,26.3,1.594,3.378,2.356,62010,24292,35.1,D (เสื่อมโทรม)
4375,2024-12-13,2567,12,ฤดูแล้ง,BNH07,ลำห้วย (Tributary),งิ้วด่อน,6.64,22.8,302.0,5.09,3.96,17.6,0.763,2.741,1.46,13783,7581,61.8,B (ดี)
4376,2025-08-13,2568,8,ฤดูฝน,NHK04,หนองหาร (Lake),เชียงเครือ,7.38,30.3,304.0,7.75,1.2,4.0,0.135,1.026,0.452,676,137,88.0,A (ดีมาก)
4377,2025-03-28,2568,3,ฤดูแล้ง,NHK05,หนองหาร (Lake),ท่าแร่,7.21,27.1,183.0,6.75,1.79,4.1,0.265,1.397,0.215,3228,740,82.8,A (ดีมาก)
4378,2024-07-09,2567,7,ฤดูฝน,BNH01,ลำห้วย (Tributary),ธาตุนาเวง,7.09,31.9,384.0,4.19,5.56,33.2,1.315,3.409,2.157,63001,21960,49.0,C (พอใช้)
4379,2024-06-22,2567,6,ฤดูฝน,NHK06,หนองหาร (Lake),บ้านแป้น,7.62,29.9,174.0,6.76,0.86,4.6,0.01,0.682,0.36,6145,2897,85.9,A (ดีมาก)
4380,2025-10-26,2568,10,ฤดูฝน,BNH02,ลำห้วย (Tributary),เชียงเครือ,7.59,29.4,269.0,6.21,2.35,10.1,0.522,2.254,1.098,3577,1051,71.6,B (ดี)
4381,2025-08-27,2568,8,ฤดูฝน,BNH03,ลำห้วย (Tributary),ท่าแร่,7.02,30.2,380.0,3.62,5.26,22.4,1.54,3.202,2.907,101329,29690,42.1,C (พอใช้)
4382,2024-08-06,2567,8,ฤดูฝน,NHK01,หนองหาร (Lake),เมืองสกลนคร,7.12,28.2,241.0,7.91,1.18,8.5,0.01,1.657,1.198,3938,1800,83.6,A (ดีมาก)
4383,2024-11-27,2567,11,ฤดูแล้ง,BNH06,ลำห้วย (Tributary),เหล่าปอแดง,7.53,24.8,289.0,4.76,3.44,23.0,0.634,2.148,1.187,3515,1208,64.4,B (ดี)
4384,2024-10-22,2567,10,ฤดูฝน,BNH04,ลำห้วย (Tributary),นาแก้ว,6.63,27.1,375.0,3.27,6.5,19.4,1.415,3.113,2.28,102829,61381,44.7,C (พอใช้)
4385,2024-10-10,2567,10,ฤดูฝน,BNH01,ลำห้วย (Tributary),ธาตุนาเวง,7.28,28.4,420.0,5.48,7.2,33.2,1.424,3.443,2.17,38388,15126,53.9,C (พอใช้)
4386,2025-12-28,2568,12,ฤดูแล้ง,NHK10,หนองหาร (Lake),งิ้วด่อน,7.17,26.9,263.0,7.51,1.3,4.0,0.221,0.668,0.272,2638,592,88.5,A (ดีมาก)
4387,2024-07-29,2567,7,ฤดูฝน,NHK09,หนองหาร (Lake),เหล่าปอแดง,6.85,30.2,228.0,8.09,0.44,4.2,0.01,0.971,0.301,2257,941,91.1,A (ดีมาก)
4388,2025-10-13,2568,10,ฤดูฝน,NHK06,หนองหาร (Lake),บ้านแป้น,6.65,26.5,197.0,7.2,0.3,8.7,0.295,1.444,0.883,6880,3072,81.1,A (ดีมาก)
4389,2025-06-26,2568,6,ฤดูฝน,BNH05,ลำห้วย (Tributary),ม่วงลาย,7.21,29.8,331.0,5.98,3.66,18.0,0.643,2.199,1.056,8894,3227,70.3,B (ดี)
4390,2025-02-25,2568,2,ฤดูแล้ง,NHK10,หนองหาร (Lake),งิ้วด่อน,6.68,25.0,232.0,6.63,2.13,17.1,0.182,0.705,0.166,3950,1681,85.2,A (ดีมาก)
4391,2025-04-13,2568,4,ฤดูแล้ง,NHK04,หนองหาร (Lake),เชียงเครือ,7.41,28.8,179.0,6.2,1.5,13.4,0.114,1.782,0.313,2148,711,79.4,B (ดี)
4392,2025-10-11,2568,10,ฤดูฝน,NHK03,หนองหาร (Lake),ฮางโฮง,6.87,28.0,205.0,8.02,0.3,4.0,0.01,0.705,0.38,2220,1061,91.3,A (ดีมาก)
4393,2024-03-07,2567,3,ฤดูแล้ง,BNH07,ลำห้วย (Tributary),งิ้วด่อน,7.08,27.8,243.0,4.18,4.98,22.6,0.891,2.031,1.219,6336,2935,60.6,B (ดี)
4394,2025-06-09,2568,6,ฤดูฝน,NHK08,หนองหาร (Lake),นาตงวัฒนา,7.28,32.3,225.0,7.98,1.24,4.0,0.161,1.326,0.754,2128,795,86.3,A (ดีมาก)
4395,2025-06-24,2568,6,ฤดูฝน,BNH01,ลำห้วย (Tributary),ธาตุนาเวง,7.06,31.3,358.0,3.55,7.15,25.4,1.351,3.259,2.163,34179,10876,46.4,C (พอใช้)
4396,2025-02-25,2568,2,ฤดูแล้ง,BNH08,ลำห้วย (Tributary),เมืองสกลนคร,7.34,25.8,335.0,2.84,6.89,44.1,1.815,3.166,2.285,32565,7829,40.2,C (พอใช้)
4397,2024-06-24,2567,6,ฤดูฝน,BNH02,ลำห้วย (Tributary),เชียงเครือ,7.19,33.3,310.0,6.18,3.98,22.8,0.702,2.609,1.889,34158,15516,65.3,B (ดี)
4398,2025-04-18,2568,4,ฤดูแล้ง,NHK04,หนองหาร (Lake),เชียงเครือ,7.61,28.6,237.0,5.46,0.3,4.0,0.14,1.868,0.388,2551,891,75.3,B (ดี)
4399,2025-04-21,2568,4,ฤดูแล้ง,NHK06,หนองหาร (Lake),บ้านแป้น,6.64,27.4,226.0,7.21,0.73,15.7,0.32,0.639,0.405,1612,659,86.1,A (ดีมาก)
4400,2024-01-23,2567,1,ฤดูแล้ง,NHK02,หนองหาร (Lake),ธาตุนาเวง,6.53,26.1,210.0,4.0,4.91,30.1,1.004,1.872,1.332,28573,6557,59.1,C (พอใช้)
4401,2024-03-06,2567,3,ฤดูแล้ง,NHK10,หนองหาร (Lake),งิ้วด่อน,7.55,24.5,196.0,6.96,0.46,6.0,0.313,0.967,0.201,1426,735,84.9,A (ดีมาก)
4402,2025-11-25,2568,11,ฤดูแล้ง,BNH02,ลำห้วย (Tributary),เชียงเครือ,7.29,27.1,292.0,3.68,3.01,9.3,0.758,1.974,1.106,11946,5085,59.9,C (พอใช้)
4403,2024-12-02,2567,12,ฤดูแล้ง,BNH02,ลำห้วย (Tributary),เชียงเครือ,7.1,25.4,327.0,3.66,3.09,12.4,0.747,2.148,1.793,16874,8804,55.8,C (พอใช้)
4404,2025-01-08,2568,1,ฤดูแล้ง,BNH02,ลำห้วย (Tributary),เชียงเครือ,6.92,25.7,276.0,4.7,4.71,17.7,0.762,2.387,1.175,10510,3222,62.7,B (ดี)
4405,2025-11-17,2568,11,ฤดูแล้ง,BNH07,ลำห้วย (Tributary),งิ้วด่อน,6.41,26.5,350.0,4.55,2.39,6.1,0.643,2.152,1.282,39143,11626,63.0,B (ดี)
4406,2025-03-23,2568,3,ฤดูแล้ง,NHK08,หนองหาร (Lake),นาตงวัฒนา,7.76,26.9,260.0,7.93,1.85,4.0,0.226,0.718,0.464,5570,1956,89.2,A (ดีมาก)
4407,2024-12-12,2567,12,ฤดูแล้ง,NHK05,หนองหาร (Lake),ท่าแร่,7.35,25.0,249.0,7.18,1.7,9.7,0.469,0.623,0.515,2329,945,84.6,A (ดีมาก)
4408,2024-02-22,2567,2,ฤดูแล้ง,NHK04,หนองหาร (Lake),เชียงเครือ,7.31,22.4,208.0,5.45,0.55,19.6,0.494,1.043,0.17,1586,918,77.1,B (ดี)
4409,2025-03-18,2568,3,ฤดูแล้ง,BNH06,ลำห้วย (Tributary),เหล่าปอแดง,6.85,27.6,384.0,4.95,4.5,21.0,0.625,2.077,1.323,4795,1831,64.9,B (ดี)
4410,2024-10-25,2567,10,ฤดูฝน,BNH08,ลำห้วย (Tributary),เมืองสกลนคร,6.82,26.9,372.0,4.63,6.63,27.8,1.44,4.022,2.225,12846,3871,47.8,C (พอใช้)
4411,2025-08-11,2568,8,ฤดูฝน,BNH04,ลำห้วย (Tributary),นาแก้ว,7.49,31.6,343.0,3.37,6.52,32.3,1.506,3.17,2.167,85833,29078,45.0,C (พอใช้)
4412,2025-07-18,2568,7,ฤดูฝน,BNH04,ลำห้วย (Tributary),นาแก้ว,6.87,30.7,419.0,4.43,6.94,29.3,1.368,4.333,2.173,57953,27789,46.5,C (พอใช้)
4413,2024-10-25,2567,10,ฤดูฝน,NHK05,หนองหาร (Lake),ท่าแร่,6.98,28.3,175.0,7.4,1.0,4.2,0.03,0.671,0.761,13682,4006,86.7,A (ดีมาก)
4414,2025-10-16,2568,10,ฤดูฝน,NHK06,หนองหาร (Lake),บ้านแป้น,7.28,27.0,256.0,8.51,0.3,4.0,0.01,0.804,1.003,2948,1223,90.1,A (ดีมาก)
4415,2024-11-19,2567,11,ฤดูแล้ง,BNH04,ลำห้วย (Tributary),นาแก้ว,6.31,26.5,322.0,2.46,7.27,26.2,1.534,3.119,2.725,24606,5332,38.1,D (เสื่อมโทรม)
4416,2024-07-30,2567,7,ฤดูฝน,NHK07,หนองหาร (Lake),บ้านแป้น,7.41,31.3,260.0,7.83,1.24,13.8,0.021,0.632,0.369,6906,1864,90.7,A (ดีมาก)
4417,2025-09-19,2568,9,ฤดูฝน,BNH07,ลำห้วย (Tributary),งิ้วด่อน,6.3,30.0,324.0,6.15,3.11,8.2,0.554,2.643,1.196,5535,2714,69.4,B (ดี)
4418,2025-09-24,2568,9,ฤดูฝน,BNH01,ลำห้วย (Tributary),ธาตุนาเวง,7.39,27.9,370.0,4.58,5.96,32.6,1.508,3.222,2.556,36162,21314,48.2,C (พอใช้)
4419,2025-01-27,2568,1,ฤดูแล้ง,NHK10,หนองหาร (Lake),งิ้วด่อน,7.27,24.0,229.0,5.45,0.3,4.0,0.164,1.796,0.209,3174,1330,76.3,B (ดี)
4420,2025-05-31,2568,5,ฤดูแล้ง,BNH08,ลำห้วย (Tributary),เมืองสกลนคร,6.74,31.7,385.0,3.11,6.27,43.5,1.744,3.981,2.496,43807,10479,38.1,D (เสื่อมโทรม)
4421,2025-02-21,2568,2,ฤดูแล้ง,BNH08,ลำห้วย (Tributary),เมืองสกลนคร,7.45,26.2,422.0,2.65,8.71,40.4,1.713,3.275,2.211,13971,3604,40.0,C (พอใช้)
4422,2025-06-28,2568,6,ฤดูฝน,NHK04,หนองหาร (Lake),เชียงเครือ,7.15,30.0,234.0,7.3,0.3,9.2,0.041,0.728,0.348,1810,745,88.1,A (ดีมาก)
4423,2025-02-11,2568,2,ฤดูแล้ง,NHK08,หนองหาร (Lake),นาตงวัฒนา,6.73,25.3,138.0,8.38,2.03,4.0,0.121,0.91,0.161,1951,1004,92.7,A (ดีมาก)
4424,2025-11-24,2568,11,ฤดูแล้ง,BNH05,ลำห้วย (Tributary),ม่วงลาย,6.81,25.7,361.0,5.34,3.68,23.4,0.852,2.213,1.153,24223,5369,65.7,B (ดี)
4425,2025-01-17,2568,1,ฤดูแล้ง,NHK03,หนองหาร (Lake),ฮางโฮง,7.1,23.8,151.0,8.15,3.17,17.8,0.195,1.421,0.444,1092,418,88.1,A (ดีมาก)
4426,2024-07-22,2567,7,ฤดูฝน,BNH06,ลำห้วย (Tributary),เหล่าปอแดง,7.36,30.7,339.0,6.1,3.0,19.5,0.418,2.089,1.135,11171,3800,72.1,B (ดี)
4427,2025-04-23,2568,4,ฤดูแล้ง,NHK06,หนองหาร (Lake),บ้านแป้น,7.72,27.2,265.0,7.68,1.83,14.1,0.21,0.699,0.34,1003,218,88.9,A (ดีมาก)
4428,2025-01-28,2568,1,ฤดูแล้ง,NHK05,หนองหาร (Lake),ท่าแร่,7.91,25.0,269.0,6.48,0.3,4.0,0.428,0.762,0.211,3430,688,82.8,A (ดีมาก)
4429,2025-03-02,2568,3,ฤดูแล้ง,NHK07,หนองหาร (Lake),บ้านแป้น,7.24,26.5,285.0,8.32,1.09,17.4,0.324,0.62,0.355,1481,624,91.3,A (ดีมาก)
4430,2024-08-20,2567,8,ฤดูฝน,BNH06,ลำห้วย (Tributary),เหล่าปอแดง,6.84,32.9,328.0,6.03,3.32,9.2,0.498,2.224,1.072,8432,1686,71.2,B (ดี)
4431,2025-01-22,2568,1,ฤดูแล้ง,NHK04,หนองหาร (Lake),เชียงเครือ,7.59,25.9,178.0,6.9,1.84,14.5,0.324,0.654,0.183,3868,1699,85.7,A (ดีมาก)
4432,2024-08-08,2567,8,ฤดูฝน,NHK10,หนองหาร (Lake),งิ้วด่อน,7.75,31.3,175.0,7.03,0.3,4.0,0.01,0.623,0.21,2903,1498,88.1,A (ดีมาก)
4433,2025-07-17,2568,7,ฤดูฝน,BNH05,ลำห้วย (Tributary),ม่วงลาย,7.33,31.8,234.0,5.05,2.94,14.4,0.446,2.176,1.296,28157,13247,66.2,B (ดี)
4434,2024-01-15,2567,1,ฤดูแล้ง,NHK05,หนองหาร (Lake),ท่าแร่,7.09,23.2,266.0,6.72,1.52,6.3,0.195,0.765,0.402,11964,6663,84.2,A (ดีมาก)
4435,2024-02-26,2567,2,ฤดูแล้ง,BNH05,ลำห้วย (Tributary),ม่วงลาย,7.09,25.1,290.0,5.01,4.37,24.3,1.156,2.12,1.335,26461,9261,61.9,B (ดี)
4436,2024-11-18,2567,11,ฤดูแล้ง,NHK03,หนองหาร (Lake),ฮางโฮง,7.25,25.3,242.0,6.22,2.3,14.8,0.666,0.727,0.508,796,250,78.9,B (ดี)
4437,2025-11-02,2568,11,ฤดูแล้ง,BNH01,ลำห้วย (Tributary),ธาตุนาเวง,6.87,27.3,337.0,4.08,5.83,29.5,1.673,3.116,2.173,45279,12953,47.3,C (พอใช้)
4438,2024-11-05,2567,11,ฤดูแล้ง,NHK08,หนองหาร (Lake),นาตงวัฒนา,7.44,26.2,303.0,6.1,0.3,4.0,0.734,0.749,0.15,3774,1328,79.7,B (ดี)
4439,2024-01-23,2567,1,ฤดูแล้ง,NHK03,หนองหาร (Lake),ฮางโฮง,7.16,25.0,274.0,6.25,2.74,9.6,0.616,0.989,0.517,1863,559,78.4,B (ดี)
4440,2025-01-01,2568,1,ฤดูแล้ง,BNH08,ลำห้วย (Tributary),เมืองสกลนคร,7.3,24.8,416.0,2.78,7.56,29.6,1.508,3.356,2.155,56951,17776,41.8,C (พอใช้)
4441,2024-05-02,2567,5,ฤดูแล้ง,BNH04,ลำห้วย (Tributary),นาแก้ว,6.87,29.3,381.0,3.02,8.06,38.0,1.559,3.209,2.517,29704,13211,41.2,C (พอใช้)
4442,2024-12-21,2567,12,ฤดูแล้ง,NHK02,หนองหาร (Lake),ธาตุนาเวง,6.64,26.0,294.0,5.02,3.34,4.0,1.049,1.863,1.263,26631,14207,63.8,B (ดี)
4443,2025-11-02,2568,11,ฤดูแล้ง,BNH07,ลำห้วย (Tributary),งิ้วด่อน,7.11,25.5,246.0,6.05,4.56,15.6,0.605,1.933,1.3,6893,4003,70.5,B (ดี)
4444,2024-04-11,2567,4,ฤดูแล้ง,BNH08,ลำห้วย (Tributary),เมืองสกลนคร,6.74,29.0,451.0,3.8,6.54,27.7,1.607,3.6,2.444,97798,53457,43.5,C (พอใช้)
4445,2024-09-23,2567,9,ฤดูฝน,NHK08,หนองหาร (Lake),นาตงวัฒนา,7.16,31.4,209.0,7.73,0.3,4.0,0.01,1.046,0.229,3980,1379,89.7,A (ดีมาก)
4446,2024-06-16,2567,6,ฤดูฝน,BNH05,ลำห้วย (Tributary),ม่วงลาย,7.82,31.1,306.0,6.03,5.22,19.6,0.512,3.48,1.078,6348,3732,66.9,B (ดี)
4447,2025-09-29,2568,9,ฤดูฝน,NHK10,หนองหาร (Lake),งิ้วด่อน,6.97,29.0,184.0,7.07,1.04,10.6,0.3,0.932,0.295,1243,518,85.1,A (ดีมาก)
4448,2024-12-23,2567,12,ฤดูแล้ง,BNH03,ลำห้วย (Tributary),ท่าแร่,7.45,25.9,323.0,2.81,6.74,31.1,1.562,3.408,2.3,90671,21364,40.7,C (พอใช้)
4449,2024-02-24,2567,2,ฤดูแล้ง,BNH05,ลำห้วย (Tributary),ม่วงลาย,7.58,24.0,369.0,5.34,3.38,11.4,0.608,2.855,1.291,33638,15233,64.3,B (ดี)
4450,2024-05-17,2567,5,ฤดูแล้ง,BNH02,ลำห้วย (Tributary),เชียงเครือ,6.84,30.1,387.0,6.01,3.17,15.4,0.756,2.2,1.888,14554,7968,65.6,B (ดี)
4451,2025-01-25,2568,1,ฤดูแล้ง,BNH05,ลำห้วย (Tributary),ม่วงลาย,7.38,23.6,364.0,5.71,3.61,13.0,0.783,2.617,1.1,5311,1923,66.7,B (ดี)
4452,2025-08-13,2568,8,ฤดูฝน,NHK01,หนองหาร (Lake),เมืองสกลนคร,7.47,31.6,161.0,7.56,1.45,4.6,0.01,0.621,0.271,3441,804,90.1,A (ดีมาก)
4453,2024-07-16,2567,7,ฤดูฝน,NHK09,หนองหาร (Lake),เหล่าปอแดง,7.63,30.8,225.0,7.01,0.3,6.4,0.01,0.975,0.336,12206,6429,86.2,A (ดีมาก)
4454,2024-02-05,2567,2,ฤดูแล้ง,BNH05,ลำห้วย (Tributary),ม่วงลาย,7.29,24.5,290.0,5.31,1.91,4.0,0.882,1.985,1.367,55506,26045,65.1,B (ดี)
4455,2025-03-27,2568,3,ฤดูแล้ง,NHK06,หนองหาร (Lake),บ้านแป้น,6.68,24.8,301.0,8.17,0.3,4.0,0.162,1.236,0.183,1480,459,90.4,A (ดีมาก)
4456,2024-04-10,2567,4,ฤดูแล้ง,NHK05,หนองหาร (Lake),ท่าแร่,7.59,26.2,271.0,5.97,3.26,23.7,0.196,1.269,0.937,2173,1085,76.5,B (ดี)
4457,2025-03-31,2568,3,ฤดูแล้ง,BNH07,ลำห้วย (Tributary),งิ้วด่อน,7.53,26.3,289.0,3.87,4.71,23.0,0.605,2.002,1.37,16276,8265,60.2,B (ดี)
4458,2025-01-04,2568,1,ฤดูแล้ง,NHK07,หนองหาร (Lake),บ้านแป้น,6.76,24.4,230.0,7.36,1.31,4.0,0.236,1.265,0.999,9906,3648,82.2,A (ดีมาก)
4459,2024-10-21,2567,10,ฤดูฝน,BNH08,ลำห้วย (Tributary),เมืองสกลนคร,6.91,26.9,387.0,5.29,7.58,29.9,1.371,3.328,2.297,62127,32086,53.1,C (พอใช้)
4460,2024-02-21,2567,2,ฤดูแล้ง,NHK05,หนองหาร (Lake),ท่าแร่,6.75,26.1,259.0,7.43,2.58,4.0,0.131,1.425,0.856,7580,3082,83.3,A (ดีมาก)
4461,2025-06-16,2568,6,ฤดูฝน,BNH08,ลำห้วย (Tributary),เมืองสกลนคร,6.33,28.3,373.0,3.01,5.81,25.5,1.442,3.626,2.175,57898,33748,42.2,C (พอใช้)
4462,2024-02-15,2567,2,ฤดูแล้ง,NHK02,หนองหาร (Lake),ธาตุนาเวง,6.55,25.4,289.0,4.55,3.41,13.7,1.021,3.138,1.264,15014,4608,57.6,C (พอใช้)
4463,2025-08-02,2568,8,ฤดูฝน,NHK08,หนองหาร (Lake),นาตงวัฒนา,7.47,29.6,179.0,8.28,2.23,7.1,0.061,1.739,1.002,1379,583,85.6,A (ดีมาก)
4464,2025-01-09,2568,1,ฤดูแล้ง,NHK05,หนองหาร (Lake),ท่าแร่,7.17,24.0,261.0,6.07,0.3,4.0,0.107,1.966,0.507,5089,2467,77.3,B (ดี)
4465,2024-03-07,2567,3,ฤดูแล้ง,NHK09,หนองหาร (Lake),เหล่าปอแดง,6.82,25.9,261.0,6.35,1.16,4.0,0.381,0.784,0.314,9467,2037,81.9,A (ดีมาก)
4466,2024-01-28,2567,1,ฤดูแล้ง,NHK08,หนองหาร (Lake),นาตงวัฒนา,7.92,24.2,206.0,6.53,2.24,16.0,0.121,0.808,0.433,3423,1864,83.4,A (ดีมาก)
4467,2025-05-29,2568,5,ฤดูแล้ง,BNH06,ลำห้วย (Tributary),เหล่าปอแดง,7.54,29.0,310.0,6.08,3.49,16.4,0.604,1.976,1.058,4608,2477,71.7,B (ดี)
4468,2025-02-21,2568,2,ฤดูแล้ง,BNH03,ลำห้วย (Tributary),ท่าแร่,6.63,25.1,318.0,3.78,7.28,32.4,1.609,3.722,2.214,37242,21358,44.1,C (พอใช้)
4469,2024-03-13,2567,3,ฤดูแล้ง,NHK08,หนองหาร (Lake),นาตงวัฒนา,6.96,25.4,159.0,7.18,0.48,4.0,0.135,1.03,0.241,5042,2311,86.5,A (ดีมาก)
4470,2024-07-06,2567,7,ฤดูฝน,BNH03,ลำห้วย (Tributary),ท่าแร่,7.38,29.8,370.0,4.05,5.71,16.7,1.518,3.604,2.182,58087,12590,46.4,C (พอใช้)
4471,2024-08-23,2567,8,ฤดูฝน,NHK03,หนองหาร (Lake),ฮางโฮง,7.68,32.0,222.0,7.46,1.71,15.8,0.059,0.64,0.442,4794,1403,88.5,A (ดีมาก)
4472,2024-03-24,2567,3,ฤดูแล้ง,NHK07,หนองหาร (Lake),บ้านแป้น,7.3,25.2,224.0,6.51,0.3,4.0,0.118,0.726,0.569,3387,801,83.0,A (ดีมาก)
4473,2024-10-04,2567,10,ฤดูฝน,BNH07,ลำห้วย (Tributary),งิ้วด่อน,6.92,28.7,301.0,5.48,1.81,14.5,0.435,2.75,1.28,14008,4018,66.3,B (ดี)
4474,2025-07-28,2568,7,ฤดูฝน,NHK01,หนองหาร (Lake),เมืองสกลนคร,6.68,31.8,280.0,7.61,1.36,7.4,0.01,2.02,0.279,1716,994,85.6,A (ดีมาก)
4475,2025-05-16,2568,5,ฤดูแล้ง,NHK09,หนองหาร (Lake),เหล่าปอแดง,6.7,31.1,234.0,6.67,2.26,14.6,0.537,1.53,0.161,4151,1920,80.7,A (ดีมาก)
4476,2024-06-11,2567,6,ฤดูฝน,BNH02,ลำห้วย (Tributary),เชียงเครือ,7.24,29.3,376.0,5.52,2.96,11.1,0.691,2.793,1.143,12136,3875,65.6,B (ดี)
4477,2025-12-30,2568,12,ฤดูแล้ง,BNH07,ลำห้วย (Tributary),งิ้วด่อน,7.66,28.1,346.0,4.26,3.67,22.4,0.61,1.976,1.064,14030,6630,63.5,B (ดี)
4478,2024-08-23,2567,8,ฤดูฝน,NHK01,หนองหาร (Lake),เมืองสกลนคร,7.06,31.2,260.0,7.35,1.61,10.6,0.047,1.225,0.338,3074,1006,86.6,A (ดีมาก)
4479,2025-03-10,2568,3,ฤดูแล้ง,BNH06,ลำห้วย (Tributary),เหล่าปอแดง,7.17,25.8,269.0,5.78,4.47,16.6,0.713,2.448,1.544,14624,7905,65.7,B (ดี)
4480,2024-05-16,2567,5,ฤดูแล้ง,NHK09,หนองหาร (Lake),เหล่าปอแดง,6.66,27.7,220.0,7.73,0.3,4.0,0.161,0.607,0.283,3042,1432,90.0,A (ดีมาก)
4481,2024-08-10,2567,8,ฤดูฝน,BNH01,ลำห้วย (Tributary),ธาตุนาเวง,6.58,32.1,396.0,3.85,7.22,28.5,1.381,3.429,2.44,19201,8813,45.6,C (พอใช้)
4482,2024-05-31,2567,5,ฤดูแล้ง,BNH08,ลำห้วย (Tributary),เมืองสกลนคร,6.77,30.2,409.0,2.3,7.56,39.2,1.528,3.935,2.327,11695,4234,36.7,D (เสื่อมโทรม)
4483,2024-01-24,2567,1,ฤดูแล้ง,NHK07,หนองหาร (Lake),บ้านแป้น,7.03,24.1,191.0,6.12,1.49,4.8,0.499,0.616,0.151,3869,1346,81.6,A (ดีมาก)
4484,2024-12-21,2567,12,ฤดูแล้ง,BNH07,ลำห้วย (Tributary),งิ้วด่อน,7.22,25.2,323.0,5.94,4.2,22.6,0.619,2.513,1.261,22916,11704,68.2,B (ดี)
4485,2025-09-30,2568,9,ฤดูฝน,NHK03,หนองหาร (Lake),ฮางโฮง,7.55,28.4,236.0,8.26,0.55,14.7,0.195,0.633,0.216,4653,1951,92.4,A (ดีมาก)
4486,2025-03-31,2568,3,ฤดูแล้ง,BNH07,ลำห้วย (Tributary),งิ้วด่อน,6.74,27.4,293.0,3.75,4.33,18.5,0.638,2.316,1.115,8298,3370,59.7,C (พอใช้)
4487,2024-03-17,2567,3,ฤดูแล้ง,BNH07,ลำห้วย (Tributary),งิ้วด่อน,7.08,25.2,277.0,5.94,4.05,25.3,0.717,2.619,1.412,22974,12094,66.5,B (ดี)
4488,2024-08-25,2567,8,ฤดูฝน,BNH02,ลำห้วย (Tributary),เชียงเครือ,6.86,30.5,312.0,5.82,3.56,11.5,0.519,1.902,1.326,10565,4201,69.9,B (ดี)
4489,2025-12-26,2568,12,ฤดูแล้ง,BNH07,ลำห้วย (Tributary),งิ้วด่อน,7.15,25.0,374.0,4.98,3.76,14.5,0.824,3.108,1.36,26908,12061,60.3,B (ดี)
4490,2025-10-22,2568,10,ฤดูฝน,BNH06,ลำห้วย (Tributary),เหล่าปอแดง,7.57,27.3,278.0,6.46,2.67,21.4,0.456,2.072,1.364,12613,7232,72.4,B (ดี)
4491,2025-11-05,2568,11,ฤดูแล้ง,NHK05,หนองหาร (Lake),ท่าแร่,7.08,25.7,229.0,6.8,2.18,9.8,0.193,0.611,0.232,7420,4195,85.9,A (ดีมาก)
4492,2025-10-04,2568,10,ฤดูฝน,BNH06,ลำห้วย (Tributary),เหล่าปอแดง,6.48,26.9,360.0,6.02,3.46,29.1,0.484,1.936,1.224,8552,3263,71.4,B (ดี)
4493,2024-04-29,2567,4,ฤดูแล้ง,NHK08,หนองหาร (Lake),นาตงวัฒนา,7.99,30.0,229.0,6.62,1.77,4.0,0.24,0.673,0.284,2064,896,84.4,A (ดีมาก)
4494,2024-01-29,2567,1,ฤดูแล้ง,NHK01,หนองหาร (Lake),เมืองสกลนคร,7.27,25.3,212.0,5.19,0.3,4.0,0.126,0.911,0.667,1448,568,76.0,B (ดี)
4495,2024-12-03,2567,12,ฤดูแล้ง,BNH07,ลำห้วย (Tributary),งิ้วด่อน,7.17,26.1,340.0,4.75,3.45,15.5,0.619,1.934,1.178,6427,3153,65.3,B (ดี)
4496,2025-05-16,2568,5,ฤดูแล้ง,BNH03,ลำห้วย (Tributary),ท่าแร่,6.86,28.3,422.0,3.02,7.44,31.0,1.735,3.438,2.179,49159,22119,41.2,C (พอใช้)
4497,2024-07-16,2567,7,ฤดูฝน,NHK05,หนองหาร (Lake),ท่าแร่,7.44,30.9,335.0,7.54,0.81,9.2,0.18,0.795,0.385,2528,1133,87.9,A (ดีมาก)
4498,2024-09-05,2567,9,ฤดูฝน,BNH07,ลำห้วย (Tributary),งิ้วด่อน,7.94,28.4,366.0,6.93,3.18,14.6,0.643,2.155,1.372,7354,3421,73.1,B (ดี)
4499,2025-09-16,2568,9,ฤดูฝน,BNH04,ลำห้วย (Tributary),นาแก้ว,6.39,30.4,358.0,3.92,7.01,36.2,1.563,3.784,2.331,77061,39203,44.2,C (พอใช้)
4500,2025-03-08,2568,3,ฤดูแล้ง,BNH03,ลำห้วย (Tributary),ท่าแร่,6.4,25.5,374.0,3.98,5.87,34.2,1.566,3.352,2.361,6213,2978,45.7,C (พอใช้)
4501,2025-12-21,2568,12,ฤดูแล้ง,BNH05,ลำห้วย (Tributary),ม่วงลาย,6.78,25.1,326.0,5.76,4.43,30.0,0.979,2.438,1.313,9972,5716,65.3,B (ดี)
4502,2024-06-26,2567,6,ฤดูฝน,NHK10,หนองหาร (Lake),งิ้วด่อน,7.13,30.5,183.0,8.22,0.3,4.3,0.227,0.903,0.811,1020,316,88.2,A (ดีมาก)
4503,2024-02-23,2567,2,ฤดูแล้ง,NHK04,หนองหาร (Lake),เชียงเครือ,7.03,24.9,226.0,6.6,2.26,9.4,0.17,0.729,0.21,1818,470,84.9,A (ดีมาก)
4504,2024-10-06,2567,10,ฤดูฝน,NHK02,หนองหาร (Lake),ธาตุนาเวง,6.93,28.6,343.0,4.79,4.28,19.9,0.81,2.176,1.34,9505,2372,62.7,B (ดี)
4505,2025-04-11,2568,4,ฤดูแล้ง,NHK09,หนองหาร (Lake),เหล่าปอแดง,6.6,28.3,133.0,6.21,1.18,9.6,0.105,0.728,0.22,4867,2748,83.5,A (ดีมาก)
4506,2025-08-20,2568,8,ฤดูฝน,NHK09,หนองหาร (Lake),เหล่าปอแดง,7.46,30.9,270.0,8.69,0.51,4.0,0.01,0.703,0.212,2232,596,95.2,A (ดีมาก)
4507,2024-06-16,2567,6,ฤดูฝน,BNH02,ลำห้วย (Tributary),เชียงเครือ,7.15,30.9,234.0,6.02,3.66,12.6,0.519,2.197,1.327,14498,4665,69.8,B (ดี)
4508,2024-05-11,2567,5,ฤดูแล้ง,NHK02,หนองหาร (Lake),ธาตุนาเวง,7.32,29.3,291.0,4.77,2.99,12.4,1.257,1.821,2.021,13432,5551,57.9,C (พอใช้)
4509,2025-10-10,2568,10,ฤดูฝน,BNH01,ลำห้วย (Tributary),ธาตุนาเวง,6.97,29.8,396.0,3.53,7.55,39.1,1.699,3.611,2.158,41652,15511,43.1,C (พอใช้)
4510,2024-05-20,2567,5,ฤดูแล้ง,NHK10,หนองหาร (Lake),งิ้วด่อน,7.34,27.8,282.0,7.55,2.01,13.7,0.214,0.608,0.243,2990,910,89.1,A (ดีมาก)
4511,2025-02-23,2568,2,ฤดูแล้ง,NHK04,หนองหาร (Lake),เชียงเครือ,6.73,24.3,261.0,6.36,0.77,4.0,0.229,0.622,0.414,4703,2738,82.8,A (ดีมาก)
4512,2024-06-18,2567,6,ฤดูฝน,NHK09,หนองหาร (Lake),เหล่าปอแดง,7.33,30.0,186.0,6.67,0.3,5.5,0.116,1.512,0.864,5258,2384,79.6,B (ดี)
4513,2025-03-15,2568,3,ฤดูแล้ง,NHK05,หนองหาร (Lake),ท่าแร่,7.32,25.0,180.0,7.53,1.02,8.3,0.867,0.953,0.465,2220,952,83.0,A (ดีมาก)
4514,2024-01-24,2567,1,ฤดูแล้ง,BNH08,ลำห้วย (Tributary),เมืองสกลนคร,7.12,25.0,355.0,3.65,7.45,34.3,1.503,3.594,2.461,30291,14911,43.4,C (พอใช้)
4515,2024-03-10,2567,3,ฤดูแล้ง,NHK08,หนองหาร (Lake),นาตงวัฒนา,7.06,27.3,196.0,5.6,1.49,6.9,0.27,1.108,0.745,2587,900,75.9,B (ดี)
4516,2025-07-29,2568,7,ฤดูฝน,NHK04,หนองหาร (Lake),เชียงเครือ,7.19,28.9,296.0,8.28,1.1,14.5,0.01,0.829,0.234,2838,878,92.8,A (ดีมาก)
4517,2024-08-19,2567,8,ฤดูฝน,BNH05,ลำห้วย (Tributary),ม่วงลาย,7.47,29.5,371.0,6.31,2.46,18.0,0.789,2.014,1.062,14929,5200,71.5,B (ดี)
4518,2024-08-06,2567,8,ฤดูฝน,BNH08,ลำห้วย (Tributary),เมืองสกลนคร,7.18,30.7,426.0,3.47,6.34,31.3,1.459,3.166,2.432,36738,11728,44.4,C (พอใช้)
4519,2025-07-05,2568,7,ฤดูฝน,BNH02,ลำห้วย (Tributary),เชียงเครือ,7.31,30.9,396.0,6.53,4.32,24.8,0.441,2.069,1.052,47553,21748,74.3,B (ดี)
4520,2024-12-27,2567,12,ฤดูแล้ง,NHK02,หนองหาร (Lake),ธาตุนาเวง,7.44,23.6,223.0,4.6,5.14,25.7,1.031,1.853,1.284,14894,3808,62.0,B (ดี)
4521,2024-05-23,2567,5,ฤดูแล้ง,BNH01,ลำห้วย (Tributary),ธาตุนาเวง,6.61,31.7,394.0,2.43,6.49,14.9,1.616,4.359,2.238,45530,22663,35.8,D (เสื่อมโทรม)
4522,2024-09-03,2567,9,ฤดูฝน,NHK05,หนองหาร (Lake),ท่าแร่,7.86,29.6,178.0,7.9,1.01,6.6,0.01,0.927,0.591,17553,5073,89.0,A (ดีมาก)
4523,2025-09-05,2568,9,ฤดูฝน,NHK05,หนองหาร (Lake),ท่าแร่,6.66,31.5,302.0,7.55,1.0,11.6,0.035,0.651,0.26,2503,719,89.9,A (ดีมาก)
4524,2024-02-10,2567,2,ฤดูแล้ง,NHK09,หนองหาร (Lake),เหล่าปอแดง,7.47,26.8,242.0,5.85,1.3,11.9,0.253,0.792,0.443,5519,1680,79.7,B (ดี)
4525,2025-03-03,2568,3,ฤดูแล้ง,BNH08,ลำห้วย (Tributary),เมืองสกลนคร,6.86,28.0,365.0,4.22,5.84,17.1,1.912,3.256,2.172,21336,7014,46.1,C (พอใช้)
4526,2025-01-21,2568,1,ฤดูแล้ง,BNH06,ลำห้วย (Tributary),เหล่าปอแดง,7.86,24.0,374.0,4.77,4.12,21.0,0.695,2.355,1.182,5499,2042,63.5,B (ดี)
4527,2025-03-11,2568,3,ฤดูแล้ง,NHK06,หนองหาร (Lake),บ้านแป้น,7.25,26.0,219.0,5.82,0.96,4.0,0.134,0.749,0.225,1199,623,81.5,A (ดีมาก)
4528,2025-11-20,2568,11,ฤดูแล้ง,BNH08,ลำห้วย (Tributary),เมืองสกลนคร,6.52,27.3,388.0,2.76,8.95,37.5,1.672,3.498,2.159,23018,11992,40.2,C (พอใช้)
4529,2025-09-07,2568,9,ฤดูฝน,NHK03,หนองหาร (Lake),ฮางโฮง,6.59,29.8,235.0,7.8,1.92,4.0,0.133,1.24,0.206,2110,1208,88.7,A (ดีมาก)
4530,2024-07-16,2567,7,ฤดูฝน,BNH04,ลำห้วย (Tributary),นาแก้ว,7.23,31.1,365.0,3.62,6.27,33.6,1.387,4.133,2.181,12704,7340,43.5,C (พอใช้)
4531,2024-03-27,2567,3,ฤดูแล้ง,NHK03,หนองหาร (Lake),ฮางโฮง,7.58,25.4,280.0,8.35,1.34,4.0,0.448,0.631,0.513,3357,1961,89.9,A (ดีมาก)
4532,2025-08-11,2568,8,ฤดูฝน,NHK01,หนองหาร (Lake),เมืองสกลนคร,6.94,29.1,296.0,7.26,1.24,5.3,0.091,0.824,0.195,1966,588,88.0,A (ดีมาก)
4533,2025-06-26,2568,6,ฤดูฝน,NHK05,หนองหาร (Lake),ท่าแร่,7.19,29.5,229.0,8.01,1.19,7.0,0.01,0.674,0.233,3204,948,92.1,A (ดีมาก)
4534,2025-04-26,2568,4,ฤดูแล้ง,NHK09,หนองหาร (Lake),เหล่าปอแดง,7.17,28.4,190.0,6.73,0.82,4.8,0.463,0.7,0.58,1833,711,82.0,A (ดีมาก)
4535,2025-04-18,2568,4,ฤดูแล้ง,NHK10,หนองหาร (Lake),งิ้วด่อน,7.23,27.2,210.0,5.91,0.3,4.3,0.328,1.772,0.25,3993,1122,77.2,B (ดี)
4536,2024-12-26,2567,12,ฤดูแล้ง,NHK07,หนองหาร (Lake),บ้านแป้น,7.12,25.8,262.0,5.97,2.36,7.8,0.227,0.632,1.514,1759,886,75.6,B (ดี)
4537,2024-09-18,2567,9,ฤดูฝน,NHK07,หนองหาร (Lake),บ้านแป้น,7.4,31.6,174.0,6.86,0.3,12.4,0.01,1.144,0.322,966,407,85.0,A (ดีมาก)
4538,2024-07-31,2567,7,ฤดูฝน,NHK06,หนองหาร (Lake),บ้านแป้น,6.97,32.0,232.0,8.01,0.49,4.0,0.01,0.971,0.29,797,367,90.9,A (ดีมาก)
4539,2025-01-04,2568,1,ฤดูแล้ง,BNH05,ลำห้วย (Tributary),ม่วงลาย,7.01,25.8,305.0,5.99,4.47,23.6,0.685,3.324,1.26,19423,6688,65.3,B (ดี)
4540,2025-07-15,2568,7,ฤดูฝน,NHK04,หนองหาร (Lake),เชียงเครือ,6.93,31.9,187.0,9.5,0.3,4.0,0.01,1.388,0.511,2367,603,95.0,A (ดีมาก)
4541,2025-09-25,2568,9,ฤดูฝน,NHK06,หนองหาร (Lake),บ้านแป้น,7.08,33.3,195.0,7.57,1.43,4.0,0.01,1.311,0.802,2565,993,85.2,A (ดีมาก)
4542,2025-07-07,2568,7,ฤดูฝน,NHK10,หนองหาร (Lake),งิ้วด่อน,7.27,29.4,162.0,7.99,2.04,7.4,0.01,0.664,0.204,3575,1134,92.2,A (ดีมาก)
4543,2025-10-05,2568,10,ฤดูฝน,BNH01,ลำห้วย (Tributary),ธาตุนาเวง,7.51,28.1,436.0,4.31,4.75,20.6,1.545,3.279,2.513,21142,10839,46.8,C (พอใช้)
4544,2024-01-05,2567,1,ฤดูแล้ง,NHK03,หนองหาร (Lake),ฮางโฮง,7.68,25.9,268.0,7.4,2.37,13.0,0.185,0.699,0.208,17531,4591,88.4,A (ดีมาก)
4545,2024-08-14,2567,8,ฤดูฝน,NHK08,หนองหาร (Lake),นาตงวัฒนา,7.31,29.8,201.0,6.96,1.54,4.9,0.01,1.222,0.592,3153,1611,83.9,A (ดีมาก)
4546,2024-06-24,2567,6,ฤดูฝน,BNH05,ลำห้วย (Tributary),ม่วงลาย,7.21,30.8,318.0,7.14,3.35,8.6,0.416,2.149,1.574,11152,2526,74.3,B (ดี)
4547,2025-01-02,2568,1,ฤดูแล้ง,BNH08,ลำห้วย (Tributary),เมืองสกลนคร,6.7,24.7,356.0,3.31,6.97,32.6,1.5,3.179,2.74,20626,4912,41.8,C (พอใช้)
4548,2024-08-05,2567,8,ฤดูฝน,BNH04,ลำห้วย (Tributary),นาแก้ว,6.68,29.5,360.0,5.18,6.9,31.0,1.475,3.644,2.173,49946,27679,51.6,C (พอใช้)
4549,2025-04-07,2568,4,ฤดูแล้ง,NHK03,หนองหาร (Lake),ฮางโฮง,6.61,28.6,182.0,6.28,2.18,9.2,0.178,0.991,0.225,13676,5110,82.5,A (ดีมาก)
4550,2025-05-24,2568,5,ฤดูแล้ง,BNH08,ลำห้วย (Tributary),เมืองสกลนคร,6.27,29.5,366.0,3.51,7.29,30.8,1.575,3.692,2.822,31520,9168,40.2,C (พอใช้)
4551,2025-04-04,2568,4,ฤดูแล้ง,BNH07,ลำห้วย (Tributary),งิ้วด่อน,7.16,27.3,283.0,4.65,3.3,12.7,0.626,1.953,1.063,14687,3483,65.3,B (ดี)
4552,2024-05-20,2567,5,ฤดูแล้ง,BNH04,ลำห้วย (Tributary),นาแก้ว,6.57,29.0,428.0,4.44,7.06,36.3,2.091,3.214,3.081,23506,12075,41.6,C (พอใช้)
4553,2025-10-31,2568,10,ฤดูฝน,BNH06,ลำห้วย (Tributary),เหล่าปอแดง,6.94,28.5,257.0,5.84,4.38,20.5,0.463,2.057,1.176,9404,1902,70.6,B (ดี)
4554,2025-04-09,2568,4,ฤดูแล้ง,NHK05,หนองหาร (Lake),ท่าแร่,7.52,27.3,251.0,5.88,2.36,20.6,0.145,1.502,0.173,943,204,79.4,B (ดี)
4555,2024-03-10,2567,3,ฤดูแล้ง,NHK02,หนองหาร (Lake),ธาตุนาเวง,7.19,27.4,305.0,4.68,3.01,17.5,1.237,2.124,1.268,20690,11419,60.3,B (ดี)
4556,2025-09-07,2568,9,ฤดูฝน,NHK09,หนองหาร (Lake),เหล่าปอแดง,7.48,27.8,234.0,7.58,1.3,4.0,0.01,0.613,0.422,1731,671,89.5,A (ดีมาก)
4557,2024-03-17,2567,3,ฤดูแล้ง,NHK07,หนองหาร (Lake),บ้านแป้น,6.85,25.9,249.0,6.21,2.56,15.1,0.161,0.971,0.393,1196,597,81.5,A (ดีมาก)
4558,2025-01-29,2568,1,ฤดูแล้ง,NHK04,หนองหาร (Lake),เชียงเครือ,6.85,25.8,282.0,7.56,1.96,7.1,0.261,0.621,0.466,1516,375,87.7,A (ดีมาก)
4559,2025-11-15,2568,11,ฤดูแล้ง,BNH01,ลำห้วย (Tributary),ธาตุนาเวง,6.85,25.7,403.0,3.33,7.53,33.4,1.597,3.346,2.242,80568,43027,43.3,C (พอใช้)
4560,2025-04-23,2568,4,ฤดูแล้ง,NHK10,หนองหาร (Lake),งิ้วด่อน,7.28,29.2,260.0,6.83,0.46,4.0,0.487,0.772,1.424,928,396,77.9,B (ดี)
4561,2024-11-23,2567,11,ฤดูแล้ง,BNH06,ลำห้วย (Tributary),เหล่าปอแดง,7.1,24.5,313.0,3.87,4.69,20.6,0.857,2.416,1.325,11772,2701,57.6,C (พอใช้)
4562,2024-08-24,2567,8,ฤดูฝน,BNH06,ลำห้วย (Tributary),เหล่าปอแดง,7.16,29.0,284.0,6.4,3.04,9.1,0.427,2.099,1.303,8557,3996,72.5,B (ดี)
4563,2025-03-15,2568,3,ฤดูแล้ง,NHK01,หนองหาร (Lake),เมืองสกลนคร,6.86,26.0,182.0,6.61,2.15,4.7,0.366,0.727,0.179,11898,3496,83.9,A (ดีมาก)
4564,2025-07-15,2568,7,ฤดูฝน,NHK03,หนองหาร (Lake),ฮางโฮง,7.33,31.0,239.0,7.53,1.26,6.8,0.01,1.045,0.71,3037,1363,86.4,A (ดีมาก)
4565,2025-04-28,2568,4,ฤดูแล้ง,NHK10,หนองหาร (Lake),งิ้วด่อน,7.06,27.2,221.0,6.48,1.74,4.0,0.184,1.063,0.22,1323,357,83.1,A (ดีมาก)
4566,2024-07-12,2567,7,ฤดูฝน,NHK10,หนองหาร (Lake),งิ้วด่อน,7.32,32.9,317.0,8.58,1.1,4.0,0.028,1.032,0.173,2059,597,93.7,A (ดีมาก)
4567,2025-02-05,2568,2,ฤดูแล้ง,BNH02,ลำห้วย (Tributary),เชียงเครือ,6.93,25.2,312.0,4.48,4.28,17.4,1.047,2.7,1.101,11936,5334,59.4,C (พอใช้)
4568,2025-08-17,2568,8,ฤดูฝน,NHK02,หนองหาร (Lake),ธาตุนาเวง,7.08,29.0,248.0,5.56,3.2,32.0,0.8,1.899,1.377,25031,12080,66.9,B (ดี)
4569,2025-09-17,2568,9,ฤดูฝน,NHK09,หนองหาร (Lake),เหล่าปอแดง,7.19,27.8,225.0,7.3,0.76,9.1,0.303,0.769,0.33,2200,462,86.5,A (ดีมาก)
4570,2025-06-16,2568,6,ฤดูฝน,BNH02,ลำห้วย (Tributary),เชียงเครือ,6.85,29.4,255.0,5.01,2.9,20.3,0.455,3.008,1.167,2484,1062,63.8,B (ดี)
4571,2025-05-25,2568,5,ฤดูแล้ง,NHK01,หนองหาร (Lake),เมืองสกลนคร,7.15,28.8,189.0,6.39,1.87,5.6,0.147,0.965,0.295,2170,1158,82.9,A (ดีมาก)
4572,2024-02-29,2567,2,ฤดูแล้ง,NHK02,หนองหาร (Lake),ธาตุนาเวง,6.74,24.3,320.0,5.31,3.83,12.0,1.274,2.024,1.469,20739,6473,62.2,B (ดี)
4573,2025-05-26,2568,5,ฤดูแล้ง,BNH08,ลำห้วย (Tributary),เมืองสกลนคร,7.58,28.9,361.0,3.74,7.43,29.5,1.788,3.494,2.252,27733,15252,43.5,C (พอใช้)
4574,2025-09-28,2568,9,ฤดูฝน,NHK06,หนองหาร (Lake),บ้านแป้น,7.52,30.5,165.0,7.65,1.06,4.0,0.135,0.699,0.206,8734,2293,89.8,A (ดีมาก)
4575,2024-07-31,2567,7,ฤดูฝน,BNH04,ลำห้วย (Tributary),นาแก้ว,6.96,29.4,375.0,4.52,5.0,18.2,1.42,3.281,2.311,61303,16671,49.5,C (พอใช้)
4576,2025-05-26,2568,5,ฤดูแล้ง,NHK05,หนองหาร (Lake),ท่าแร่,7.7,28.6,194.0,6.63,0.3,4.0,0.154,0.916,0.808,625,325,81.5,A (ดีมาก)
4577,2025-12-13,2568,12,ฤดูแล้ง,NHK05,หนองหาร (Lake),ท่าแร่,7.77,26.3,232.0,6.76,0.3,4.0,0.171,0.634,0.164,2948,1650,86.1,A (ดีมาก)
4578,2024-05-18,2567,5,ฤดูแล้ง,BNH08,ลำห้วย (Tributary),เมืองสกลนคร,6.98,30.4,354.0,2.16,6.71,24.0,1.512,3.19,3.162,17853,7517,34.5,D (เสื่อมโทรม)
4579,2025-01-28,2568,1,ฤดูแล้ง,NHK04,หนองหาร (Lake),เชียงเครือ,7.34,24.0,176.0,7.0,0.87,13.2,0.251,0.774,0.182,1095,356,86.2,A (ดีมาก)
4580,2025-04-13,2568,4,ฤดูแล้ง,NHK04,หนองหาร (Lake),เชียงเครือ,7.43,28.3,229.0,6.04,1.1,4.0,0.132,0.711,0.247,6193,2975,82.5,A (ดีมาก)
4581,2025-10-02,2568,10,ฤดูฝน,NHK02,หนองหาร (Lake),ธาตุนาเวง,7.49,26.8,345.0,4.86,4.98,20.4,0.99,1.883,1.335,8138,1684,63.0,B (ดี)
4582,2024-10-05,2567,10,ฤดูฝน,NHK01,หนองหาร (Lake),เมืองสกลนคร,7.21,28.5,252.0,8.06,1.57,4.0,0.311,0.775,0.456,3227,954,89.2,A (ดีมาก)
4583,2024-09-21,2567,9,ฤดูฝน,BNH06,ลำห้วย (Tributary),เหล่าปอแดง,7.67,29.7,349.0,5.26,2.44,20.3,0.511,2.047,2.083,10929,5431,63.2,B (ดี)
4584,2024-08-11,2567,8,ฤดูฝน,NHK01,หนองหาร (Lake),เมืองสกลนคร,7.14,29.5,251.0,7.6,0.94,4.0,0.015,0.642,1.201,3468,1474,85.5,A (ดีมาก)
4585,2025-09-18,2568,9,ฤดูฝน,NHK04,หนองหาร (Lake),เชียงเครือ,7.61,29.9,240.0,8.07,0.87,12.4,0.036,0.824,0.265,3601,2070,91.6,A (ดีมาก)
4586,2024-05-28,2567,5,ฤดูแล้ง,NHK02,หนองหาร (Lake),ธาตุนาเวง,6.89,30.7,237.0,3.36,4.98,24.9,1.048,1.943,1.315,4526,956,55.9,C (พอใช้)
4587,2025-11-19,2568,11,ฤดูแล้ง,NHK07,หนองหาร (Lake),บ้านแป้น,7.24,25.2,236.0,5.92,2.95,17.5,0.138,1.241,0.681,1608,670,78.0,B (ดี)
4588,2024-04-11,2567,4,ฤดูแล้ง,NHK05,หนองหาร (Lake),ท่าแร่,7.23,28.3,223.0,6.64,1.41,4.0,0.111,0.684,0.464,2793,1488,84.3,A (ดีมาก)
4589,2025-03-26,2568,3,ฤดูแล้ง,NHK04,หนองหาร (Lake),เชียงเครือ,6.57,26.5,235.0,8.13,1.12,4.0,0.113,0.697,0.179,1763,376,92.3,A (ดีมาก)
4590,2025-11-09,2568,11,ฤดูแล้ง,BNH07,ลำห้วย (Tributary),งิ้วด่อน,7.2,25.5,360.0,5.08,3.63,19.7,0.648,2.084,1.584,6050,1761,64.0,B (ดี)
4591,2025-04-02,2568,4,ฤดูแล้ง,NHK02,หนองหาร (Lake),ธาตุนาเวง,6.6,30.0,281.0,4.26,5.26,26.7,1.029,2.041,1.296,12013,5903,59.8,C (พอใช้)
4592,2025-02-21,2568,2,ฤดูแล้ง,NHK08,หนองหาร (Lake),นาตงวัฒนา,6.63,26.3,207.0,6.87,2.35,4.0,0.508,1.161,0.215,3638,1080,82.7,A (ดีมาก)
4593,2025-03-24,2568,3,ฤดูแล้ง,NHK10,หนองหาร (Lake),งิ้วด่อน,6.76,26.9,202.0,7.37,1.66,4.4,0.438,1.102,1.375,1050,444,79.7,B (ดี)
4594,2025-01-17,2568,1,ฤดูแล้ง,BNH07,ลำห้วย (Tributary),งิ้วด่อน,7.16,25.7,287.0,5.91,3.49,18.3,0.878,4.206,1.721,20111,7481,58.6,C (พอใช้)
4595,2024-11-17,2567,11,ฤดูแล้ง,BNH06,ลำห้วย (Tributary),เหล่าปอแดง,7.02,26.7,312.0,4.98,4.07,26.5,0.605,2.697,1.466,21659,9082,62.4,B (ดี)
4596,2024-10-03,2567,10,ฤดูฝน,BNH08,ลำห้วย (Tributary),เมืองสกลนคร,6.78,29.2,401.0,4.23,6.16,18.6,2.01,3.217,2.575,60248,18850,43.7,C (พอใช้)
4597,2025-10-20,2568,10,ฤดูฝน,NHK01,หนองหาร (Lake),เมืองสกลนคร,6.43,30.0,271.0,8.07,0.51,4.0,0.01,0.634,0.297,6792,2168,92.2,A (ดีมาก)
4598,2024-09-08,2567,9,ฤดูฝน,BNH07,ลำห้วย (Tributary),งิ้วด่อน,6.89,29.7,324.0,6.29,3.24,21.4,0.412,2.511,1.107,8815,2994,71.7,B (ดี)
4599,2024-09-03,2567,9,ฤดูฝน,NHK10,หนองหาร (Lake),งิ้วด่อน,7.22,29.7,264.0,7.4,0.58,13.5,0.027,1.06,0.215,2421,710,88.1,A (ดีมาก)
4600,2025-06-18,2568,6,ฤดูฝน,BNH06,ลำห้วย (Tributary),เหล่าปอแดง,6.87,30.7,300.0,6.08,4.04,13.3,0.415,2.011,1.439,41074,14135,70.7,B (ดี)
4601,2025-06-17,2568,6,ฤดูฝน,NHK04,หนองหาร (Lake),เชียงเครือ,7.13,30.1,289.0,8.26,0.3,4.0,0.01,1.141,0.254,3111,933,91.6,A (ดีมาก)
4602,2024-09-22,2567,9,ฤดูฝน,NHK04,หนองหาร (Lake),เชียงเครือ,7.23,31.0,232.0,9.16,1.17,9.1,0.01,1.094,0.388,1798,596,95.1,A (ดีมาก)
4603,2024-01-12,2567,1,ฤดูแล้ง,NHK06,หนองหาร (Lake),บ้านแป้น,6.62,25.2,236.0,6.73,1.57,10.5,0.468,0.748,0.582,4415,2221,81.8,A (ดีมาก)
4604,2024-06-24,2567,6,ฤดูฝน,BNH04,ลำห้วย (Tributary),นาแก้ว,7.01,31.9,439.0,4.74,6.17,30.9,1.86,3.381,2.827,41121,13248,45.0,C (พอใช้)
4605,2024-12-17,2567,12,ฤดูแล้ง,NHK08,หนองหาร (Lake),นาตงวัฒนา,7.48,25.0,204.0,7.3,1.45,8.1,0.236,0.82,0.436,6215,3680,86.2,A (ดีมาก)
4606,2025-05-15,2568,5,ฤดูแล้ง,NHK07,หนองหาร (Lake),บ้านแป้น,6.79,27.9,224.0,7.05,1.9,7.8,0.269,0.91,0.156,25359,6998,86.0,A (ดีมาก)
4607,2024-03-15,2567,3,ฤดูแล้ง,NHK04,หนองหาร (Lake),เชียงเครือ,7.17,26.4,189.0,7.97,0.3,4.0,0.147,0.807,0.337,2811,1102,90.2,A (ดีมาก)
4608,2024-01-26,2567,1,ฤดูแล้ง,NHK08,หนองหาร (Lake),นาตงวัฒนา,6.85,26.4,264.0,5.71,0.49,4.0,0.124,1.072,0.404,13005,5804,79.1,B (ดี)
4609,2025-04-25,2568,4,ฤดูแล้ง,BNH01,ลำห้วย (Tributary),ธาตุนาเวง,6.87,27.9,421.0,3.02,5.31,17.4,1.511,3.645,2.51,70407,15861,40.1,C (พอใช้)
4610,2025-07-28,2568,7,ฤดูฝน,NHK10,หนองหาร (Lake),งิ้วด่อน,7.77,29.1,201.0,8.09,0.3,4.0,0.047,0.661,0.324,4280,1775,91.9,A (ดีมาก)
4611,2025-09-11,2568,9,ฤดูฝน,BNH01,ลำห้วย (Tributary),ธาตุนาเวง,6.78,30.2,405.0,3.41,6.36,17.4,1.311,3.365,2.4,66165,28085,44.4,C (พอใช้)
4612,2025-09-28,2568,9,ฤดูฝน,BNH05,ลำห้วย (Tributary),ม่วงลาย,7.25,29.0,320.0,5.9,2.18,10.1,0.677,1.942,1.177,3585,1336,70.0,B (ดี)
4613,2024-02-02,2567,2,ฤดูแล้ง,NHK07,หนองหาร (Lake),บ้านแป้น,7.25,25.5,228.0,5.65,0.3,4.0,0.487,0.947,0.174,1669,923,78.3,B (ดี)
4614,2025-03-09,2568,3,ฤดูแล้ง,BNH04,ลำห้วย (Tributary),นาแก้ว,6.64,24.8,397.0,4.08,6.51,22.1,1.664,3.275,2.16,43991,15914,46.9,C (พอใช้)
4615,2024-06-07,2567,6,ฤดูฝน,BNH06,ลำห้วย (Tributary),เหล่าปอแดง,7.35,31.5,300.0,5.11,4.02,18.9,0.744,2.353,1.191,20595,10625,64.7,B (ดี)
4616,2025-08-06,2568,8,ฤดูฝน,NHK03,หนองหาร (Lake),ฮางโฮง,7.03,32.7,276.0,7.02,1.8,9.4,0.01,1.296,0.265,1496,469,85.5,A (ดีมาก)
4617,2024-05-20,2567,5,ฤดูแล้ง,BNH05,ลำห้วย (Tributary),ม่วงลาย,6.86,32.9,263.0,5.29,3.17,14.8,0.644,1.979,1.996,9722,4755,63.2,B (ดี)
4618,2025-09-21,2568,9,ฤดูฝน,NHK06,หนองหาร (Lake),บ้านแป้น,7.37,27.4,186.0,7.0,1.0,5.3,0.01,1.216,0.235,7225,4305,85.8,A (ดีมาก)
4619,2025-05-11,2568,5,ฤดูแล้ง,NHK05,หนองหาร (Lake),ท่าแร่,7.89,29.7,228.0,6.38,2.39,13.0,0.148,1.32,0.812,1570,423,79.1,B (ดี)
4620,2024-12-06,2567,12,ฤดูแล้ง,NHK10,หนองหาร (Lake),งิ้วด่อน,7.91,26.2,188.0,7.82,1.4,8.0,0.226,1.131,0.916,1599,734,85.1,A (ดีมาก)
4621,2024-05-04,2567,5,ฤดูแล้ง,BNH03,ลำห้วย (Tributary),ท่าแร่,7.55,31.4,420.0,2.74,6.27,25.0,1.601,3.214,2.462,36083,21035,40.0,C (พอใช้)
4622,2025-08-27,2568,8,ฤดูฝน,NHK10,หนองหาร (Lake),งิ้วด่อน,7.53,31.5,247.0,7.68,0.48,4.1,0.01,1.046,0.204,4541,2263,89.5,A (ดีมาก)
4623,2024-02-03,2567,2,ฤดูแล้ง,BNH01,ลำห้วย (Tributary),ธาตุนาเวง,7.31,27.4,341.0,2.48,8.22,34.3,1.816,3.592,2.312,23619,10995,37.1,D (เสื่อมโทรม)
4624,2025-10-23,2568,10,ฤดูฝน,BNH06,ลำห้วย (Tributary),เหล่าปอแดง,7.49,27.6,388.0,5.55,1.9,4.0,0.461,2.991,1.082,8480,4997,66.7,B (ดี)
4625,2025-11-01,2568,11,ฤดูแล้ง,BNH07,ลำห้วย (Tributary),งิ้วด่อน,7.52,25.6,328.0,5.23,2.72,18.0,0.705,2.181,1.193,9363,3329,66.0,B (ดี)
4626,2025-03-14,2568,3,ฤดูแล้ง,NHK03,หนองหาร (Lake),ฮางโฮง,6.31,24.5,265.0,7.04,1.87,5.9,0.303,1.35,0.271,3103,1594,83.7,A (ดีมาก)
4627,2024-04-21,2567,4,ฤดูแล้ง,BNH01,ลำห้วย (Tributary),ธาตุนาเวง,7.44,27.6,431.0,1.23,5.28,23.8,1.544,3.198,2.523,49927,12044,33.3,D (เสื่อมโทรม)
4628,2024-05-09,2567,5,ฤดูแล้ง,NHK10,หนองหาร (Lake),งิ้วด่อน,7.03,30.4,164.0,8.56,1.58,10.9,0.619,0.75,0.652,4916,2740,88.8,A (ดีมาก)
4629,2025-09-10,2568,9,ฤดูฝน,NHK07,หนองหาร (Lake),บ้านแป้น,7.09,30.0,245.0,8.89,1.43,6.1,0.016,1.91,0.199,2601,859,92.1,A (ดีมาก)
4630,2024-06-27,2567,6,ฤดูฝน,NHK03,หนองหาร (Lake),ฮางโฮง,7.21,31.7,185.0,6.72,2.83,8.2,0.221,0.854,0.166,1567,518,84.9,A (ดีมาก)
4631,2024-02-04,2567,2,ฤดูแล้ง,NHK04,หนองหาร (Lake),เชียงเครือ,7.65,26.1,273.0,7.25,0.6,11.3,0.101,0.646,0.352,1710,404,87.7,A (ดีมาก)
4632,2024-07-02,2567,7,ฤดูฝน,BNH04,ลำห้วย (Tributary),นาแก้ว,6.82,29.0,331.0,4.94,4.22,17.4,1.598,3.128,2.583,38640,19801,49.5,C (พอใช้)
4633,2025-05-15,2568,5,ฤดูแล้ง,NHK09,หนองหาร (Lake),เหล่าปอแดง,7.33,30.6,283.0,7.18,1.95,4.0,0.109,0.937,0.336,7471,4235,86.5,A (ดีมาก)
4634,2024-10-07,2567,10,ฤดูฝน,NHK03,หนองหาร (Lake),ฮางโฮง,7.66,28.8,208.0,8.24,0.52,8.8,0.01,1.316,0.164,1048,330,91.4,A (ดีมาก)
4635,2025-11-01,2568,11,ฤดูแล้ง,BNH08,ลำห้วย (Tributary),เมืองสกลนคร,6.57,26.2,458.0,3.64,8.16,34.5,1.567,3.334,2.324,121112,55188,44.5,C (พอใช้)
4636,2025-10-10,2568,10,ฤดูฝน,NHK06,หนองหาร (Lake),บ้านแป้น,6.62,27.1,225.0,7.41,0.47,7.6,0.072,1.559,0.393,4381,886,85.4,A (ดีมาก)
4637,2024-04-17,2567,4,ฤดูแล้ง,NHK03,หนองหาร (Lake),ฮางโฮง,7.0,24.7,197.0,6.71,0.3,6.0,0.121,0.909,0.313,2630,1244,84.5,A (ดีมาก)
4638,2025-07-31,2568,7,ฤดูฝน,BNH07,ลำห้วย (Tributary),งิ้วด่อน,7.82,31.6,319.0,5.99,2.03,7.7,0.406,2.873,1.061,11956,5287,69.4,B (ดี)
4639,2024-12-01,2567,12,ฤดูแล้ง,BNH03,ลำห้วย (Tributary),ท่าแร่,6.93,24.0,406.0,4.56,6.9,25.2,1.76,4.472,2.235,21739,4584,44.1,C (พอใช้)
4640,2024-05-10,2567,5,ฤดูแล้ง,NHK02,หนองหาร (Lake),ธาตุนาเวง,6.94,29.7,301.0,3.32,2.91,6.6,1.028,1.947,1.26,5226,1433,56.1,C (พอใช้)
4641,2025-08-20,2568,8,ฤดูฝน,NHK10,หนองหาร (Lake),งิ้วด่อน,7.62,29.6,251.0,8.29,1.05,8.3,0.01,0.79,0.512,2227,1079,91.6,A (ดีมาก)
4642,2025-04-23,2568,4,ฤดูแล้ง,BNH02,ลำห้วย (Tributary),เชียงเครือ,6.89,27.7,357.0,6.59,3.98,24.1,0.649,2.224,1.465,26315,11693,70.9,B (ดี)
4643,2024-02-25,2567,2,ฤดูแล้ง,BNH06,ลำห้วย (Tributary),เหล่าปอแดง,7.33,26.3,314.0,4.95,3.06,11.3,0.728,3.147,1.343,3247,1549,60.7,B (ดี)
4644,2025-07-26,2568,7,ฤดูฝน,NHK01,หนองหาร (Lake),เมืองสกลนคร,7.58,31.3,304.0,7.42,0.91,4.0,0.01,1.003,0.548,1223,292,86.8,A (ดีมาก)
4645,2024-10-31,2567,10,ฤดูฝน,BNH01,ลำห้วย (Tributary),ธาตุนาเวง,7.44,30.6,375.0,4.63,6.38,25.8,1.406,3.268,2.285,122940,34813,50.2,C (พอใช้)
4646,2025-09-24,2568,9,ฤดูฝน,NHK01,หนองหาร (Lake),เมืองสกลนคร,6.54,29.4,256.0,7.59,1.46,12.8,0.01,1.008,0.308,1249,547,88.8,A (ดีมาก)
4647,2024-12-08,2567,12,ฤดูแล้ง,NHK06,หนองหาร (Lake),บ้านแป้น,7.03,26.1,166.0,6.64,0.92,6.8,0.485,0.687,0.381,7098,3800,82.5,A (ดีมาก)
4648,2024-06-19,2567,6,ฤดูฝน,NHK07,หนองหาร (Lake),บ้านแป้น,7.3,30.7,186.0,7.69,0.3,4.0,0.057,0.945,0.161,1042,233,89.9,A (ดีมาก)
4649,2024-04-28,2567,4,ฤดูแล้ง,NHK08,หนองหาร (Lake),นาตงวัฒนา,7.62,28.2,231.0,7.07,1.74,18.4,0.117,0.744,0.756,3221,719,84.5,A (ดีมาก)
4650,2024-08-15,2567,8,ฤดูฝน,BNH05,ลำห้วย (Tributary),ม่วงลาย,6.79,30.6,316.0,7.36,3.15,20.5,0.439,2.064,1.237,8950,3708,77.1,B (ดี)
4651,2025-08-01,2568,8,ฤดูฝน,NHK01,หนองหาร (Lake),เมืองสกลนคร,7.75,29.2,168.0,7.3,0.3,4.0,0.01,1.419,0.415,1747,991,85.6,A (ดีมาก)
4652,2025-04-21,2568,4,ฤดูแล้ง,NHK03,หนองหาร (Lake),ฮางโฮง,7.88,28.2,221.0,6.41,1.99,9.4,0.359,1.05,0.64,21099,11196,79.7,B (ดี)
4653,2025-04-13,2568,4,ฤดูแล้ง,NHK05,หนองหาร (Lake),ท่าแร่,7.29,29.4,213.0,5.23,2.35,4.0,0.397,0.664,0.379,1203,585,76.9,B (ดี)
4654,2025-11-13,2568,11,ฤดูแล้ง,NHK07,หนองหาร (Lake),บ้านแป้น,6.77,28.8,191.0,6.66,0.85,4.0,0.307,1.917,1.173,2289,766,75.6,B (ดี)
4655,2025-10-07,2568,10,ฤดูฝน,BNH07,ลำห้วย (Tributary),งิ้วด่อน,7.3,26.9,348.0,5.04,2.78,4.0,0.416,2.121,1.627,16037,6594,64.8,B (ดี)
4656,2025-04-22,2568,4,ฤดูแล้ง,BNH05,ลำห้วย (Tributary),ม่วงลาย,7.11,27.1,366.0,5.3,4.09,10.3,1.035,2.346,1.252,24463,5151,63.6,B (ดี)
4657,2024-03-13,2567,3,ฤดูแล้ง,BNH02,ลำห้วย (Tributary),เชียงเครือ,7.72,27.2,341.0,6.9,4.0,19.1,0.665,2.389,1.11,11949,3712,73.4,B (ดี)
4658,2025-07-18,2568,7,ฤดูฝน,BNH06,ลำห้วย (Tributary),เหล่าปอแดง,6.82,32.2,300.0,7.85,4.37,22.1,0.486,2.321,1.29,9866,2296,77.9,B (ดี)
4659,2024-08-03,2567,8,ฤดูฝน,NHK03,หนองหาร (Lake),ฮางโฮง,7.39,28.7,246.0,7.97,1.96,17.6,0.01,0.863,0.166,8740,2426,91.7,A (ดีมาก)
4660,2025-03-03,2568,3,ฤดูแล้ง,BNH04,ลำห้วย (Tributary),นาแก้ว,7.03,23.9,357.0,3.81,8.5,42.1,1.699,3.125,2.254,89335,23401,45.6,C (พอใช้)
4661,2025-07-18,2568,7,ฤดูฝน,BNH02,ลำห้วย (Tributary),เชียงเครือ,7.8,29.3,356.0,6.6,4.17,10.9,0.549,1.993,1.088,13724,3002,74.1,B (ดี)
4662,2025-01-19,2568,1,ฤดูแล้ง,NHK04,หนองหาร (Lake),เชียงเครือ,7.23,27.2,144.0,6.25,1.87,10.6,0.102,0.777,0.209,4802,1121,83.5,A (ดีมาก)
4663,2025-10-27,2568,10,ฤดูฝน,NHK10,หนองหาร (Lake),งิ้วด่อน,7.09,25.1,167.0,7.24,1.07,4.4,0.01,0.823,0.183,7423,2821,88.4,A (ดีมาก)
4664,2024-03-14,2567,3,ฤดูแล้ง,BNH06,ลำห้วย (Tributary),เหล่าปอแดง,7.51,27.0,371.0,3.51,3.3,16.9,0.702,1.989,1.543,6763,2815,57.2,C (พอใช้)
4665,2024-10-27,2567,10,ฤดูฝน,NHK01,หนองหาร (Lake),เมืองสกลนคร,6.52,27.1,270.0,6.7,0.3,8.3,0.146,1.11,0.398,6607,1326,83.2,A (ดีมาก)
4666,2024-03-12,2567,3,ฤดูแล้ง,BNH02,ลำห้วย (Tributary),เชียงเครือ,7.32,28.1,373.0,4.76,5.03,19.4,0.661,1.922,1.413,24745,7582,63.9,B (ดี)
4667,2024-02-02,2567,2,ฤดูแล้ง,BNH06,ลำห้วย (Tributary),เหล่าปอแดง,7.12,25.2,375.0,4.52,4.33,11.9,0.632,2.353,1.079,18103,10764,63.2,B (ดี)
4668,2025-08-12,2568,8,ฤดูฝน,NHK02,หนองหาร (Lake),ธาตุนาเวง,7.23,32.3,183.0,5.66,4.32,25.8,1.123,1.95,1.32,35596,18317,65.6,B (ดี)
4669,2024-02-22,2567,2,ฤดูแล้ง,BNH01,ลำห้วย (Tributary),ธาตุนาเวง,6.88,25.2,380.0,2.33,5.07,19.7,1.626,3.214,3.063,85369,33183,35.0,D (เสื่อมโทรม)
4670,2025-04-26,2568,4,ฤดูแล้ง,BNH07,ลำห้วย (Tributary),งิ้วด่อน,6.53,28.1,308.0,5.12,4.05,14.8,0.737,2.581,1.058,8788,1906,64.7,B (ดี)
4671,2024-12-30,2567,12,ฤดูแล้ง,NHK06,หนองหาร (Lake),บ้านแป้น,6.91,25.0,208.0,6.61,2.86,20.9,0.255,0.763,0.402,1277,291,83.3,A (ดีมาก)
4672,2025-01-25,2568,1,ฤดูแล้ง,NHK08,หนองหาร (Lake),นาตงวัฒนา,7.67,27.4,215.0,7.12,1.56,13.8,0.28,1.174,0.306,6239,2175,84.6,A (ดีมาก)
4673,2025-05-10,2568,5,ฤดูแล้ง,NHK05,หนองหาร (Lake),ท่าแร่,7.29,29.7,176.0,7.81,0.3,4.0,0.108,1.268,0.169,3137,1580,89.0,A (ดีมาก)
4674,2025-08-26,2568,8,ฤดูฝน,BNH03,ลำห้วย (Tributary),ท่าแร่,7.02,29.0,365.0,3.12,6.85,38.2,1.303,3.223,2.155,42928,13124,44.9,C (พอใช้)
4675,2025-08-09,2568,8,ฤดูฝน,BNH08,ลำห้วย (Tributary),เมืองสกลนคร,7.27,30.2,374.0,3.05,6.38,25.6,1.372,3.16,2.394,29639,15016,43.2,C (พอใช้)
4676,2024-02-07,2567,2,ฤดูแล้ง,BNH04,ลำห้วย (Tributary),นาแก้ว,7.31,26.3,351.0,2.95,6.74,23.0,1.535,3.461,2.17,31490,16154,42.0,C (พอใช้)
4677,2025-07-09,2568,7,ฤดูฝน,BNH08,ลำห้วย (Tributary),เมืองสกลนคร,7.22,33.1,364.0,4.17,6.57,25.7,1.562,3.165,2.28,21705,7267,47.7,C (พอใช้)
4678,2025-06-06,2568,6,ฤดูฝน,NHK07,หนองหาร (Lake),บ้านแป้น,7.54,33.1,187.0,7.38,1.02,4.0,0.01,0.852,0.244,8025,2414,88.7,A (ดีมาก)
4679,2024-06-12,2567,6,ฤดูฝน,NHK01,หนองหาร (Lake),เมืองสกลนคร,7.03,29.6,197.0,6.83,0.55,4.0,0.065,0.732,0.537,2713,1607,84.9,A (ดีมาก)
4680,2025-01-12,2568,1,ฤดูแล้ง,NHK04,หนองหาร (Lake),เชียงเครือ,7.21,23.6,203.0,8.36,1.06,4.0,0.113,0.638,0.205,1209,262,93.3,A (ดีมาก)
4681,2025-10-07,2568,10,ฤดูฝน,NHK08,หนองหาร (Lake),นาตงวัฒนา,7.42,27.7,226.0,8.43,1.3,14.5,0.01,2.159,0.182,8856,3153,89.3,A (ดีมาก)
4682,2025-01-01,2568,1,ฤดูแล้ง,NHK09,หนองหาร (Lake),เหล่าปอแดง,7.7,25.4,232.0,6.89,1.6,5.0,0.262,1.13,0.254,3695,2147,84.1,A (ดีมาก)
4683,2025-07-19,2568,7,ฤดูฝน,BNH01,ลำห้วย (Tributary),ธาตุนาเวง,6.88,31.1,459.0,4.02,5.53,25.1,1.375,3.719,2.413,13468,3615,45.5,C (พอใช้)
4684,2024-10-15,2567,10,ฤดูฝน,BNH02,ลำห้วย (Tributary),เชียงเครือ,7.6,28.0,317.0,5.5,3.3,21.5,0.68,3.039,1.509,7432,1596,62.9,B (ดี)
4685,2024-05-24,2567,5,ฤดูแล้ง,NHK01,หนองหาร (Lake),เมืองสกลนคร,7.54,29.2,178.0,6.1,1.46,12.5,0.158,0.791,0.246,5425,1513,82.3,A (ดีมาก)
4686,2024-05-02,2567,5,ฤดูแล้ง,NHK03,หนองหาร (Lake),ฮางโฮง,7.37,29.7,210.0,7.51,0.76,6.5,0.154,1.37,0.821,32096,7905,83.8,A (ดีมาก)
4687,2025-10-31,2568,10,ฤดูฝน,NHK01,หนองหาร (Lake),เมืองสกลนคร,6.97,29.2,244.0,7.49,1.8,15.4,0.01,0.646,0.635,2669,1042,87.9,A (ดีมาก)
4688,2025-12-26,2568,12,ฤดูแล้ง,BNH04,ลำห้วย (Tributary),นาแก้ว,7.22,26.0,353.0,3.75,7.78,39.1,1.54,3.397,2.25,20031,8116,45.3,C (พอใช้)
4689,2025-05-30,2568,5,ฤดูแล้ง,NHK07,หนองหาร (Lake),บ้านแป้น,7.13,29.6,233.0,8.39,1.94,11.0,0.165,0.796,0.293,2454,1470,92.2,A (ดีมาก)
4690,2025-12-24,2568,12,ฤดูแล้ง,BNH08,ลำห้วย (Tributary),เมืองสกลนคร,6.88,23.7,371.0,3.02,6.44,32.6,1.541,4.148,2.243,48233,17781,39.6,D (เสื่อมโทรม)
4691,2024-08-22,2567,8,ฤดูฝน,BNH06,ลำห้วย (Tributary),เหล่าปอแดง,7.34,29.7,327.0,5.95,3.14,9.9,0.658,2.024,1.353,2639,1143,69.2,B (ดี)
4692,2024-12-05,2567,12,ฤดูแล้ง,BNH04,ลำห้วย (Tributary),นาแก้ว,6.94,23.9,389.0,3.17,7.61,46.8,1.523,4.201,2.395,110247,49675,39.4,D (เสื่อมโทรม)
4693,2025-04-30,2568,4,ฤดูแล้ง,NHK06,หนองหาร (Lake),บ้านแป้น,6.39,28.9,278.0,6.34,0.3,4.8,0.38,0.702,0.184,5327,1111,82.7,A (ดีมาก)
4694,2025-09-05,2568,9,ฤดูฝน,NHK04,หนองหาร (Lake),เชียงเครือ,6.96,30.0,225.0,6.99,1.91,10.4,0.01,0.798,0.396,2725,619,86.4,A (ดีมาก)
4695,2024-03-30,2567,3,ฤดูแล้ง,NHK04,หนองหาร (Lake),เชียงเครือ,7.05,24.6,258.0,6.1,2.08,10.3,0.175,1.815,0.189,8416,2454,79.1,B (ดี)
4696,2024-04-06,2567,4,ฤดูแล้ง,NHK07,หนองหาร (Lake),บ้านแป้น,7.3,27.3,250.0,7.76,3.14,27.3,0.23,1.496,0.19,5149,1293,87.3,A (ดีมาก)
4697,2024-09-05,2567,9,ฤดูฝน,NHK04,หนองหาร (Lake),เชียงเครือ,6.67,31.2,251.0,7.82,0.3,4.0,0.01,0.701,0.384,7755,1773,90.4,A (ดีมาก)
4698,2024-05-07,2567,5,ฤดูแล้ง,NHK10,หนองหาร (Lake),งิ้วด่อน,7.18,26.7,188.0,6.36,0.89,11.1,0.108,1.182,0.831,3357,1866,79.6,B (ดี)
4699,2025-12-08,2568,12,ฤดูแล้ง,NHK02,หนองหาร (Lake),ธาตุนาเวง,7.31,26.8,314.0,4.54,4.93,21.9,1.074,2.65,1.596,16401,6168,57.2,C (พอใช้)
4700,2025-12-19,2568,12,ฤดูแล้ง,BNH04,ลำห้วย (Tributary),นาแก้ว,6.72,24.7,376.0,2.95,6.71,36.3,1.527,3.331,2.152,23655,4874,42.5,C (พอใช้)
4701,2025-03-14,2568,3,ฤดูแล้ง,NHK02,หนองหาร (Lake),ธาตุนาเวง,6.58,26.7,308.0,5.71,4.82,29.4,1.033,1.939,2.105,11870,5033,62.5,B (ดี)
4702,2025-03-01,2568,3,ฤดูแล้ง,BNH04,ลำห้วย (Tributary),นาแก้ว,6.59,26.5,444.0,3.29,6.64,27.0,1.683,3.183,2.221,81384,26884,43.3,C (พอใช้)
4703,2024-12-06,2567,12,ฤดูแล้ง,BNH01,ลำห้วย (Tributary),ธาตุนาเวง,6.28,26.5,387.0,2.22,7.55,29.1,1.722,3.854,2.17,39376,8947,36.3,D (เสื่อมโทรม)
4704,2024-07-02,2567,7,ฤดูฝน,NHK05,หนองหาร (Lake),ท่าแร่,7.41,32.0,190.0,6.62,1.42,5.3,0.01,0.678,0.209,4522,1973,86.1,A (ดีมาก)
4705,2024-03-15,2567,3,ฤดูแล้ง,NHK09,หนองหาร (Lake),เหล่าปอแดง,7.08,26.2,242.0,6.82,2.09,4.0,0.231,1.281,0.196,4938,1816,83.7,A (ดีมาก)
4706,2025-07-25,2568,7,ฤดูฝน,NHK02,หนองหาร (Lake),ธาตุนาเวง,7.38,30.7,386.0,5.19,4.09,9.4,0.849,2.538,1.389,17011,5245,62.8,B (ดี)
4707,2025-06-25,2568,6,ฤดูฝน,BNH05,ลำห้วย (Tributary),ม่วงลาย,7.24,34.0,293.0,6.67,3.31,7.5,0.724,2.031,1.097,10077,5763,73.3,B (ดี)
4708,2024-07-01,2567,7,ฤดูฝน,BNH08,ลำห้วย (Tributary),เมืองสกลนคร,7.26,29.9,461.0,3.71,6.53,23.7,1.434,3.35,2.223,55623,25086,46.0,C (พอใช้)
4709,2024-11-05,2567,11,ฤดูแล้ง,NHK03,หนองหาร (Lake),ฮางโฮง,6.81,28.8,222.0,7.03,2.49,5.9,0.191,0.609,0.304,5955,3245,86.6,A (ดีมาก)
4710,2024-03-27,2567,3,ฤดูแล้ง,NHK03,หนองหาร (Lake),ฮางโฮง,6.93,26.1,228.0,7.89,1.31,13.8,0.179,0.63,1.501,1905,1073,84.4,A (ดีมาก)
4711,2025-05-21,2568,5,ฤดูแล้ง,BNH08,ลำห้วย (Tributary),เมืองสกลนคร,7.25,27.5,363.0,2.6,6.76,29.6,1.628,3.326,2.162,60281,20713,40.4,C (พอใช้)
4712,2024-01-15,2567,1,ฤดูแล้ง,NHK08,หนองหาร (Lake),นาตงวัฒนา,6.44,25.1,177.0,7.88,1.06,10.5,0.183,1.183,0.597,5688,2981,87.0,A (ดีมาก)
4713,2024-10-13,2567,10,ฤดูฝน,NHK10,หนองหาร (Lake),งิ้วด่อน,6.21,29.3,203.0,8.99,0.3,4.0,0.371,0.657,0.644,4518,2542,92.4,A (ดีมาก)
4714,2024-09-16,2567,9,ฤดูฝน,NHK02,หนองหาร (Lake),ธาตุนาเวง,6.74,27.9,208.0,4.88,4.78,18.5,0.815,2.122,1.301,73137,34856,63.5,B (ดี)
4715,2025-06-23,2568,6,ฤดูฝน,NHK08,หนองหาร (Lake),นาตงวัฒนา,6.64,30.6,275.0,8.25,2.29,5.9,0.01,0.666,0.197,1146,568,93.4,A (ดีมาก)
4716,2024-11-21,2567,11,ฤดูแล้ง,BNH07,ลำห้วย (Tributary),งิ้วด่อน,7.27,26.1,384.0,5.86,5.04,34.6,1.115,1.91,1.477,7269,3223,65.9,B (ดี)
4717,2025-10-24,2568,10,ฤดูฝน,BNH02,ลำห้วย (Tributary),เชียงเครือ,7.32,30.1,265.0,6.51,3.18,8.8,0.622,2.12,1.136,3491,1033,72.6,B (ดี)
4718,2025-05-16,2568,5,ฤดูแล้ง,NHK10,หนองหาร (Lake),งิ้วด่อน,7.05,30.2,200.0,6.77,1.9,15.1,0.284,0.656,0.41,3193,1821,84.2,A (ดีมาก)
4719,2025-04-06,2568,4,ฤดูแล้ง,BNH08,ลำห้วย (Tributary),เมืองสกลนคร,7.17,27.6,335.0,3.32,7.18,23.8,1.57,3.233,2.791,156966,55307,41.0,C (พอใช้)
4720,2024-01-16,2567,1,ฤดูแล้ง,NHK05,หนองหาร (Lake),ท่าแร่,7.05,25.4,209.0,6.98,2.35,7.8,0.243,0.936,0.209,2472,723,85.5,A (ดีมาก)
4721,2024-03-07,2567,3,ฤดูแล้ง,NHK05,หนองหาร (Lake),ท่าแร่,6.86,26.7,106.0,6.43,3.13,12.0,0.475,0.917,0.418,2110,1065,80.7,A (ดีมาก)
4722,2024-03-10,2567,3,ฤดูแล้ง,BNH04,ลำห้วย (Tributary),นาแก้ว,6.58,27.0,370.0,3.48,6.25,35.3,1.646,3.968,2.275,20753,11387,41.4,C (พอใช้)
4723,2025-12-06,2568,12,ฤดูแล้ง,NHK04,หนองหาร (Lake),เชียงเครือ,8.13,23.8,199.0,6.69,0.7,10.9,0.403,0.717,0.889,6805,2906,80.6,A (ดีมาก)
4724,2024-06-10,2567,6,ฤดูฝน,NHK05,หนองหาร (Lake),ท่าแร่,7.57,30.1,223.0,7.26,0.3,4.2,0.01,0.891,0.359,6375,3789,87.5,A (ดีมาก)
4725,2024-09-12,2567,9,ฤดูฝน,NHK09,หนองหาร (Lake),เหล่าปอแดง,7.05,27.3,252.0,8.01,0.3,4.0,0.12,0.878,0.597,962,313,89.0,A (ดีมาก)
4726,2025-07-31,2568,7,ฤดูฝน,NHK10,หนองหาร (Lake),งิ้วด่อน,7.71,30.2,211.0,7.55,0.85,4.0,0.063,1.24,0.228,1142,582,87.9,A (ดีมาก)
4727,2024-03-15,2567,3,ฤดูแล้ง,BNH06,ลำห้วย (Tributary),เหล่าปอแดง,7.5,25.4,309.0,4.95,3.03,23.5,0.657,2.236,1.169,15299,5012,65.0,B (ดี)
4728,2024-05-13,2567,5,ฤดูแล้ง,NHK04,หนองหาร (Lake),เชียงเครือ,7.69,29.3,194.0,8.3,2.41,18.4,0.287,0.808,1.404,4711,2676,85.5,A (ดีมาก)
4729,2024-10-11,2567,10,ฤดูฝน,BNH08,ลำห้วย (Tributary),เมืองสกลนคร,7.53,29.6,313.0,4.9,5.87,41.5,1.361,3.46,2.175,63548,35855,51.6,C (พอใช้)
4730,2025-11-15,2568,11,ฤดูแล้ง,BNH01,ลำห้วย (Tributary),ธาตุนาเวง,7.14,25.6,354.0,2.36,8.09,36.5,1.643,3.59,2.386,46591,10653,37.2,D (เสื่อมโทรม)
4731,2024-03-13,2567,3,ฤดูแล้ง,NHK05,หนองหาร (Lake),ท่าแร่,7.34,26.1,206.0,6.46,1.53,12.4,0.128,0.721,0.531,1704,740,82.9,A (ดีมาก)
4732,2025-11-14,2568,11,ฤดูแล้ง,NHK07,หนองหาร (Lake),บ้านแป้น,7.01,26.7,230.0,6.54,1.42,6.6,0.156,0.757,0.197,12821,6210,84.7,A (ดีมาก)
4733,2024-04-15,2567,4,ฤดูแล้ง,NHK08,หนองหาร (Lake),นาตงวัฒนา,6.96,29.2,182.0,6.87,1.15,4.0,0.183,0.715,0.174,1259,405,86.2,A (ดีมาก)
4734,2025-10-01,2568,10,ฤดูฝน,NHK02,หนองหาร (Lake),ธาตุนาเวง,7.26,26.9,313.0,3.92,1.33,4.4,0.841,2.204,1.53,11584,3400,57.6,C (พอใช้)
4735,2025-04-18,2568,4,ฤดูแล้ง,BNH07,ลำห้วย (Tributary),งิ้วด่อน,7.12,27.4,323.0,5.29,4.32,20.8,0.7,2.292,1.061,6311,3046,66.6,B (ดี)
4736,2024-04-04,2567,4,ฤดูแล้ง,NHK08,หนองหาร (Lake),นาตงวัฒนา,6.99,28.0,286.0,6.43,2.19,4.3,0.228,0.611,0.155,2178,837,84.4,A (ดีมาก)
4737,2025-04-10,2568,4,ฤดูแล้ง,BNH06,ลำห้วย (Tributary),เหล่าปอแดง,7.28,28.8,248.0,5.93,3.92,21.7,0.753,1.934,1.314,4588,2733,69.0,B (ดี)
4738,2025-07-30,2568,7,ฤดูฝน,BNH03,ลำห้วย (Tributary),ท่าแร่,6.86,31.6,282.0,5.02,4.58,17.8,1.596,3.44,2.228,73228,33957,50.6,C (พอใช้)
4739,2025-02-08,2568,2,ฤดูแล้ง,NHK02,หนองหาร (Lake),ธาตุนาเวง,6.56,24.0,295.0,4.57,5.3,15.9,1.012,2.021,1.519,5170,1706,60.2,B (ดี)
4740,2025-08-22,2568,8,ฤดูฝน,NHK07,หนองหาร (Lake),บ้านแป้น,7.09,31.3,221.0,7.96,0.8,6.8,0.167,1.006,0.331,5644,1550,89.4,A (ดีมาก)
4741,2025-09-26,2568,9,ฤดูฝน,BNH07,ลำห้วย (Tributary),งิ้วด่อน,7.38,29.7,335.0,5.59,3.13,10.9,0.654,2.309,1.093,68995,29182,67.9,B (ดี)
4742,2025-05-11,2568,5,ฤดูแล้ง,BNH08,ลำห้วย (Tributary),เมืองสกลนคร,7.09,27.4,409.0,2.45,6.74,19.4,1.791,3.828,2.235,47766,18967,36.7,D (เสื่อมโทรม)
4743,2025-08-10,2568,8,ฤดูฝน,BNH02,ลำห้วย (Tributary),เชียงเครือ,6.84,32.9,294.0,7.4,5.47,14.4,0.759,1.989,1.304,34892,7364,75.4,B (ดี)
4744,2024-12-08,2567,12,ฤดูแล้ง,BNH08,ลำห้วย (Tributary),เมืองสกลนคร,7.13,26.4,305.0,3.67,6.63,32.1,1.609,4.045,2.305,26481,14338,42.1,C (พอใช้)
4745,2024-08-20,2567,8,ฤดูฝน,BNH06,ลำห้วย (Tributary),เหล่าปอแดง,7.26,31.9,349.0,6.07,3.07,16.1,0.485,3.008,1.367,9278,5301,67.3,B (ดี)
4746,2025-09-22,2568,9,ฤดูฝน,NHK07,หนองหาร (Lake),บ้านแป้น,6.93,28.4,203.0,8.43,1.36,4.0,0.053,1.048,0.162,2635,1287,92.9,A (ดีมาก)
4747,2024-03-10,2567,3,ฤดูแล้ง,BNH07,ลำห้วย (Tributary),งิ้วด่อน,7.61,28.4,362.0,5.34,5.57,22.3,0.617,2.085,1.626,17560,7952,65.1,B (ดี)
4748,2024-11-27,2567,11,ฤดูแล้ง,NHK01,หนองหาร (Lake),เมืองสกลนคร,7.04,26.9,247.0,5.7,0.3,5.4,0.232,1.389,0.222,4013,1609,78.2,B (ดี)
4749,2024-12-21,2567,12,ฤดูแล้ง,NHK08,หนองหาร (Lake),นาตงวัฒนา,6.96,24.4,219.0,6.93,1.41,13.1,0.113,0.989,0.308,1407,397,85.3,A (ดีมาก)
4750,2024-09-30,2567,9,ฤดูฝน,BNH03,ลำห้วย (Tributary),ท่าแร่,7.3,31.2,414.0,4.33,6.17,24.2,1.613,3.981,2.193,17181,9452,45.8,C (พอใช้)
4751,2025-06-19,2568,6,ฤดูฝน,BNH01,ลำห้วย (Tributary),ธาตุนาเวง,7.01,29.2,341.0,4.26,4.35,14.0,1.695,3.4,2.452,92154,27204,45.6,C (พอใช้)
4752,2024-10-05,2567,10,ฤดูฝน,BNH02,ลำห้วย (Tributary),เชียงเครือ,7.45,28.7,388.0,7.41,3.02,20.2,0.419,2.576,1.258,11922,4294,75.7,B (ดี)
4753,2025-02-26,2568,2,ฤดูแล้ง,BNH07,ลำห้วย (Tributary),งิ้วด่อน,7.17,24.3,353.0,5.18,5.11,22.5,0.717,2.13,1.145,28102,16648,66.1,B (ดี)
4754,2024-03-14,2567,3,ฤดูแล้ง,BNH06,ลำห้วย (Tributary),เหล่าปอแดง,7.6,26.6,350.0,5.5,3.36,18.8,0.944,2.199,2.094,115701,39082,61.3,B (ดี)
4755,2025-03-28,2568,3,ฤดูแล้ง,BNH08,ลำห้วย (Tributary),เมืองสกลนคร,7.17,27.8,388.0,2.94,6.11,15.7,1.583,3.179,2.296,39457,18142,42.0,C (พอใช้)
4756,2025-01-09,2568,1,ฤดูแล้ง,NHK06,หนองหาร (Lake),บ้านแป้น,7.21,24.3,206.0,7.47,2.19,6.1,0.197,1.238,0.378,927,368,86.1,A (ดีมาก)
4757,2025-05-08,2568,5,ฤดูแล้ง,NHK05,หนองหาร (Lake),ท่าแร่,6.49,30.0,254.0,7.36,1.81,13.5,0.171,0.608,0.486,3326,1071,87.3,A (ดีมาก)
4758,2025-03-25,2568,3,ฤดูแล้ง,NHK06,หนองหาร (Lake),บ้านแป้น,7.55,25.6,103.0,7.13,0.55,4.0,0.33,0.734,0.199,4811,2551,86.4,A (ดีมาก)
4759,2024-05-10,2567,5,ฤดูแล้ง,BNH02,ลำห้วย (Tributary),เชียงเครือ,7.32,27.0,305.0,5.99,3.9,22.6,0.72,2.722,1.276,10558,3451,67.0,B (ดี)
4760,2024-02-01,2567,2,ฤดูแล้ง,NHK08,หนองหาร (Lake),นาตงวัฒนา,7.11,24.3,210.0,6.91,2.55,17.5,0.348,0.603,0.223,3280,671,85.6,A (ดีมาก)
4761,2024-11-27,2567,11,ฤดูแล้ง,NHK08,หนองหาร (Lake),นาตงวัฒนา,7.49,25.3,207.0,6.18,0.3,5.8,0.237,1.63,0.21,7181,2382,79.7,B (ดี)
4762,2024-09-07,2567,9,ฤดูฝน,BNH04,ลำห้วย (Tributary),นาแก้ว,7.62,30.6,449.0,3.57,5.74,23.6,1.631,3.315,2.317,71136,31921,43.9,C (พอใช้)
4763,2025-02-10,2568,2,ฤดูแล้ง,BNH03,ลำห้วย (Tributary),ท่าแร่,6.11,26.9,346.0,3.45,6.42,34.6,1.578,3.134,2.875,9482,2513,41.5,C (พอใช้)
4764,2025-04-14,2568,4,ฤดูแล้ง,BNH07,ลำห้วย (Tributary),งิ้วด่อน,6.9,27.2,367.0,5.37,2.39,13.0,0.826,1.943,1.118,9776,2484,67.1,B (ดี)
4765,2025-10-29,2568,10,ฤดูฝน,NHK08,หนองหาร (Lake),นาตงวัฒนา,7.24,26.8,172.0,7.48,1.0,7.6,0.01,0.735,0.308,3043,1297,89.2,A (ดีมาก)
4766,2024-12-15,2567,12,ฤดูแล้ง,NHK06,หนองหาร (Lake),บ้านแป้น,7.86,26.2,237.0,6.02,1.66,4.0,0.142,1.073,0.275,3100,1784,81.0,A (ดีมาก)
4767,2025-06-01,2568,6,ฤดูฝน,BNH05,ลำห้วย (Tributary),ม่วงลาย,6.89,29.4,354.0,4.97,4.56,18.9,0.406,2.231,1.305,59441,17905,65.8,B (ดี)
4768,2025-05-16,2568,5,ฤดูแล้ง,NHK02,หนองหาร (Lake),ธาตุนาเวง,6.9,29.0,299.0,5.26,4.61,24.3,1.054,2.139,1.293,5532,1967,63.8,B (ดี)
4769,2024-01-27,2567,1,ฤดูแล้ง,BNH06,ลำห้วย (Tributary),เหล่าปอแดง,6.89,23.8,227.0,5.71,5.22,24.9,0.698,2.22,1.262,11016,2285,67.7,B (ดี)
4770,2025-05-17,2568,5,ฤดูแล้ง,BNH05,ลำห้วย (Tributary),ม่วงลาย,7.81,29.7,273.0,5.47,4.43,16.5,0.794,2.402,1.299,19340,5781,65.3,B (ดี)
4771,2025-07-06,2568,7,ฤดูฝน,BNH04,ลำห้วย (Tributary),นาแก้ว,7.49,30.9,397.0,4.23,7.24,26.8,1.319,3.134,2.596,179223,58724,47.8,C (พอใช้)
4772,2025-12-28,2568,12,ฤดูแล้ง,NHK10,หนองหาร (Lake),งิ้วด่อน,6.79,25.9,248.0,6.04,1.84,4.0,0.123,0.638,0.362,1445,513,82.2,A (ดีมาก)
4773,2024-02-19,2567,2,ฤดูแล้ง,NHK09,หนองหาร (Lake),เหล่าปอแดง,6.59,27.5,228.0,7.81,1.47,14.6,0.388,0.802,0.238,2468,1091,88.6,A (ดีมาก)
4774,2025-01-06,2568,1,ฤดูแล้ง,NHK05,หนองหาร (Lake),ท่าแร่,7.46,23.6,284.0,7.1,1.7,4.0,0.138,0.679,0.178,4552,2686,87.6,A (ดีมาก)
4775,2024-03-14,2567,3,ฤดูแล้ง,NHK10,หนองหาร (Lake),งิ้วด่อน,7.03,27.0,197.0,5.94,1.28,10.5,0.26,1.094,0.473,2652,944,78.9,B (ดี)
4776,2024-08-11,2567,8,ฤดูฝน,BNH02,ลำห้วย (Tributary),เชียงเครือ,7.04,31.4,251.0,6.27,3.87,16.3,0.409,2.728,1.472,14089,6254,69.1,B (ดี)
4777,2025-07-19,2568,7,ฤดูฝน,NHK06,หนองหาร (Lake),บ้านแป้น,7.16,30.8,211.0,6.43,0.3,4.0,0.181,1.18,0.385,11316,3741,81.7,A (ดีมาก)
4778,2024-05-23,2567,5,ฤดูแล้ง,BNH04,ลำห้วย (Tributary),นาแก้ว,6.99,26.3,406.0,2.67,6.56,33.0,2.346,3.536,2.394,83081,36873,34.7,D (เสื่อมโทรม)
4779,2024-10-22,2567,10,ฤดูฝน,BNH04,ลำห้วย (Tributary),นาแก้ว,6.78,27.1,332.0,4.3,7.52,33.3,1.318,3.458,2.165,40321,16000,49.2,C (พอใช้)
4780,2025-06-09,2568,6,ฤดูฝน,BNH08,ลำห้วย (Tributary),เมืองสกลนคร,7.36,31.5,343.0,2.59,6.72,26.8,1.478,3.226,2.178,41887,12673,41.4,C (พอใช้)
4781,2025-01-06,2568,1,ฤดูแล้ง,NHK02,หนองหาร (Lake),ธาตุนาเวง,7.22,24.9,275.0,3.42,7.1,36.4,1.228,4.149,1.357,6926,2996,47.6,C (พอใช้)
4782,2024-07-01,2567,7,ฤดูฝน,BNH08,ลำห้วย (Tributary),เมืองสกลนคร,7.48,33.7,302.0,2.3,6.5,27.9,1.612,3.644,2.398,30861,12660,36.9,D (เสื่อมโทรม)
4783,2025-10-11,2568,10,ฤดูฝน,NHK04,หนองหาร (Lake),เชียงเครือ,7.53,28.9,194.0,8.51,1.1,11.4,0.239,0.835,0.429,3241,932,91.6,A (ดีมาก)
4784,2024-10-09,2567,10,ฤดูฝน,NHK06,หนองหาร (Lake),บ้านแป้น,7.18,28.5,163.0,7.97,1.5,8.7,0.178,1.087,0.286,6587,3388,89.4,A (ดีมาก)
4785,2024-04-02,2567,4,ฤดูแล้ง,BNH03,ลำห้วย (Tributary),ท่าแร่,6.55,26.4,370.0,3.3,7.0,33.3,1.597,3.157,2.255,30127,10738,43.7,C (พอใช้)
4786,2025-10-21,2568,10,ฤดูฝน,NHK04,หนองหาร (Lake),เชียงเครือ,7.49,27.0,202.0,7.58,0.3,4.0,0.534,0.928,0.436,2247,1013,85.4,A (ดีมาก)
4787,2025-01-10,2568,1,ฤดูแล้ง,NHK06,หนองหาร (Lake),บ้านแป้น,7.19,24.1,248.0,6.43,0.3,4.0,0.318,0.697,0.162,4658,1671,83.6,A (ดีมาก)
4788,2024-05-01,2567,5,ฤดูแล้ง,BNH05,ลำห้วย (Tributary),ม่วงลาย,6.44,31.0,323.0,5.29,3.82,19.5,1.019,2.091,1.107,57916,21824,65.2,B (ดี)
4789,2024-06-25,2567,6,ฤดูฝน,BNH03,ลำห้วย (Tributary),ท่าแร่,7.41,29.6,283.0,4.59,5.91,12.2,1.308,3.261,2.219,8114,1750,51.0,C (พอใช้)
4790,2024-10-16,2567,10,ฤดูฝน,NHK10,หนองหาร (Lake),งิ้วด่อน,7.32,27.3,247.0,8.03,0.66,5.1,0.414,0.673,0.492,5461,2069,88.6,A (ดีมาก)
4791,2025-06-04,2568,6,ฤดูฝน,BNH05,ลำห้วย (Tributary),ม่วงลาย,7.06,31.5,276.0,7.0,2.96,12.5,0.87,2.189,1.219,7179,2407,72.7,B (ดี)
4792,2024-04-21,2567,4,ฤดูแล้ง,NHK02,หนองหาร (Lake),ธาตุนาเวง,6.89,26.6,197.0,4.96,2.99,12.3,1.028,2.576,1.268,3471,794,61.2,B (ดี)
4793,2025-05-05,2568,5,ฤดูแล้ง,BNH04,ลำห้วย (Tributary),นาแก้ว,6.91,29.6,321.0,3.8,8.03,28.1,1.831,3.743,2.306,43424,18298,42.4,C (พอใช้)
4794,2024-01-15,2567,1,ฤดูแล้ง,BNH04,ลำห้วย (Tributary),นาแก้ว,7.1,23.5,438.0,3.56,7.15,31.0,1.556,3.381,2.535,55576,16505,43.0,C (พอใช้)
4795,2025-02-27,2568,2,ฤดูแล้ง,BNH08,ลำห้วย (Tributary),เมืองสกลนคร,6.62,23.3,366.0,1.06,8.26,37.5,1.675,3.497,2.319,32551,17576,31.9,D (เสื่อมโทรม)
4796,2024-10-17,2567,10,ฤดูฝน,NHK09,หนองหาร (Lake),เหล่าปอแดง,8.05,27.5,331.0,8.32,0.3,4.0,0.01,1.2,0.336,2128,1211,91.3,A (ดีมาก)
4797,2025-10-20,2568,10,ฤดูฝน,BNH02,ลำห้วย (Tributary),เชียงเครือ,7.22,29.8,354.0,7.41,3.59,12.5,0.586,2.01,1.307,5266,2489,76.3,B (ดี)
4798,2024-07-28,2567,7,ฤดูฝน,BNH07,ลำห้วย (Tributary),งิ้วด่อน,6.6,29.8,296.0,5.4,2.33,21.9,0.52,2.364,1.079,16682,9313,67.8,B (ดี)
4799,2024-12-13,2567,12,ฤดูแล้ง,NHK07,หนองหาร (Lake),บ้านแป้น,6.93,26.3,289.0,7.28,0.5,4.0,0.29,0.659,0.361,3010,935,86.7,A (ดีมาก)
4800,2024-05-18,2567,5,ฤดูแล้ง,BNH06,ลำห้วย (Tributary),เหล่าปอแดง,7.56,31.8,294.0,5.64,4.07,15.7,0.614,1.994,1.1,13664,3572,69.4,B (ดี)
4801,2024-05-15,2567,5,ฤดูแล้ง,BNH03,ลำห้วย (Tributary),ท่าแร่,7.67,30.4,397.0,3.31,7.26,21.9,1.647,3.352,2.285,11693,6273,42.7,C (พอใช้)
4802,2024-04-03,2567,4,ฤดูแล้ง,BNH05,ลำห้วย (Tributary),ม่วงลาย,7.02,26.9,258.0,5.59,3.81,8.7,0.693,2.542,1.578,13564,7521,64.5,B (ดี)
4803,2024-05-27,2567,5,ฤดูแล้ง,NHK07,หนองหาร (Lake),บ้านแป้น,6.33,31.4,268.0,6.81,1.56,14.7,0.277,0.819,0.384,3569,2088,84.0,A (ดีมาก)
4804,2024-02-26,2567,2,ฤดูแล้ง,NHK02,หนองหาร (Lake),ธาตุนาเวง,7.41,24.4,258.0,4.93,4.14,22.2,1.263,1.82,1.265,10244,5728,62.3,B (ดี)
4805,2024-10-19,2567,10,ฤดูฝน,NHK04,หนองหาร (Lake),เชียงเครือ,6.6,28.3,222.0,7.28,0.51,11.2,0.121,0.836,0.245,2736,989,87.7,A (ดีมาก)
4806,2024-06-17,2567,6,ฤดูฝน,BNH05,ลำห้วย (Tributary),ม่วงลาย,7.39,31.0,222.0,5.57,4.86,20.6,0.469,3.186,1.368,9465,4221,64.6,B (ดี)
4807,2025-07-28,2568,7,ฤดูฝน,BNH07,ลำห้วย (Tributary),งิ้วด่อน,6.94,32.2,266.0,7.18,2.28,4.9,0.676,2.073,1.527,15717,7048,73.5,B (ดี)
4808,2025-09-01,2568,9,ฤดูฝน,NHK10,หนองหาร (Lake),งิ้วด่อน,6.68,29.0,235.0,8.49,0.3,4.0,0.061,0.681,0.685,13425,6057,91.7,A (ดีมาก)
4809,2024-02-15,2567,2,ฤดูแล้ง,BNH01,ลำห้วย (Tributary),ธาตุนาเวง,7.26,25.8,355.0,2.95,7.47,30.4,1.892,3.604,2.395,48871,19202,38.3,D (เสื่อมโทรม)
4810,2024-09-10,2567,9,ฤดูฝน,NHK07,หนองหาร (Lake),บ้านแป้น,7.37,30.5,284.0,7.48,2.13,4.0,0.045,0.763,0.206,1630,412,89.4,A (ดีมาก)
4811,2024-08-26,2567,8,ฤดูฝน,NHK03,หนองหาร (Lake),ฮางโฮง,7.17,33.0,246.0,8.28,0.3,4.0,0.01,0.643,0.396,12680,3201,92.6,A (ดีมาก)
4812,2024-09-16,2567,9,ฤดูฝน,BNH02,ลำห้วย (Tributary),เชียงเครือ,7.02,29.3,323.0,6.17,2.85,21.4,0.504,2.012,1.057,6987,4137,72.6,B (ดี)
4813,2024-05-24,2567,5,ฤดูแล้ง,BNH07,ลำห้วย (Tributary),งิ้วด่อน,7.38,29.0,382.0,5.76,4.59,18.9,0.631,2.852,1.482,8603,3821,65.1,B (ดี)
4814,2025-08-27,2568,8,ฤดูฝน,NHK04,หนองหาร (Lake),เชียงเครือ,7.49,30.2,199.0,8.21,1.12,5.6,0.01,0.609,0.663,3102,1077,91.1,A (ดีมาก)
4815,2024-10-07,2567,10,ฤดูฝน,BNH02,ลำห้วย (Tributary),เชียงเครือ,6.95,27.3,288.0,5.84,3.58,5.8,0.451,2.466,1.501,7567,2590,67.6,B (ดี)
4816,2025-04-27,2568,4,ฤดูแล้ง,NHK07,หนองหาร (Lake),บ้านแป้น,7.03,27.0,171.0,7.36,1.36,4.0,0.288,0.798,0.196,2967,1107,87.4,A (ดีมาก)
4817,2024-03-16,2567,3,ฤดูแล้ง,NHK07,หนองหาร (Lake),บ้านแป้น,6.61,28.2,260.0,6.07,1.73,12.8,0.2,1.347,1.237,3456,1980,75.2,B (ดี)
4818,2025-02-12,2568,2,ฤดูแล้ง,NHK06,หนองหาร (Lake),บ้านแป้น,7.24,24.5,245.0,8.03,0.58,7.4,0.161,0.716,0.604,2449,1393,89.4,A (ดีมาก)
4819,2025-08-22,2568,8,ฤดูฝน,BNH07,ลำห้วย (Tributary),งิ้วด่อน,7.19,29.7,349.0,6.53,2.38,11.7,0.451,2.371,2.059,12255,5217,68.2,B (ดี)
4820,2024-04-19,2567,4,ฤดูแล้ง,BNH01,ลำห้วย (Tributary),ธาตุนาเวง,7.05,27.7,391.0,2.7,7.15,35.7,1.758,3.196,2.17,64579,37727,40.5,C (พอใช้)
4821,2025-05-06,2568,5,ฤดูแล้ง,BNH01,ลำห้วย (Tributary),ธาตุนาเวง,6.64,31.2,394.0,4.39,7.79,33.6,1.504,3.621,2.695,17619,10040,45.4,C (พอใช้)
4822,2024-06-09,2567,6,ฤดูฝน,NHK07,หนองหาร (Lake),บ้านแป้น,6.86,31.8,180.0,7.71,0.3,6.2,0.253,1.978,0.207,3592,1924,85.2,A (ดีมาก)
4823,2024-04-13,2567,4,ฤดูแล้ง,NHK03,หนองหาร (Lake),ฮางโฮง,6.76,28.2,256.0,6.7,2.16,17.9,0.225,0.676,0.178,2658,581,85.3,A (ดีมาก)
4824,2025-05-04,2568,5,ฤดูแล้ง,NHK08,หนองหาร (Lake),นาตงวัฒนา,7.43,27.7,215.0,6.98,3.68,15.8,0.538,0.624,0.582,2892,823,83.0,A (ดีมาก)
4825,2024-06-21,2567,6,ฤดูฝน,BNH08,ลำห้วย (Tributary),เมืองสกลนคร,7.06,32.3,358.0,4.73,5.63,23.2,1.369,3.111,2.398,56243,32154,50.8,C (พอใช้)
4826,2024-12-01,2567,12,ฤดูแล้ง,NHK09,หนองหาร (Lake),เหล่าปอแดง,7.08,26.6,279.0,5.41,0.85,7.8,0.12,2.3,0.17,1707,429,74.9,B (ดี)
4827,2025-06-18,2568,6,ฤดูฝน,NHK08,หนองหาร (Lake),นาตงวัฒนา,7.5,32.7,233.0,8.07,2.64,5.6,0.01,1.198,0.426,2394,672,89.7,A (ดีมาก)
4828,2024-04-24,2567,4,ฤดูแล้ง,NHK01,หนองหาร (Lake),เมืองสกลนคร,6.61,26.7,237.0,7.55,2.76,4.0,0.125,0.816,0.477,2868,1104,87.8,A (ดีมาก)
4829,2024-10-18,2567,10,ฤดูฝน,BNH07,ลำห้วย (Tributary),งิ้วด่อน,8.08,29.4,315.0,5.36,5.29,26.2,0.516,1.905,1.19,13984,8174,68.6,B (ดี)
4830,2024-09-05,2567,9,ฤดูฝน,BNH06,ลำห้วย (Tributary),เหล่าปอแดง,6.91,29.8,293.0,6.05,2.26,5.2,0.446,2.324,1.399,13968,7182,69.6,B (ดี)
4831,2024-03-30,2567,3,ฤดูแล้ง,NHK07,หนองหาร (Lake),บ้านแป้น,7.37,25.5,268.0,7.77,2.5,12.3,0.116,1.207,0.47,1320,593,87.5,A (ดีมาก)
4832,2024-12-29,2567,12,ฤดูแล้ง,NHK01,หนองหาร (Lake),เมืองสกลนคร,6.95,24.5,195.0,8.0,0.3,8.2,0.173,2.83,0.234,2969,880,84.0,A (ดีมาก)
4833,2025-11-08,2568,11,ฤดูแล้ง,NHK02,หนองหาร (Lake),ธาตุนาเวง,7.26,29.1,195.0,5.09,5.13,20.6,1.311,1.824,1.446,20638,6939,61.8,B (ดี)
4834,2025-12-19,2568,12,ฤดูแล้ง,BNH01,ลำห้วย (Tributary),ธาตุนาเวง,7.51,26.4,319.0,2.46,7.25,30.9,1.595,3.551,2.269,45242,16611,38.6,D (เสื่อมโทรม)
4835,2025-01-11,2568,1,ฤดูแล้ง,BNH06,ลำห้วย (Tributary),เหล่าปอแดง,7.51,24.1,289.0,5.19,4.79,20.2,0.667,2.254,1.682,6557,2071,63.3,B (ดี)
4836,2024-07-04,2567,7,ฤดูฝน,NHK01,หนองหาร (Lake),เมืองสกลนคร,6.77,32.1,196.0,6.37,0.68,5.9,0.201,1.322,0.52,9271,3867,80.2,A (ดีมาก)
4837,2025-07-11,2568,7,ฤดูฝน,NHK01,หนองหาร (Lake),เมืองสกลนคร,7.8,30.1,229.0,7.38,1.92,5.3,0.01,0.768,0.539,6799,4035,87.5,A (ดีมาก)
4838,2024-09-17,2567,9,ฤดูฝน,BNH02,ลำห้วย (Tributary),เชียงเครือ,6.64,29.2,331.0,6.44,3.0,11.6,0.497,2.04,1.254,9653,3245,72.7,B (ดี)
4839,2025-06-20,2568,6,ฤดูฝน,NHK03,หนองหาร (Lake),ฮางโฮง,7.46,29.3,245.0,7.66,0.95,5.8,0.066,0.672,0.279,1986,630,90.0,A (ดีมาก)
4840,2024-08-29,2567,8,ฤดูฝน,NHK09,หนองหาร (Lake),เหล่าปอแดง,6.65,31.2,215.0,8.22,0.87,18.1,0.01,1.388,0.168,4989,1538,91.0,A (ดีมาก)
4841,2025-10-05,2568,10,ฤดูฝน,BNH01,ลำห้วย (Tributary),ธาตุนาเวง,7.23,27.4,398.0,4.35,5.59,14.6,1.549,3.28,2.289,52333,29117,48.1,C (พอใช้)
4842,2024-01-08,2567,1,ฤดูแล้ง,BNH05,ลำห้วย (Tributary),ม่วงลาย,7.64,26.4,259.0,4.54,4.74,32.2,0.768,2.057,1.182,46773,19246,63.0,B (ดี)
4843,2025-11-21,2568,11,ฤดูแล้ง,BNH08,ลำห้วย (Tributary),เมืองสกลนคร,7.66,27.4,323.0,3.18,4.7,19.1,2.107,3.264,2.476,42718,14189,38.8,D (เสื่อมโทรม)
4844,2025-11-05,2568,11,ฤดูแล้ง,NHK04,หนองหาร (Lake),เชียงเครือ,7.07,26.4,215.0,5.1,2.78,7.6,0.436,0.697,0.229,3569,1068,76.7,B (ดี)
4845,2025-04-15,2568,4,ฤดูแล้ง,NHK04,หนองหาร (Lake),เชียงเครือ,7.6,27.6,265.0,5.84,0.91,13.0,0.147,1.398,0.286,9881,3417,79.0,B (ดี)
4846,2025-02-28,2568,2,ฤดูแล้ง,BNH05,ลำห้วย (Tributary),ม่วงลาย,7.04,23.5,300.0,5.82,2.8,21.3,0.641,2.037,1.062,12554,3918,70.1,B (ดี)
4847,2025-11-07,2568,11,ฤดูแล้ง,NHK03,หนองหาร (Lake),ฮางโฮง,6.56,27.4,193.0,7.04,0.74,4.0,0.28,0.724,0.237,7840,2777,86.1,A (ดีมาก)
4848,2025-08-16,2568,8,ฤดูฝน,NHK08,หนองหาร (Lake),นาตงวัฒนา,7.06,31.5,199.0,7.38,0.46,4.0,0.015,1.237,0.271,5360,2985,87.2,A (ดีมาก)
4849,2025-06-01,2568,6,ฤดูฝน,NHK07,หนองหาร (Lake),บ้านแป้น,6.96,30.7,175.0,7.91,1.96,12.9,0.01,0.833,0.238,8942,1983,91.1,A (ดีมาก)
4850,2024-04-21,2567,4,ฤดูแล้ง,NHK10,หนองหาร (Lake),งิ้วด่อน,7.07,28.7,209.0,6.92,1.46,8.2,0.273,0.86,0.173,3018,625,85.5,A (ดีมาก)
4851,2025-03-01,2568,3,ฤดูแล้ง,NHK04,หนองหาร (Lake),เชียงเครือ,6.68,27.9,177.0,6.1,2.11,4.0,0.104,1.418,0.2,7828,3241,80.8,A (ดีมาก)
4852,2025-08-15,2568,8,ฤดูฝน,BNH05,ลำห้วย (Tributary),ม่วงลาย,7.26,31.1,344.0,4.86,3.98,13.7,0.42,2.091,1.098,17150,5442,66.7,B (ดี)
4853,2025-08-22,2568,8,ฤดูฝน,BNH06,ลำห้วย (Tributary),เหล่าปอแดง,7.76,30.1,322.0,6.18,3.46,14.6,0.574,1.971,1.121,9764,5045,72.0,B (ดี)
4854,2024-10-13,2567,10,ฤดูฝน,NHK07,หนองหาร (Lake),บ้านแป้น,6.92,26.9,160.0,8.41,1.22,11.8,0.01,1.239,0.527,3421,918,90.5,A (ดีมาก)
4855,2024-02-04,2567,2,ฤดูแล้ง,BNH02,ลำห้วย (Tributary),เชียงเครือ,7.4,26.5,345.0,6.37,1.59,4.3,0.681,2.583,1.756,6801,1774,67.1,B (ดี)
4856,2025-07-17,2568,7,ฤดูฝน,NHK04,หนองหาร (Lake),เชียงเครือ,7.47,32.4,216.0,7.52,1.06,5.8,0.653,0.743,0.487,1288,646,84.8,A (ดีมาก)
4857,2025-01-02,2568,1,ฤดูแล้ง,BNH06,ลำห้วย (Tributary),เหล่าปอแดง,7.11,23.4,304.0,5.2,4.26,15.7,0.767,2.112,1.455,10566,5344,64.4,B (ดี)
4858,2025-04-17,2568,4,ฤดูแล้ง,NHK07,หนองหาร (Lake),บ้านแป้น,7.15,28.1,256.0,6.67,2.77,18.2,0.128,1.209,0.267,445,120,83.5,A (ดีมาก)
4859,2024-08-26,2567,8,ฤดูฝน,NHK03,หนองหาร (Lake),ฮางโฮง,7.51,29.4,212.0,8.66,1.97,16.6,0.033,0.635,0.281,3904,1578,94.8,A (ดีมาก)
4860,2024-08-23,2567,8,ฤดูฝน,NHK05,หนองหาร (Lake),ท่าแร่,7.42,32.5,312.0,7.02,0.3,4.0,0.065,0.998,0.404,6931,3573,85.5,A (ดีมาก)
4861,2024-06-12,2567,6,ฤดูฝน,NHK06,หนองหาร (Lake),บ้านแป้น,7.11,27.9,220.0,9.03,0.3,4.0,0.011,0.606,0.239,2050,791,96.8,A (ดีมาก)
4862,2025-12-08,2568,12,ฤดูแล้ง,BNH04,ลำห้วย (Tributary),นาแก้ว,7.11,26.0,380.0,2.94,6.84,30.7,1.626,3.148,2.465,15118,5216,40.9,C (พอใช้)
4863,2024-01-30,2567,1,ฤดูแล้ง,BNH06,ลำห้วย (Tributary),เหล่าปอแดง,7.39,25.5,258.0,3.76,4.07,23.2,0.829,2.042,1.09,42563,15419,59.7,C (พอใช้)
4864,2024-09-15,2567,9,ฤดูฝน,BNH02,ลำห้วย (Tributary),เชียงเครือ,7.33,30.8,324.0,6.15,3.85,23.8,0.422,2.047,1.087,2981,652,72.6,B (ดี)
4865,2024-12-15,2567,12,ฤดูแล้ง,NHK03,หนองหาร (Lake),ฮางโฮง,6.88,25.7,335.0,6.53,0.94,10.0,0.222,2.164,0.288,8308,1794,79.1,B (ดี)
4866,2025-04-24,2568,4,ฤดูแล้ง,BNH06,ลำห้วย (Tributary),เหล่าปอแดง,7.04,26.9,336.0,5.02,4.63,25.7,0.836,2.194,1.252,45609,9582,63.9,B (ดี)
4867,2025-03-29,2568,3,ฤดูแล้ง,NHK10,หนองหาร (Lake),งิ้วด่อน,7.08,27.1,252.0,7.3,2.5,18.2,0.304,0.682,0.383,1858,394,86.5,A (ดีมาก)
4868,2024-10-15,2567,10,ฤดูฝน,NHK03,หนองหาร (Lake),ฮางโฮง,7.23,30.6,244.0,7.85,0.3,4.0,0.037,0.812,0.375,11299,5892,90.1,A (ดีมาก)
4869,2024-04-20,2567,4,ฤดูแล้ง,NHK06,หนองหาร (Lake),บ้านแป้น,6.44,29.9,230.0,7.06,2.86,6.1,0.32,1.717,0.179,726,429,82.9,A (ดีมาก)
4870,2024-12-13,2567,12,ฤดูแล้ง,NHK10,หนองหาร (Lake),งิ้วด่อน,7.41,26.0,204.0,7.18,1.59,13.9,0.243,1.235,0.743,3327,713,82.7,A (ดีมาก)
4871,2024-10-05,2567,10,ฤดูฝน,BNH07,ลำห้วย (Tributary),งิ้วด่อน,7.3,26.6,316.0,6.09,3.47,19.5,0.481,2.1,1.055,18989,10771,72.1,B (ดี)
4872,2025-12-12,2568,12,ฤดูแล้ง,BNH01,ลำห้วย (Tributary),ธาตุนาเวง,6.45,23.8,374.0,3.61,7.24,35.5,1.64,3.738,3.202,23584,8414,38.2,D (เสื่อมโทรม)
4873,2024-06-06,2567,6,ฤดูฝน,BNH06,ลำห้วย (Tributary),เหล่าปอแดง,7.31,31.0,347.0,5.67,2.96,7.4,0.639,2.159,1.266,5733,3188,68.0,B (ดี)
4874,2024-03-10,2567,3,ฤดูแล้ง,NHK03,หนองหาร (Lake),ฮางโฮง,7.82,27.2,252.0,7.93,1.45,13.8,0.385,0.661,0.209,1537,869,89.8,A (ดีมาก)
4875,2025-01-29,2568,1,ฤดูแล้ง,BNH05,ลำห้วย (Tributary),ม่วงลาย,7.25,25.4,311.0,5.81,4.18,9.6,0.672,2.931,1.37,40529,9523,65.3,B (ดี)
4876,2024-08-03,2567,8,ฤดูฝน,BNH04,ลำห้วย (Tributary),นาแก้ว,7.92,30.6,365.0,2.56,6.72,32.1,1.586,3.342,2.167,106141,42669,40.3,C (พอใช้)
4877,2024-11-19,2567,11,ฤดูแล้ง,BNH08,ลำห้วย (Tributary),เมืองสกลนคร,6.64,24.6,386.0,2.71,7.53,30.8,1.509,3.36,2.219,39849,16077,41.1,C (พอใช้)
4878,2024-04-05,2567,4,ฤดูแล้ง,NHK07,หนองหาร (Lake),บ้านแป้น,6.55,27.9,263.0,7.33,1.56,7.4,0.15,0.725,0.258,4548,1510,88.0,A (ดีมาก)
4879,2025-07-10,2568,7,ฤดูฝน,NHK07,หนองหาร (Lake),บ้านแป้น,7.4,31.2,255.0,7.84,0.3,6.3,0.01,0.978,1.133,9171,2411,85.8,A (ดีมาก)
4880,2025-03-23,2568,3,ฤดูแล้ง,NHK06,หนองหาร (Lake),บ้านแป้น,7.31,26.3,200.0,6.18,0.3,4.0,0.174,1.28,0.23,3989,1336,81.0,A (ดีมาก)
4881,2024-08-01,2567,8,ฤดูฝน,BNH06,ลำห้วย (Tributary),เหล่าปอแดง,6.65,29.2,304.0,5.54,2.65,16.2,0.63,2.233,2.001,6008,3449,63.6,B (ดี)
4882,2025-02-03,2568,2,ฤดูแล้ง,BNH06,ลำห้วย (Tributary),เหล่าปอแดง,7.59,28.9,247.0,4.85,3.37,21.4,0.648,2.18,1.133,5886,1848,64.9,B (ดี)
4883,2024-01-20,2567,1,ฤดูแล้ง,NHK06,หนองหาร (Lake),บ้านแป้น,7.12,25.0,249.0,4.69,2.0,7.9,0.118,0.863,0.336,3406,1277,75.6,B (ดี)
4884,2024-12-25,2567,12,ฤดูแล้ง,NHK03,หนองหาร (Lake),ฮางโฮง,6.94,25.5,251.0,7.03,2.09,4.0,0.166,1.41,0.166,6886,1673,84.8,A (ดีมาก)
4885,2024-12-28,2567,12,ฤดูแล้ง,NHK01,หนองหาร (Lake),เมืองสกลนคร,7.38,26.1,242.0,5.35,0.92,4.0,0.11,0.638,0.659,3771,2218,77.7,B (ดี)
4886,2024-10-12,2567,10,ฤดูฝน,NHK04,หนองหาร (Lake),เชียงเครือ,7.59,29.5,153.0,8.07,0.99,4.0,0.092,0.671,0.174,7206,3802,92.2,A (ดีมาก)
4887,2025-04-29,2568,4,ฤดูแล้ง,NHK04,หนองหาร (Lake),เชียงเครือ,7.07,28.9,203.0,7.41,1.12,4.0,0.201,0.795,0.324,1955,566,87.5,A (ดีมาก)
4888,2024-12-24,2567,12,ฤดูแล้ง,NHK09,หนองหาร (Lake),เหล่าปอแดง,7.39,23.6,228.0,7.68,1.9,7.6,0.113,0.746,0.278,1485,484,89.6,A (ดีมาก)
4889,2024-11-30,2567,11,ฤดูแล้ง,BNH01,ลำห้วย (Tributary),ธาตุนาเวง,6.35,25.9,485.0,4.18,7.11,24.5,1.547,3.482,2.174,38275,18463,47.3,C (พอใช้)
4890,2025-01-08,2568,1,ฤดูแล้ง,NHK09,หนองหาร (Lake),เหล่าปอแดง,7.2,27.3,192.0,5.49,1.73,14.7,0.234,0.673,0.262,3676,1046,79.5,B (ดี)
4891,2025-07-25,2568,7,ฤดูฝน,BNH08,ลำห้วย (Tributary),เมืองสกลนคร,6.81,29.8,403.0,3.71,5.43,30.2,1.661,3.464,2.429,19681,5409,43.3,C (พอใช้)
4892,2024-12-07,2567,12,ฤดูแล้ง,BNH04,ลำห้วย (Tributary),นาแก้ว,7.13,23.8,436.0,2.97,7.28,34.1,1.721,3.159,2.572,50887,13685,40.0,D (เสื่อมโทรม)
4893,2024-12-20,2567,12,ฤดูแล้ง,BNH02,ลำห้วย (Tributary),เชียงเครือ,7.78,25.8,308.0,5.06,4.57,25.9,1.373,2.295,1.164,10175,4083,61.2,B (ดี)
4894,2024-04-15,2567,4,ฤดูแล้ง,BNH02,ลำห้วย (Tributary),เชียงเครือ,7.36,28.1,273.0,4.97,4.53,13.0,0.743,2.019,1.376,24810,5653,64.2,B (ดี)
4895,2025-07-13,2568,7,ฤดูฝน,BNH05,ลำห้วย (Tributary),ม่วงลาย,7.16,28.7,318.0,6.27,3.74,19.5,0.501,2.223,1.69,8874,2718,69.2,B (ดี)
4896,2024-07-28,2567,7,ฤดูฝน,BNH05,ลำห้วย (Tributary),ม่วงลาย,7.11,33.3,279.0,4.12,4.43,17.6,0.489,2.333,1.352,10345,4687,61.0,B (ดี)
4897,2025-06-19,2568,6,ฤดูฝน,NHK02,หนองหาร (Lake),ธาตุนาเวง,6.6,30.3,259.0,7.52,3.94,15.7,1.007,2.352,1.339,10107,3996,73.1,B (ดี)
4898,2024-01-18,2567,1,ฤดูแล้ง,BNH01,ลำห้วย (Tributary),ธาตุนาเวง,6.97,26.3,399.0,3.58,7.35,50.6,1.891,3.287,2.368,15551,4568,42.3,C (พอใช้)
4899,2025-05-23,2568,5,ฤดูแล้ง,NHK08,หนองหาร (Lake),นาตงวัฒนา,7.03,29.6,177.0,6.64,1.06,4.1,0.221,0.851,0.488,4846,985,83.0,A (ดีมาก)
4900,2024-10-07,2567,10,ฤดูฝน,BNH07,ลำห้วย (Tributary),งิ้วด่อน,6.73,27.8,356.0,4.77,2.87,4.0,0.54,2.551,1.073,6752,3190,64.2,B (ดี)
4901,2025-09-30,2568,9,ฤดูฝน,BNH04,ลำห้วย (Tributary),นาแก้ว,7.02,30.2,439.0,3.3,6.04,23.6,1.323,4.303,2.308,61367,25571,41.2,C (พอใช้)
4902,2025-04-20,2568,4,ฤดูแล้ง,NHK03,หนองหาร (Lake),ฮางโฮง,6.99,27.8,239.0,6.57,1.57,18.0,0.18,1.511,0.214,786,466,82.1,A (ดีมาก)
4903,2024-10-11,2567,10,ฤดูฝน,BNH03,ลำห้วย (Tributary),ท่าแร่,7.51,31.0,386.0,4.35,7.18,36.5,1.371,3.162,2.153,22717,11396,50.2,C (พอใช้)
4904,2024-06-23,2567,6,ฤดูฝน,NHK07,หนองหาร (Lake),บ้านแป้น,7.4,32.0,200.0,8.14,1.57,6.7,0.01,0.614,0.227,4717,1464,93.0,A (ดีมาก)
4905,2024-08-11,2567,8,ฤดูฝน,BNH05,ลำห้วย (Tributary),ม่วงลาย,6.93,28.5,362.0,5.95,3.01,10.8,0.533,2.11,1.398,15268,7216,69.4,B (ดี)
4906,2025-11-15,2568,11,ฤดูแล้ง,NHK10,หนองหาร (Lake),งิ้วด่อน,7.21,26.8,300.0,6.45,1.48,6.9,0.123,0.606,0.281,7142,3473,84.6,A (ดีมาก)
4907,2025-01-16,2568,1,ฤดูแล้ง,BNH05,ลำห้วย (Tributary),ม่วงลาย,7.07,24.8,266.0,4.77,4.5,21.6,0.666,1.992,1.093,7327,3733,65.3,B (ดี)
4908,2025-03-14,2568,3,ฤดูแล้ง,BNH01,ลำห้วย (Tributary),ธาตุนาเวง,7.03,23.6,361.0,2.87,6.79,31.9,2.011,3.632,2.845,105108,40668,34.9,D (เสื่อมโทรม)
4909,2024-11-29,2567,11,ฤดูแล้ง,NHK03,หนองหาร (Lake),ฮางโฮง,7.12,26.0,208.0,8.14,1.12,6.1,0.266,1.781,0.166,2022,902,87.9,A (ดีมาก)
4910,2024-06-10,2567,6,ฤดูฝน,BNH02,ลำห้วย (Tributary),เชียงเครือ,7.12,32.7,380.0,5.18,3.67,18.8,0.571,2.053,1.204,6928,2098,66.9,B (ดี)
4911,2024-01-07,2567,1,ฤดูแล้ง,BNH02,ลำห้วย (Tributary),เชียงเครือ,7.08,25.7,306.0,5.18,4.62,19.7,0.693,2.145,1.052,18536,7987,66.6,B (ดี)
4912,2025-05-07,2568,5,ฤดูแล้ง,BNH03,ลำห้วย (Tributary),ท่าแร่,7.13,27.7,387.0,2.9,5.96,35.9,1.624,3.852,2.152,37181,20639,40.0,C (พอใช้)
4913,2024-06-30,2567,6,ฤดูฝน,NHK05,หนองหาร (Lake),ท่าแร่,7.44,32.0,240.0,7.16,0.3,4.0,0.079,0.69,0.318,919,404,87.5,A (ดีมาก)
4914,2025-03-01,2568,3,ฤดูแล้ง,NHK03,หนองหาร (Lake),ฮางโฮง,7.35,27.2,208.0,6.91,0.3,12.5,0.168,1.914,0.278,2127,514,82.0,A (ดีมาก)
4915,2024-07-26,2567,7,ฤดูฝน,BNH03,ลำห้วย (Tributary),ท่าแร่,7.23,30.6,403.0,4.5,5.21,28.2,1.526,3.695,2.185,9376,2742,48.0,C (พอใช้)
4916,2024-09-13,2567,9,ฤดูฝน,BNH02,ลำห้วย (Tributary),เชียงเครือ,7.85,29.9,359.0,6.03,2.81,17.4,0.403,2.112,1.27,5937,1974,71.1,B (ดี)
4917,2025-06-01,2568,6,ฤดูฝน,NHK02,หนองหาร (Lake),ธาตุนาเวง,6.44,29.2,261.0,4.33,4.49,25.2,0.861,2.056,1.266,8122,3792,61.1,B (ดี)
4918,2025-02-09,2568,2,ฤดูแล้ง,BNH08,ลำห้วย (Tributary),เมืองสกลนคร,7.31,26.8,356.0,3.8,6.66,30.8,1.993,3.309,2.184,38317,15084,43.6,C (พอใช้)
4919,2024-02-05,2567,2,ฤดูแล้ง,NHK10,หนองหาร (Lake),งิ้วด่อน,6.92,26.5,236.0,8.26,0.86,7.8,0.474,0.634,0.78,12246,7062,88.0,A (ดีมาก)
4920,2025-04-18,2568,4,ฤดูแล้ง,BNH04,ลำห้วย (Tributary),นาแก้ว,7.36,28.8,374.0,2.5,7.68,44.0,1.813,3.725,2.273,113109,46728,37.0,D (เสื่อมโทรม)
4921,2024-08-04,2567,8,ฤดูฝน,NHK06,หนองหาร (Lake),บ้านแป้น,7.29,33.2,217.0,6.86,1.27,4.0,0.565,0.78,0.236,5676,2674,83.5,A (ดีมาก)
4922,2025-06-23,2568,6,ฤดูฝน,NHK07,หนองหาร (Lake),บ้านแป้น,7.09,29.9,281.0,7.49,0.62,9.8,0.01,1.078,0.256,5398,2188,88.4,A (ดีมาก)
4923,2024-01-10,2567,1,ฤดูแล้ง,BNH02,ลำห้วย (Tributary),เชียงเครือ,6.99,24.1,300.0,6.68,2.71,11.9,0.686,2.428,1.23,37594,13438,71.5,B (ดี)
4924,2024-09-10,2567,9,ฤดูฝน,BNH03,ลำห้วย (Tributary),ท่าแร่,7.13,29.1,404.0,4.95,6.09,25.0,1.533,3.637,2.28,277687,122855,49.7,C (พอใช้)
4925,2025-08-25,2568,8,ฤดูฝน,BNH03,ลำห้วย (Tributary),ท่าแร่,6.66,30.7,386.0,3.86,6.02,28.0,1.495,3.137,2.23,14305,7807,47.0,C (พอใช้)
4926,2024-06-09,2567,6,ฤดูฝน,BNH04,ลำห้วย (Tributary),นาแก้ว,6.97,30.8,363.0,3.78,5.59,15.0,1.337,3.17,2.216,21480,7845,47.5,C (พอใช้)
4927,2024-08-18,2567,8,ฤดูฝน,NHK02,หนองหาร (Lake),ธาตุนาเวง,7.08,30.5,315.0,4.8,3.48,5.0,0.858,1.835,1.333,19140,8679,63.6,B (ดี)
4928,2025-04-10,2568,4,ฤดูแล้ง,NHK06,หนองหาร (Lake),บ้านแป้น,6.8,28.0,290.0,7.08,1.64,17.0,0.103,1.127,0.252,6385,2546,85.9,A (ดีมาก)
4929,2025-03-01,2568,3,ฤดูแล้ง,BNH04,ลำห้วย (Tributary),นาแก้ว,7.07,25.9,384.0,3.27,6.31,26.7,1.556,3.311,2.638,151493,52917,41.4,C (พอใช้)
4930,2024-10-12,2567,10,ฤดูฝน,BNH07,ลำห้วย (Tributary),งิ้วด่อน,6.76,29.1,291.0,5.05,2.81,10.8,0.759,2.507,1.224,4503,1638,63.6,B (ดี)
4931,2025-02-12,2568,2,ฤดูแล้ง,NHK07,หนองหาร (Lake),บ้านแป้น,7.18,26.0,207.0,6.64,1.15,20.0,0.14,0.774,0.623,9278,2163,83.0,A (ดีมาก)
4932,2025-06-05,2568,6,ฤดูฝน,BNH05,ลำห้วย (Tributary),ม่วงลาย,7.06,29.3,352.0,6.24,3.9,16.3,0.487,2.703,1.873,16926,9382,66.6,B (ดี)
4933,2024-01-10,2567,1,ฤดูแล้ง,NHK04,หนองหาร (Lake),เชียงเครือ,7.39,26.1,200.0,6.25,1.78,15.3,0.448,0.779,0.166,1482,799,81.8,A (ดีมาก)
4934,2025-07-29,2568,7,ฤดูฝน,NHK08,หนองหาร (Lake),นาตงวัฒนา,7.25,33.2,301.0,7.14,0.67,13.4,0.01,0.765,0.924,4859,1184,84.5,A (ดีมาก)
4935,2024-11-29,2567,11,ฤดูแล้ง,BNH07,ลำห้วย (Tributary),งิ้วด่อน,7.31,27.8,291.0,5.11,3.73,25.0,1.141,2.058,1.37,25036,13511,62.5,B (ดี)
4936,2024-04-11,2567,4,ฤดูแล้ง,NHK10,หนองหาร (Lake),งิ้วด่อน,7.03,27.0,159.0,7.08,2.72,14.2,0.276,0.707,0.269,6029,3355,86.2,A (ดีมาก)
4937,2025-03-09,2568,3,ฤดูแล้ง,NHK04,หนองหาร (Lake),เชียงเครือ,7.36,26.0,235.0,7.01,2.45,11.2,0.134,0.94,0.503,3863,838,84.7,A (ดีมาก)
4938,2025-10-03,2568,10,ฤดูฝน,NHK10,หนองหาร (Lake),งิ้วด่อน,6.73,27.6,188.0,7.65,1.09,5.6,0.054,0.655,1.017,1477,554,86.4,A (ดีมาก)
4939,2024-10-26,2567,10,ฤดูฝน,BNH07,ลำห้วย (Tributary),งิ้วด่อน,7.65,27.5,313.0,7.84,3.53,17.8,0.406,1.928,1.084,5120,2204,80.7,A (ดีมาก)
4940,2024-06-04,2567,6,ฤดูฝน,NHK02,หนองหาร (Lake),ธาตุนาเวง,6.53,29.6,237.0,5.88,4.37,20.9,0.926,1.974,1.296,9505,4059,67.8,B (ดี)
4941,2024-01-04,2567,1,ฤดูแล้ง,NHK01,หนองหาร (Lake),เมืองสกลนคร,7.38,24.6,300.0,6.75,2.21,14.3,0.406,0.772,0.394,3215,1354,83.1,A (ดีมาก)
4942,2024-04-28,2567,4,ฤดูแล้ง,NHK04,หนองหาร (Lake),เชียงเครือ,7.5,28.7,249.0,7.27,1.37,4.0,0.366,0.892,0.29,6738,2704,85.8,A (ดีมาก)
4943,2024-06-03,2567,6,ฤดูฝน,BNH08,ลำห้วย (Tributary),เมืองสกลนคร,7.11,31.9,355.0,4.64,6.12,28.7,1.334,3.358,2.323,29893,9082,50.2,C (พอใช้)
4944,2024-10-15,2567,10,ฤดูฝน,BNH01,ลำห้วย (Tributary),ธาตุนาเวง,6.65,28.4,413.0,3.44,6.65,35.0,1.323,3.19,2.44,73975,34825,44.9,C (พอใช้)
4945,2024-07-07,2567,7,ฤดูฝน,BNH04,ลำห้วย (Tributary),นาแก้ว,7.61,32.1,415.0,2.63,6.48,26.7,1.414,3.33,2.172,31066,16037,41.7,C (พอใช้)
4946,2024-09-08,2567,9,ฤดูฝน,NHK05,หนองหาร (Lake),ท่าแร่,7.22,28.7,134.0,7.64,0.3,7.0,0.01,1.237,0.373,3864,1962,87.9,A (ดีมาก)
4947,2025-10-25,2568,10,ฤดูฝน,BNH03,ลำห้วย (Tributary),ท่าแร่,7.29,27.9,393.0,3.3,6.03,20.6,1.407,3.204,3.015,33212,12036,40.9,C (พอใช้)
4948,2025-07-20,2568,7,ฤดูฝน,BNH08,ลำห้วย (Tributary),เมืองสกลนคร,6.81,31.5,318.0,3.36,3.89,13.3,1.332,3.701,2.15,75131,30230,44.2,C (พอใช้)
4949,2024-11-07,2567,11,ฤดูแล้ง,NHK04,หนองหาร (Lake),เชียงเครือ,7.05,25.7,213.0,5.71,1.71,4.0,0.307,1.093,0.191,2390,683,79.0,B (ดี)
4950,2025-01-03,2568,1,ฤดูแล้ง,NHK01,หนองหาร (Lake),เมืองสกลนคร,7.63,25.4,172.0,6.61,2.3,19.1,0.129,0.935,0.201,10376,3890,84.5,A (ดีมาก)
4951,2025-05-07,2568,5,ฤดูแล้ง,NHK04,หนองหาร (Lake),เชียงเครือ,7.48,27.6,265.0,6.47,1.05,4.2,0.11,0.849,0.289,1914,1023,83.8,A (ดีมาก)
4952,2024-03-02,2567,3,ฤดูแล้ง,NHK03,หนองหาร (Lake),ฮางโฮง,7.05,24.5,248.0,7.56,2.12,4.0,0.17,0.776,0.166,4028,2006,89.2,A (ดีมาก)
4953,2025-03-06,2568,3,ฤดูแล้ง,BNH01,ลำห้วย (Tributary),ธาตุนาเวง,7.06,25.8,314.0,4.65,7.97,39.6,1.544,3.124,2.181,62718,35086,50.5,C (พอใช้)
4954,2025-02-22,2568,2,ฤดูแล้ง,BNH04,ลำห้วย (Tributary),นาแก้ว,7.02,26.5,430.0,2.69,7.48,41.7,1.6,3.269,2.512,18031,10114,39.4,D (เสื่อมโทรม)
4955,2024-01-19,2567,1,ฤดูแล้ง,NHK04,หนองหาร (Lake),เชียงเครือ,7.45,26.5,193.0,7.04,1.6,6.2,0.219,0.854,1.267,1949,673,80.8,A (ดีมาก)
4956,2024-05-03,2567,5,ฤดูแล้ง,BNH03,ลำห้วย (Tributary),ท่าแร่,7.07,29.9,373.0,3.31,6.78,36.5,1.78,3.373,2.22,129569,41298,42.2,C (พอใช้)
4957,2024-02-08,2567,2,ฤดูแล้ง,NHK07,หนองหาร (Lake),บ้านแป้น,6.94,25.8,132.0,7.93,2.64,4.0,0.102,0.869,0.176,5207,1769,90.9,A (ดีมาก)
4958,2025-09-22,2568,9,ฤดูฝน,NHK05,หนองหาร (Lake),ท่าแร่,6.58,29.0,221.0,7.67,0.74,4.0,0.01,0.61,0.272,1893,899,90.7,A (ดีมาก)
4959,2024-10-18,2567,10,ฤดูฝน,BNH07,ลำห้วย (Tributary),งิ้วด่อน,7.79,27.5,331.0,5.18,4.31,19.5,0.578,2.124,1.504,18036,8945,65.1,B (ดี)
4960,2025-10-25,2568,10,ฤดูฝน,NHK02,หนองหาร (Lake),ธาตุนาเวง,6.88,25.0,242.0,4.58,2.94,6.9,1.017,2.554,1.72,6405,2950,57.4,C (พอใช้)
4961,2025-10-05,2568,10,ฤดูฝน,BNH07,ลำห้วย (Tributary),งิ้วด่อน,7.57,29.2,297.0,6.25,3.17,10.3,0.654,3.42,1.195,7816,1660,66.7,B (ดี)
4962,2024-07-06,2567,7,ฤดูฝน,BNH01,ลำห้วย (Tributary),ธาตุนาเวง,7.24,30.0,362.0,3.14,6.87,32.9,1.484,3.328,2.486,44530,12260,42.0,C (พอใช้)
4963,2025-03-09,2568,3,ฤดูแล้ง,NHK03,หนองหาร (Lake),ฮางโฮง,7.52,26.7,238.0,7.58,1.18,4.2,0.112,1.174,0.247,13479,7577,87.9,A (ดีมาก)
4964,2024-10-23,2567,10,ฤดูฝน,NHK01,หนองหาร (Lake),เมืองสกลนคร,7.24,25.9,213.0,7.31,0.49,4.0,0.101,0.672,0.699,2387,539,86.2,A (ดีมาก)
4965,2025-11-24,2568,11,ฤดูแล้ง,NHK01,หนองหาร (Lake),เมืองสกลนคร,7.39,28.4,245.0,5.58,1.69,4.0,0.125,1.755,1.135,10228,3476,72.6,B (ดี)
4966,2024-02-27,2567,2,ฤดูแล้ง,BNH01,ลำห้วย (Tributary),ธาตุนาเวง,7.4,26.1,407.0,3.34,7.44,28.6,1.536,3.874,2.619,16146,8794,40.1,C (พอใช้)
4967,2024-02-07,2567,2,ฤดูแล้ง,BNH08,ลำห้วย (Tributary),เมืองสกลนคร,7.38,23.4,348.0,3.61,6.68,21.9,1.711,3.305,2.214,17247,8898,44.2,C (พอใช้)
4968,2025-12-26,2568,12,ฤดูแล้ง,BNH07,ลำห้วย (Tributary),งิ้วด่อน,7.77,26.1,279.0,4.7,2.95,4.2,0.726,2.886,1.196,22002,5348,61.1,B (ดี)
4969,2025-07-10,2568,7,ฤดูฝน,NHK04,หนองหาร (Lake),เชียงเครือ,6.78,32.5,239.0,8.63,0.3,4.0,0.172,1.181,0.386,4329,1680,91.5,A (ดีมาก)
4970,2024-04-19,2567,4,ฤดูแล้ง,BNH06,ลำห้วย (Tributary),เหล่าปอแดง,6.93,29.9,369.0,5.35,2.42,14.4,0.787,2.224,1.306,5037,2039,65.4,B (ดี)
4971,2024-10-09,2567,10,ฤดูฝน,BNH02,ลำห้วย (Tributary),เชียงเครือ,6.89,27.8,323.0,7.5,3.67,17.2,0.492,1.936,1.064,23760,6652,78.8,B (ดี)
4972,2024-01-07,2567,1,ฤดูแล้ง,BNH03,ลำห้วย (Tributary),ท่าแร่,7.17,24.6,309.0,2.51,7.57,41.4,1.662,3.174,2.334,76500,31903,39.4,D (เสื่อมโทรม)
4973,2024-12-21,2567,12,ฤดูแล้ง,BNH08,ลำห้วย (Tributary),เมืองสกลนคร,7.66,25.5,382.0,2.27,7.19,35.6,1.504,3.599,3.263,31753,17211,33.2,D (เสื่อมโทรม)
4974,2024-03-04,2567,3,ฤดูแล้ง,BNH02,ลำห้วย (Tributary),เชียงเครือ,6.76,28.7,294.0,5.18,3.49,8.9,0.943,2.579,1.095,24451,6282,63.6,B (ดี)
4975,2025-03-08,2568,3,ฤดูแล้ง,BNH06,ลำห้วย (Tributary),เหล่าปอแดง,7.6,26.6,335.0,5.16,4.24,21.7,0.654,1.919,1.319,14045,7960,66.2,B (ดี)
4976,2024-04-14,2567,4,ฤดูแล้ง,BNH05,ลำห้วย (Tributary),ม่วงลาย,7.33,30.1,288.0,5.2,3.29,9.7,0.622,1.935,1.545,12763,3264,65.4,B (ดี)
4977,2025-02-12,2568,2,ฤดูแล้ง,BNH08,ลำห้วย (Tributary),เมืองสกลนคร,6.9,25.4,406.0,3.5,6.71,27.5,1.7,3.167,2.354,58037,26778,43.5,C (พอใช้)
4978,2025-05-09,2568,5,ฤดูแล้ง,NHK06,หนองหาร (Lake),บ้านแป้น,7.18,29.9,187.0,6.01,0.42,4.0,0.253,1.563,0.257,5765,1548,78.8,B (ดี)
4979,2025-08-02,2568,8,ฤดูฝน,NHK03,หนองหาร (Lake),ฮางโฮง,7.03,31.8,241.0,6.66,0.3,4.0,0.01,1.209,0.248,8661,2278,84.3,A (ดีมาก)
4980,2025-09-06,2568,9,ฤดูฝน,BNH03,ลำห้วย (Tributary),ท่าแร่,7.08,30.1,440.0,2.92,5.7,30.0,1.415,3.417,2.397,106959,29800,41.5,C (พอใช้)
4981,2024-02-17,2567,2,ฤดูแล้ง,BNH03,ลำห้วย (Tributary),ท่าแร่,6.9,26.2,389.0,2.83,6.81,38.4,1.664,3.104,2.268,18498,10410,41.4,C (พอใช้)
4982,2024-08-06,2567,8,ฤดูฝน,BNH04,ลำห้วย (Tributary),นาแก้ว,6.62,32.4,321.0,2.99,5.82,28.6,1.331,3.634,2.393,22276,6429,41.6,C (พอใช้)
4983,2024-11-26,2567,11,ฤดูแล้ง,NHK01,หนองหาร (Lake),เมืองสกลนคร,7.22,24.6,216.0,6.55,0.33,4.0,0.14,1.009,0.731,3984,969,81.3,A (ดีมาก)
4984,2025-08-09,2568,8,ฤดูฝน,BNH06,ลำห้วย (Tributary),เหล่าปอแดง,7.13,30.3,294.0,6.78,2.94,14.3,0.826,1.941,1.215,13626,5211,72.9,B (ดี)
4985,2025-05-09,2568,5,ฤดูแล้ง,BNH02,ลำห้วย (Tributary),เชียงเครือ,6.62,29.7,295.0,4.33,3.8,4.0,0.686,2.52,1.235,12597,2628,60.7,B (ดี)
4986,2024-12-06,2567,12,ฤดูแล้ง,NHK10,หนองหาร (Lake),งิ้วด่อน,7.01,25.1,242.0,6.36,1.47,4.0,0.104,0.722,0.367,2305,754,83.4,A (ดีมาก)
4987,2024-11-14,2567,11,ฤดูแล้ง,NHK08,หนองหาร (Lake),นาตงวัฒนา,7.71,27.1,279.0,8.18,2.79,13.9,0.284,0.722,0.887,4448,2215,87.9,A (ดีมาก)
4988,2025-12-14,2568,12,ฤดูแล้ง,NHK06,หนองหาร (Lake),บ้านแป้น,7.54,25.7,203.0,7.09,2.11,9.8,0.228,0.745,0.454,2507,520,85.4,A (ดีมาก)
4989,2025-09-28,2568,9,ฤดูฝน,NHK10,หนองหาร (Lake),งิ้วด่อน,7.33,28.9,247.0,6.82,0.53,4.0,0.294,1.146,0.785,2893,1017,80.9,A (ดีมาก)
4990,2025-06-22,2568,6,ฤดูฝน,NHK05,หนองหาร (Lake),ท่าแร่,7.2,31.3,247.0,8.02,2.58,20.1,0.039,0.734,0.379,2986,1532,91.1,A (ดีมาก)
4991,2024-05-22,2567,5,ฤดูแล้ง,BNH01,ลำห้วย (Tributary),ธาตุนาเวง,7.67,25.8,384.0,3.56,7.21,40.9,1.541,3.631,2.657,19790,8826,41.6,C (พอใช้)
4992,2024-07-14,2567,7,ฤดูฝน,NHK09,หนองหาร (Lake),เหล่าปอแดง,7.0,29.0,226.0,7.89,0.52,4.0,0.01,0.602,1.056,9737,1984,87.7,A (ดีมาก)
4993,2025-10-05,2568,10,ฤดูฝน,BNH07,ลำห้วย (Tributary),งิ้วด่อน,6.69,23.7,358.0,5.15,2.84,13.3,0.717,1.991,1.064,18630,6531,66.8,B (ดี)
4994,2025-09-19,2568,9,ฤดูฝน,NHK07,หนองหาร (Lake),บ้านแป้น,6.79,31.4,266.0,6.6,0.3,4.0,0.01,2.293,0.353,3832,2148,79.9,B (ดี)
4995,2024-09-01,2567,9,ฤดูฝน,NHK08,หนองหาร (Lake),นาตงวัฒนา,7.75,31.8,241.0,7.75,0.48,4.0,0.01,1.588,0.481,3056,1360,86.7,A (ดีมาก)
4996,2024-10-22,2567,10,ฤดูฝน,BNH01,ลำห้วย (Tributary),ธาตุนาเวง,6.98,26.7,400.0,2.68,6.25,21.1,1.488,3.618,2.392,40558,14874,39.4,D (เสื่อมโทรม)
4997,2025-03-18,2568,3,ฤดูแล้ง,NHK09,หนองหาร (Lake),เหล่าปอแดง,7.48,26.8,246.0,5.6,0.3,4.0,0.234,0.966,0.219,7755,2411,79.2,B (ดี)
4998,2025-08-28,2568,8,ฤดูฝน,NHK08,หนองหาร (Lake),นาตงวัฒนา,6.94,30.3,246.0,7.37,0.57,4.0,0.028,1.185,0.237,4561,943,87.5,A (ดีมาก)
4999,2024-05-20,2567,5,ฤดูแล้ง,NHK09,หนองหาร (Lake),เหล่าปอแดง,7.16,30.3,218.0,5.52,2.35,9.8,0.109,0.723,0.212,1238,417,80.5,A (ดีมาก)
5000,2024-05-24,2567,5,ฤดูแล้ง,BNH07,ลำห้วย (Tributary),งิ้วด่อน,6.79,29.8,241.0,6.09,4.53,32.6,0.606,2.165,1.091,1888,750,70.9,B (ดี)
